-1.633100 2.668700 195.427400 81 19 37
-1.632400 2.664000 195.439100 50 17 35
-1.630600 2.662200 195.375300 18 22 27
-1.630600 2.667100 195.370800 42 33 23
-1.630500 2.665900 195.370800 24 25 11
-1.630400 2.662300 195.376500 25 14 30
-1.630400 2.664800 195.371900 11 17 3
-1.630200 2.693400 195.368700 48 20 43
-1.630100 2.662400 195.374200 30 27 33
-1.630000 2.672000 195.370000 37 23 33
-1.629900 2.663600 195.372000 27 20 22
-1.629900 2.675600 195.370200 30 12 13
-1.629900 2.687300 195.369600 32 46 45
-1.629800 2.662500 195.373100 15 20 14
-1.629800 2.664900 195.370800 11 22 16
-1.629700 2.673300 195.370100 22 18 28
-1.629700 2.674500 195.370200 31 25 23
-1.629700 2.676900 195.370300 17 18 0
-1.629500 2.671100 195.370000 35 19 25
-1.629500 2.688600 195.369800 62 21 42
-1.629400 2.662600 195.372000 9 26 5
-1.629400 2.685000 195.369600 52 25 24
-1.629300 2.686300 195.369700 49 30 24
-1.629200 2.670000 195.370000 33 12 24
-1.629100 2.683900 195.369600 37 19 22
-1.629000 2.663900 195.370900 22 15 19
-1.628900 2.660100 195.471000 43 40 24
-1.628900 2.692500 195.368900 46 44 52
-1.628800 2.661600 195.374400 29 21 37
-1.628500 2.660200 195.466400 24 41 30
-1.628500 2.668900 195.370100 23 12 25
-1.628400 2.682000 195.369600 42 25 37
-1.628400 2.691400 195.368900 73 42 49
-1.628000 2.659300 195.407600 34 30 27
-1.628000 2.667900 195.370100 35 22 33
-1.627900 2.659200 195.440700 60 41 38
-1.627900 2.659200 195.441800 46 30 35
-1.627900 2.659300 195.408800 48 40 25
-1.627900 2.679800 195.369600 46 28 27
-1.627800 2.683200 195.369800 35 17 31
-1.627700 2.659300 195.435900 64 31 40
-1.627700 2.659300 195.448900 48 41 48
-1.627700 2.659300 195.450100 51 43 51
-1.627700 2.663100 195.371100 25 24 15
-1.627700 2.666800 195.370100 54 29 27
-1.627600 2.659300 195.432400 50 38 45
-1.627600 2.659300 195.438300 43 45 33
-1.627600 2.659300 195.439500 57 29 42
-1.627600 2.659300 195.451200 56 41 49
-1.627600 2.659400 195.413600 26 18 15
-1.627600 2.659400 195.421800 53 30 46
-1.627500 2.659300 195.437200 59 35 49
-1.627500 2.659300 195.443000 43 34 35
-1.627500 2.659300 195.454800 42 35 44
-1.627500 2.659300 195.455900 53 37 34
-1.627500 2.659300 195.458300 59 49 60
-1.627500 2.659300 195.459500 59 43 48
-1.627500 2.659400 195.425400 56 50 49
-1.627500 2.659400 195.434800 51 44 53
-1.627400 2.659400 195.406500 38 34 33
-1.627400 2.659400 195.423000 71 27 23
-1.627400 2.659400 195.426600 52 33 36
-1.627400 2.690500 195.369100 83 48 59
-1.627300 2.659400 195.431300 35 36 39
-1.627300 2.659400 195.433700 48 40 52
-1.627300 2.659400 195.444200 41 40 17
-1.627300 2.659400 195.452500 72 48 63
-1.627300 2.659400 195.472400 94 49 57
-1.627200 2.659400 195.446600 52 43 41
-1.627200 2.659400 195.447800 77 37 57
-1.627200 2.659500 195.418400 45 40 41
-1.627200 2.659500 195.424300 43 26 21
-1.627100 2.659400 195.464200 67 42 66
-1.627100 2.688100 195.368900 44 41 31
-1.627000 2.659500 195.419600 54 36 64
-1.627000 2.659500 195.460700 62 37 37
-1.626900 2.659500 195.473600 53 47 46
-1.626900 2.660900 195.375900 24 17 22
-1.626900 2.681300 195.369900 46 27 23
-1.626800 2.659500 195.461900 42 44 27
-1.626800 2.659500 195.466500 42 62 54
-1.626800 2.659600 195.404300 60 18 43
-1.626800 2.659600 195.411300 35 32 37
-1.626800 2.659600 195.465400 46 37 40
-1.626800 2.676600 195.369600 58 51 37
-1.626800 2.678900 195.369700 47 30 27
-1.626800 2.689400 195.369100 73 34 60
-1.626400 2.661000 195.374800 47 11 38
-1.626400 2.666000 195.370300 31 16 19
-1.626200 2.678000 195.369800 46 34 37
-1.625800 2.674500 195.369700 47 29 38
-1.625300 2.675800 195.369800 30 34 28
-1.625200 2.662700 195.371500 35 32 19
-1.624900 2.665200 195.370500 44 37 43
-1.624900 2.687600 195.369300 43 51 24
-1.624800 2.659000 195.388000 20 17 30
-1.624700 2.659000 195.395100 36 40 41
-1.624700 2.659000 195.396300 32 26 32
-1.624700 2.659000 195.403400 46 32 47
-1.624600 2.659000 195.405700 44 26 15
-1.624600 2.661600 195.372700 24 12 27
-1.624500 2.659000 195.407000 51 38 37
-1.624400 2.659000 195.427000 56 43 29
-1.624400 2.659100 195.414000 51 37 44
-1.624400 2.659100 195.415200 36 40 24
-1.624300 2.659100 195.409300 37 31 29
-1.624200 2.659100 195.408200 60 15 44
-1.624200 2.659100 195.412900 40 30 35
-1.623600 2.659300 195.423500 62 34 49
-1.623500 2.659300 195.421200 55 48 56
-1.623500 2.659300 195.422400 47 45 40
-1.623400 2.659300 195.438800 45 43 27
-1.623100 2.664600 195.370800 34 31 36
-1.622500 2.662300 195.371900 44 28 20
-1.621600 2.658800 195.394400 15 28 17
-1.621500 2.661400 195.372000 43 23 14
-1.621000 2.664000 195.371100 49 21 18
-1.620800 2.670100 195.370300 63 49 45
-1.620300 2.669100 195.370300 65 43 28
-1.620200 2.658000 195.383900 57 29 32
-1.619500 2.658200 195.385200 42 24 19
-1.619500 2.658200 195.387600 43 28 53
-1.619300 2.658300 195.386500 36 20 27
-1.619300 2.663300 195.371400 44 43 29
-1.619100 2.658300 195.388900 36 23 25
-1.619100 2.658300 195.390000 45 38 33
-1.619100 2.668300 195.370500 67 53 25
-1.618800 2.662200 195.371400 28 45 34
-1.618400 2.680300 195.370000 74 61 42
-1.617900 2.667400 195.370700 57 46 39
-1.617300 2.659000 195.375000 32 34 12
-1.616900 2.666500 195.370800 43 42 32
-1.616200 2.658000 195.377500 51 22 20
-1.616000 2.658100 195.379900 57 23 28
-1.615900 2.658100 195.378700 56 17 25
-1.615900 2.658200 195.376400 33 31 15
-1.615700 2.675400 195.370200 76 38 6
-1.615600 2.658200 195.381100 42 29 25
-1.614900 2.658500 195.382500 26 21 29
-1.614600 2.674500 195.370400 78 55 23
-1.614500 2.673300 195.370300 72 57 50
-1.614400 2.671000 195.370200 73 50 48
-1.614300 2.659900 195.374300 48 34 27
-1.613900 2.658800 195.375500 24 42 9
-1.613600 2.672400 195.370500 64 50 56
-1.613300 2.670200 195.370400 52 47 5
-1.612400 2.687900 195.370300 86 51 47
-1.612300 2.663000 195.370100 36 45 37
-1.612200 2.661800 195.371300 19 22 6
-1.611600 2.683600 195.370200 102 50 33
-1.611200 2.660900 195.373800 65 29 9
-1.611000 2.659700 195.374900 31 25 18
-1.611000 2.682600 195.370300 71 42 39
-1.610800 2.685000 195.370400 86 62 53
-1.610400 2.675800 195.370000 77 48 31
-1.610400 2.686300 195.370600 74 52 41
-1.610300 2.680500 195.370300 50 58 47
-1.610200 2.677100 195.370100 88 50 28
-1.610200 2.679300 195.370200 60 57 40
-1.609700 2.678300 195.370300 78 46 21
-1.609500 2.663900 195.369500 27 25 16
-1.609500 2.681900 195.370500 63 63 63
-1.609200 2.659100 195.379900 36 27 23
-1.609000 2.659100 195.381100 43 34 25
-1.608900 2.659200 195.378800 58 16 20
-1.608800 2.660400 195.374200 61 33 31
-1.608200 2.659400 195.377700 64 30 32
-1.607500 2.659600 195.376700 21 34 14
-1.607400 2.692800 195.370300 113 63 53
-1.607200 2.663400 195.369900 29 28 30
-1.607200 2.689500 195.370100 91 57 49
-1.607000 2.661000 195.373300 55 32 23
-1.607000 2.690600 195.370200 75 65 48
-1.606800 2.691900 195.370300 91 62 68
-1.606700 2.659900 195.375600 18 43 25
-1.606700 2.688600 195.370100 86 53 55
-1.605800 2.661400 195.372300 43 25 3
-1.605300 2.661600 195.371300 44 36 11
-1.605200 2.660300 195.374800 27 38 16
-1.604000 2.662000 195.370300 25 26 27
-1.603400 2.663400 195.369400 29 34 33
-1.603000 2.676900 195.367800 65 44 33
-1.602100 2.678400 195.368100 47 38 29
-1.602000 2.662700 195.369600 44 29 34
-1.602000 2.679600 195.368100 49 37 35
-1.601700 2.674900 195.367900 71 34 32
-1.601600 2.661500 195.373100 42 29 11
-1.601300 2.682100 195.368400 54 36 35
-1.601100 2.683300 195.368500 92 44 53
-1.601000 2.661700 195.372000 57 32 18
-1.600700 2.660500 195.379000 61 30 44
-1.600600 2.661900 195.370900 45 31 33
-1.599200 2.662300 195.370000 50 25 35
-1.598700 2.689900 195.368100 103 50 65
-1.597500 2.664100 195.369200 94 50 45
-1.596900 2.681200 195.368000 59 46 25
-1.596400 2.682400 195.368100 51 54 17
-1.596300 2.663200 195.369400 69 48 39
-1.596100 2.669500 195.368600 54 29 21
-1.595900 2.678000 195.368000 57 45 6
-1.595000 2.667300 195.368700 82 37 39
-1.594700 2.676000 195.368100 36 37 23
-1.594400 2.662600 195.370800 62 42 37
-1.593800 2.675000 195.368100 63 60 32
-1.593500 2.674000 195.368100 71 54 33
-1.593200 2.663000 195.369900 45 41 24
-1.593100 2.666700 195.369000 73 42 36
-1.592100 2.673200 195.368300 65 41 35
-1.591900 2.665900 195.369100 44 47 14
-1.591800 2.686200 195.368000 82 31 40
-1.591700 2.662400 195.371300 49 33 37
-1.591600 2.664800 195.369100 50 51 39
-1.591600 2.685100 195.367900 68 40 30
-1.591300 2.682900 195.367800 61 50 57
-1.590900 2.681900 195.367900 71 56 36
-1.590700 2.684200 195.368000 54 52 28
-1.590600 2.662700 195.370300 60 36 31
-1.590500 2.687700 195.368300 78 35 41
-1.590200 2.663900 195.369300 44 36 17
-1.589400 2.681100 195.368100 103 71 83
-1.589200 2.670400 195.368700 65 49 53
-1.588300 2.663400 195.369600 76 43 38
-1.587700 2.668500 195.368900 60 52 28
-1.587400 2.675900 195.368100 68 34 38
-1.586800 2.667500 195.369000 68 48 40
-1.585800 2.663000 195.371200 33 33 24
-1.585600 2.687000 195.368000 64 50 37
-1.585500 2.666700 195.369100 58 44 42
-1.585100 2.665600 195.369200 45 30 19
-1.585000 2.685900 195.368000 53 55 41
-1.584900 2.663300 195.370200 46 31 23
-1.584700 2.664600 195.369200 81 46 47
-1.584600 2.690700 195.368300 75 37 32
-1.584400 2.685100 195.368000 63 53 58
-1.582500 2.662900 195.371800 59 33 36
-1.582200 2.664200 195.369600 73 31 30
-1.582100 2.663000 195.370700 67 32 50
-1.581100 2.677900 195.368300 93 47 47
-1.579800 2.663800 195.370000 66 37 37
-1.579600 2.683000 195.368800 64 24 27
-1.579500 2.693400 195.368200 96 76 64
-1.577800 2.663200 195.371400 47 21 18
-1.577800 2.665600 195.369200 92 60 60
-1.577600 2.688200 195.368300 52 33 52
-1.576600 2.663600 195.370500 58 35 34
-1.576000 2.687700 195.368500 61 43 35
-1.575800 2.665100 195.369600 81 32 51
-1.573600 2.664600 195.369900 68 42 54
-1.573200 2.686200 195.368900 35 37 32
-1.572500 2.685300 195.369000 84 67 67
-1.572100 2.663800 195.372500 32 32 32
-1.571900 2.684300 195.369100 92 43 45
-1.571300 2.667700 195.369400 85 36 40
-1.571000 2.664200 195.371500 43 25 33
-1.570500 2.691600 195.368600 65 69 58
-1.570400 2.666800 195.369500 88 40 44
-1.569000 2.689900 195.368800 95 82 60
-1.568600 2.665000 195.370800 69 62 58
-1.568100 2.687700 195.368800 92 53 56
-1.567400 2.666600 195.370000 83 45 46
-1.566600 2.687100 195.369000 97 59 69
-1.566100 2.686200 195.369100 98 50 65
-1.565000 2.669800 195.369500 88 43 39
-1.564900 2.665000 195.371500 61 66 40
-1.564600 2.668700 195.369500 81 44 45
-1.564000 2.666500 195.370600 100 73 73
-1.563400 2.692700 195.368800 109 81 94
-1.563400 2.693800 195.368800 86 87 60
-1.563300 2.672700 195.369900 56 23 39
-1.563100 2.691700 195.368800 127 95 92
-1.562600 2.665800 195.370800 71 46 36
-1.562500 2.671800 195.370000 53 35 34
-1.562100 2.664700 195.372000 74 51 34
-1.561800 2.668500 195.370000 100 64 62
-1.560700 2.689000 195.369100 101 66 51
-1.560600 2.665200 195.371100 58 42 35
-1.560000 2.671400 195.369300 72 52 38
-1.559900 2.682200 195.369900 86 67 50
-1.559500 2.681100 195.370000 71 37 41
-1.559300 2.672900 195.369500 55 51 46
-1.559000 2.670600 195.369400 93 36 49
-1.559000 2.680000 195.370000 73 53 46
-1.558700 2.664700 195.372500 37 20 14
-1.558700 2.674200 195.369700 48 49 50
-1.558300 2.679100 195.370000 55 36 17
-1.558200 2.664800 195.371500 46 23 21
-1.557700 2.666200 195.370500 69 42 19
-1.557300 2.678300 195.370200 65 42 35
-1.556400 2.685700 195.369600 97 47 39
-1.556200 2.677400 195.370300 65 42 45
-1.556000 2.684600 195.369600 117 64 58
-1.556000 2.692800 195.368900 97 67 60
-1.555700 2.688300 195.369900 103 67 70
-1.555600 2.687100 195.369900 88 58 45
-1.555300 2.681200 195.369600 101 63 64
-1.555000 2.665900 195.371000 40 32 19
-1.554300 2.691000 195.369200 101 97 68
-1.553800 2.665100 195.372300 88 35 43
-1.552600 2.690400 195.369400 59 61 41
-1.552200 2.668000 195.370500 58 27 28
-1.552100 2.669200 195.370600 78 29 47
-1.552000 2.665800 195.371500 48 37 30
-1.550900 2.689700 195.369700 83 59 51
-1.550000 2.667600 195.370900 14 28 14
-1.548300 2.667000 195.371100 17 23 14
-1.548300 2.670400 195.370200 62 47 42
-1.546400 2.674700 195.369600 76 41 48
-1.546100 2.673600 195.369600 36 43 37
-1.545900 2.665600 195.371500 67 26 52
-1.545800 2.672500 195.369600 50 62 33
-1.545700 2.686700 195.369400 95 90 79
-1.545600 2.685600 195.369300 102 68 63
-1.545500 2.666800 195.370500 42 32 34
-1.545400 2.665800 195.370400 36 24 28
-1.545400 2.688000 195.369500 56 68 31
-1.544800 2.684600 195.369400 96 51 64
-1.544600 2.664800 195.380700 99 43 67
-1.544300 2.671800 195.369900 72 69 45
-1.544300 2.681200 195.369300 85 71 47
-1.544100 2.683700 195.369400 91 60 73
-1.544000 2.670700 195.369800 113 50 65
-1.543800 2.665100 195.370700 36 29 31
-1.543800 2.665100 195.371800 43 33 45
-1.543800 2.669600 195.369800 109 54 77
-1.543600 2.682700 195.369500 92 77 72
-1.543500 2.665100 195.474700 107 98 63
-1.543500 2.665300 195.379700 48 57 50
-1.543500 2.680300 195.369400 62 62 45
-1.543300 2.664000 195.432400 103 107 58
-1.543300 2.665100 195.473600 130 90 81
-1.543300 2.679100 195.369300 57 49 41
-1.543200 2.665200 195.471400 113 72 75
-1.543200 2.668700 195.369900 51 44 47
-1.543000 2.664200 195.416800 112 74 86
-1.543000 2.665300 195.472500 113 83 74
-1.543000 2.667700 195.369900 34 41 37
-1.543000 2.678200 195.369300 56 65 51
-1.542900 2.664200 195.414600 85 83 69
-1.542900 2.664200 195.415700 119 70 93
-1.542900 2.664200 195.433600 105 78 66
-1.542900 2.665400 195.378700 80 68 60
-1.542800 2.664200 195.423600 85 60 57
-1.542700 2.664200 195.418000 86 75 45
-1.542700 2.664200 195.422500 112 61 68
-1.542700 2.664200 195.424700 95 70 66
-1.542600 2.664300 195.413500 76 71 62
-1.542600 2.664300 195.419100 92 62 69
-1.542600 2.664300 195.420300 109 75 67
-1.542600 2.664300 195.421400 118 81 73
-1.542600 2.664300 195.426900 132 74 85
-1.542600 2.664300 195.438100 92 75 53
-1.542600 2.664300 195.441500 109 93 90
-1.542600 2.665500 195.373200 43 21 33
-1.542600 2.665500 195.377700 68 61 47
-1.542500 2.664300 195.425800 109 81 77
-1.542500 2.664300 195.428100 119 76 83
-1.542500 2.664300 195.429200 115 78 104
-1.542500 2.664300 195.440400 106 82 74
-1.542400 2.664300 195.431400 92 98 54
-1.542400 2.664300 195.439300 115 102 71
-1.542400 2.664300 195.449300 105 78 76
-1.542400 2.692500 195.369100 81 64 88
-1.542400 2.693600 195.369200 83 66 57
-1.542300 2.664400 195.405700 92 97 68
-1.542300 2.665600 195.374300 61 44 38
-1.542300 2.665600 195.375500 56 52 42
-1.542200 2.664400 195.393400 107 93 83
-1.542200 2.664400 195.401300 106 76 89
-1.542200 2.664400 195.434800 108 77 74
-1.542200 2.664400 195.448200 90 65 65
-1.542100 2.664400 195.406900 107 88 79
-1.542100 2.664400 195.430400 116 93 79
-1.542100 2.664500 195.394600 84 68 62
-1.542100 2.664500 195.399100 117 86 100
-1.542100 2.664500 195.404700 103 68 58
-1.542100 2.664500 195.408100 60 69 60
-1.542100 2.665700 195.376600 50 67 41
-1.542000 2.664400 195.442600 86 76 59
-1.542000 2.664400 195.447100 103 62 72
-1.542000 2.664500 195.398000 62 62 61
-1.542000 2.664500 195.400200 111 82 100
-1.542000 2.664500 195.437100 108 71 67
-1.542000 2.664500 195.446000 137 94 109
-1.542000 2.665800 195.369900 63 55 28
-1.541900 2.664500 195.450500 92 68 59
-1.541800 2.664500 195.436000 127 102 69
-1.541800 2.664500 195.444900 132 66 94
-1.541800 2.664600 195.389000 66 73 60
-1.541800 2.664600 195.392400 123 77 72
-1.541800 2.664600 195.402500 127 85 76
-1.541800 2.664600 195.409200 100 97 84
-1.541800 2.664600 195.412600 81 88 81
-1.541700 2.664500 195.443800 108 100 73
-1.541700 2.664600 195.390200 86 68 44
-1.541700 2.664600 195.395800 113 70 74
-1.541700 2.664600 195.403600 117 70 65
-1.541500 2.664600 195.453800 113 100 105
-1.541500 2.664700 195.391300 111 81 63
-1.541500 2.664700 195.396900 73 86 79
-1.541400 2.664700 195.410400 104 86 83
-1.541300 2.664700 195.411500 67 88 70
-1.541300 2.664700 195.451600 106 96 79
-1.541300 2.664700 195.452800 94 92 64
-1.541300 2.664800 195.383500 88 65 60
-1.541200 2.664700 195.459400 100 95 79
-1.541100 2.664700 195.458300 104 90 69
-1.541100 2.664700 195.466000 119 94 69
-1.541100 2.664800 195.384700 88 70 57
-1.541000 2.664800 195.388000 101 78 94
-1.541000 2.664800 195.455000 112 77 93
-1.541000 2.664900 195.382400 91 68 74
-1.540900 2.664800 195.456100 108 76 77
-1.540900 2.664800 195.465000 107 85 67
-1.540900 2.664800 195.467200 87 75 69
-1.540800 2.664800 195.457200 108 68 69
-1.540700 2.664800 195.468300 110 77 83
-1.540600 2.665000 195.385900 110 65 70
-1.540400 2.665000 195.460600 103 107 88
-1.540400 2.665000 195.463900 113 84 84
-1.540400 2.665000 195.469500 124 90 94
-1.540300 2.665000 195.462800 127 85 98
-1.540300 2.665100 195.387000 86 81 55
-1.540200 2.665000 195.461700 98 84 88
-1.633400 2.667100 195.545400 42 24 32
-1.631200 2.659100 195.625400 72 48 56
-1.631000 2.659200 195.628800 81 49 63
-1.631000 2.659200 195.637000 50 60 52
-1.630800 2.659200 195.635800 47 58 36
-1.630700 2.659300 195.619600 70 43 49
-1.630600 2.659400 195.581400 36 51 44
-1.630500 2.659400 195.580200 65 44 41
-1.630200 2.659600 195.530400 31 58 49
-1.630100 2.659600 195.526900 78 46 57
-1.630100 2.659600 195.529200 12 44 53
-1.630100 2.659700 195.508300 75 55 67
-1.630000 2.659700 195.512900 61 32 52
-1.630000 2.659700 195.528100 43 46 62
-1.629800 2.659700 195.536200 57 46 57
-1.629800 2.659800 195.484900 40 46 17
-1.629700 2.659700 195.533900 52 51 42
-1.629700 2.659700 195.535000 43 47 40
-1.629700 2.659700 195.540900 57 64 38
-1.629300 2.658500 195.627700 44 62 63
-1.629100 2.658500 195.632300 58 50 51
-1.629100 2.658500 195.633500 113 72 95
-1.629100 2.658500 195.634600 95 64 75
-1.629100 2.658600 195.590700 74 58 69
-1.629100 2.658600 195.611500 53 65 77
-1.629100 2.658600 195.612700 59 54 64
-1.629000 2.658600 195.591800 64 49 56
-1.629000 2.658600 195.624200 86 69 84
-1.629000 2.658600 195.625400 72 62 60
-1.629000 2.658600 195.626500 97 60 74
-1.629000 2.658600 195.628800 47 68 54
-1.628900 2.658600 195.613800 84 44 65
-1.628900 2.658600 195.615000 84 57 69
-1.628900 2.658600 195.621900 118 64 76
-1.628900 2.658600 195.631200 55 85 52
-1.628900 2.658600 195.635800 85 70 51
-1.628800 2.658600 195.618400 41 66 52
-1.628800 2.658600 195.619600 58 54 25
-1.628800 2.658700 195.595300 60 55 41
-1.628800 2.658700 195.596500 55 63 58
-1.628700 2.658600 195.623100 84 57 70
-1.628700 2.658600 195.638100 69 60 60
-1.628700 2.658700 195.578000 81 75 59
-1.628700 2.658700 195.584900 84 68 66
-1.628700 2.658700 195.594200 67 55 66
-1.628700 2.658700 195.616100 52 78 65
-1.628700 2.658700 195.620700 110 58 72
-1.628600 2.658700 195.601100 109 59 70
-1.628600 2.658700 195.617300 87 84 74
-1.628600 2.658700 195.630000 55 81 45
-1.628600 2.658700 195.637000 81 57 53
-1.628600 2.658800 195.559500 84 55 57
-1.628600 2.658800 195.566400 34 59 46
-1.628600 2.658800 195.576800 59 45 43
-1.628600 2.658800 195.593000 82 60 67
-1.628600 2.658800 195.600000 52 55 44
-1.628500 2.658700 195.639300 66 45 56
-1.628500 2.658800 195.567600 44 66 61
-1.628500 2.658800 195.587200 59 72 70
-1.628500 2.658800 195.597700 62 61 63
-1.628400 2.658800 195.569900 31 43 46
-1.628400 2.658800 195.572200 75 62 83
-1.628400 2.658800 195.573400 63 56 56
-1.628400 2.658800 195.575700 59 55 65
-1.628400 2.658800 195.605700 69 62 68
-1.628400 2.658800 195.606900 66 63 73
-1.628400 2.658800 195.608000 92 69 72
-1.628400 2.658800 195.610400 63 60 61
-1.628400 2.658900 195.544400 29 42 31
-1.628400 2.658900 195.551300 92 53 70
-1.628400 2.658900 195.562900 62 55 53
-1.628400 2.658900 195.565200 69 59 55
-1.628400 2.658900 195.568700 67 75 62
-1.628300 2.658800 195.589600 71 66 72
-1.628300 2.658800 195.598800 76 64 61
-1.628300 2.658900 195.558300 80 60 63
-1.628300 2.658900 195.560600 84 52 53
-1.628300 2.658900 195.561800 71 41 40
-1.628300 2.658900 195.564100 55 59 46
-1.628300 2.658900 195.579100 65 63 52
-1.628300 2.658900 195.581500 65 68 58
-1.628300 2.658900 195.583800 68 64 74
-1.628300 2.658900 195.588400 56 60 52
-1.628200 2.658900 195.574500 64 65 72
-1.628200 2.658900 195.582600 51 58 61
-1.628200 2.658900 195.602300 92 55 61
-1.628200 2.659000 195.550200 75 56 64
-1.628100 2.658900 195.580300 68 51 52
-1.628100 2.658900 195.603400 87 66 36
-1.628100 2.658900 195.609200 33 63 48
-1.628100 2.659000 195.520100 75 62 52
-1.628100 2.659000 195.571100 56 51 71
-1.628100 2.659100 195.508400 68 46 55
-1.628000 2.659000 195.543200 27 45 43
-1.628000 2.659000 195.552500 81 45 49
-1.628000 2.659000 195.554900 71 68 53
-1.628000 2.659000 195.556000 64 60 49
-1.628000 2.659100 195.499100 54 42 42
-1.628000 2.659100 195.507200 74 50 70
-1.628000 2.659100 195.509600 88 51 44
-1.628000 2.659100 195.510800 58 49 55
-1.628000 2.659100 195.513100 71 47 65
-1.628000 2.659100 195.515400 86 46 53
-1.628000 2.659100 195.521200 73 49 46
-1.627900 2.659000 195.557200 69 64 54
-1.627900 2.659100 195.501500 57 48 72
-1.627900 2.659100 195.502600 54 51 48
-1.627900 2.659100 195.514200 69 57 57
-1.627900 2.659100 195.516600 71 52 44
-1.627900 2.659100 195.518900 58 46 35
-1.627900 2.659100 195.542100 52 55 52
-1.627900 2.659100 195.549100 64 54 45
-1.627900 2.659100 195.553700 72 59 56
-1.627800 2.659100 195.500300 74 49 65
-1.627800 2.659100 195.511900 66 42 65
-1.627800 2.659100 195.517700 73 50 42
-1.627800 2.659100 195.531700 51 34 45
-1.627800 2.659100 195.545600 61 44 40
-1.627800 2.659200 195.497900 50 49 43
-1.627700 2.659100 195.522400 71 50 40
-1.627600 2.659100 195.540900 49 46 33
-1.627600 2.659200 195.503800 78 58 40
-1.627600 2.659200 195.505000 65 47 48
-1.627600 2.659200 195.523600 92 42 46
-1.627600 2.659200 195.525900 52 64 57
-1.627600 2.659200 195.527000 56 43 61
-1.627600 2.659300 195.479300 94 41 66
-1.627500 2.659200 195.524700 97 60 60
-1.627500 2.659200 195.530500 48 48 73
-1.627500 2.659200 195.532900 57 51 64
-1.627500 2.659200 195.539800 92 58 83
-1.627500 2.659200 195.547900 32 46 45
-1.627500 2.659300 195.478100 91 50 62
-1.627500 2.659300 195.485200 56 44 37
-1.627500 2.659300 195.486300 85 33 45
-1.627400 2.659300 195.496800 56 54 56
-1.627400 2.659300 195.528200 75 43 67
-1.627300 2.659300 195.487500 55 37 40
-1.627300 2.659300 195.538700 90 48 63
-1.627200 2.659300 195.495700 43 53 40
-1.627200 2.659300 195.529400 64 67 46
-1.627200 2.659300 195.546800 43 52 52
-1.627200 2.659400 195.484000 68 43 59
-1.627200 2.659400 195.488700 45 51 28
-1.627100 2.659300 195.537500 60 47 55
-1.627100 2.659400 195.480500 71 35 28
-1.627100 2.659400 195.482900 73 29 38
-1.627000 2.659400 195.477100 56 43 41
-1.627000 2.659400 195.481700 50 30 34
-1.625800 2.658300 195.630000 77 64 60
-1.625600 2.658300 195.620800 62 60 53
-1.625300 2.658400 195.611600 58 57 79
-1.625300 2.658500 195.595400 49 77 55
-1.624800 2.658600 195.597700 62 57 64
-1.624600 2.658700 195.613900 81 49 72
-1.623800 2.659000 195.570100 65 74 51
-1.582500 2.661400 195.587600 109 90 106
-1.582200 2.661400 195.586500 104 93 100
-1.582000 2.661500 195.592100 111 97 83
-1.581800 2.661600 195.589900 118 96 106
-1.581800 2.661600 195.591000 119 81 88
-1.581800 2.661600 195.593200 116 108 105
-1.581800 2.661600 195.596600 111 93 103
-1.581700 2.661600 195.597700 99 96 100
-1.581300 2.661800 195.524700 109 93 105
-1.581100 2.661900 195.520200 82 90 62
-1.580700 2.662100 195.523600 91 80 87
-1.574000 2.662900 195.585600 96 96 56
-1.544900 2.665800 195.498900 109 100 90
-1.544800 2.665600 195.638000 133 90 99
-1.544700 2.665800 195.504400 113 86 89
-1.544700 2.665800 195.505500 119 86 85
-1.544600 2.665600 195.637000 118 106 93
-1.544600 2.665800 195.502200 109 94 70
-1.544600 2.665900 195.503300 103 92 100
-1.544500 2.665700 195.627100 125 113 131
-1.544500 2.665900 195.507700 91 86 80
-1.544400 2.665900 195.506600 110 86 88
-1.544400 2.665900 195.508800 92 96 92
-1.544300 2.665800 195.626000 127 104 118
-1.544300 2.665900 195.513200 113 69 103
-1.544300 2.665900 195.516500 108 119 94
-1.544300 2.666000 195.512100 131 93 114
-1.544200 2.665800 195.610800 121 112 110
-1.544200 2.665800 195.617300 129 119 110
-1.544200 2.665800 195.618400 137 117 121
-1.544100 2.665800 195.628200 124 112 104
-1.544100 2.665800 195.639100 111 108 84
-1.544100 2.666000 195.509900 107 110 106
-1.544000 2.665900 195.630400 117 109 94
-1.544000 2.665900 195.633700 108 102 99
-1.544000 2.666000 195.517600 107 84 89
-1.544000 2.666100 195.511100 88 93 83
-1.543900 2.665900 195.598800 113 101 77
-1.543900 2.665900 195.629300 125 117 95
-1.543800 2.666000 195.599900 125 112 102
-1.543800 2.666100 195.515500 74 97 53
-1.543700 2.665000 195.475700 104 93 72
-1.543700 2.666000 195.604200 122 109 102
-1.543700 2.666000 195.605300 109 105 103
-1.543700 2.666000 195.611900 124 124 104
-1.543700 2.666000 195.616200 109 102 82
-1.543700 2.666000 195.619500 123 106 105
-1.543700 2.666000 195.631500 128 116 112
-1.543700 2.666000 195.632600 128 102 114
-1.543700 2.666100 195.518800 128 98 109
-1.543700 2.666200 195.514400 117 106 86
-1.543600 2.666000 195.603100 117 119 72
-1.543600 2.666000 195.609700 124 112 110
-1.543600 2.666000 195.625000 102 105 106
-1.543600 2.666000 195.640200 119 117 93
-1.543600 2.666100 195.594400 133 84 85
-1.543600 2.666200 195.519900 108 87 105
-1.543500 2.665100 195.476900 106 90 92
-1.543500 2.666000 195.634800 115 118 110
-1.543500 2.666000 195.635900 122 109 98
-1.543500 2.666100 195.593300 97 81 90
-1.543500 2.666200 195.535300 125 101 88
-1.543400 2.665100 195.480200 118 83 68
-1.543400 2.665100 195.481300 103 101 75
-1.543400 2.666100 195.586700 120 94 85
-1.543400 2.666100 195.620600 111 92 87
-1.543300 2.665100 195.482400 108 103 88
-1.543300 2.666100 195.602000 75 112 77
-1.543300 2.666100 195.615200 126 109 104
-1.543300 2.666100 195.621700 103 102 75
-1.543300 2.666100 195.622800 108 104 98
-1.543300 2.666100 195.623900 128 117 107
-1.543300 2.666200 195.522100 128 108 104
-1.543300 2.666200 195.541900 115 98 108
-1.543300 2.666200 195.551700 113 93 86
-1.543300 2.666200 195.575800 111 111 93
-1.543300 2.666300 195.521000 104 94 94
-1.543200 2.665200 195.479100 109 102 86
-1.543200 2.666200 195.543000 58 81 67
-1.543200 2.666200 195.573600 124 106 88
-1.543200 2.666200 195.574700 112 96 63
-1.543200 2.666200 195.581300 126 102 93
-1.543200 2.666200 195.587800 115 92 80
-1.543200 2.666200 195.595500 145 117 105
-1.543200 2.666200 195.601000 91 116 109
-1.543200 2.666200 195.606400 129 120 114
-1.543200 2.666300 195.523200 139 102 96
-1.543200 2.666300 195.527600 116 103 90
-1.543200 2.666300 195.528700 92 99 65
-1.543200 2.666300 195.540800 85 108 80
-1.543100 2.665200 195.478000 116 100 99
-1.543100 2.666200 195.568100 108 94 102
-1.543100 2.666200 195.576900 122 107 112
-1.543100 2.666200 195.590000 123 103 124
-1.543100 2.666200 195.592200 124 119 123
-1.543100 2.666200 195.607500 126 119 110
-1.543100 2.666300 195.529800 102 103 95
-1.543100 2.666300 195.530900 93 76 112
-1.543100 2.666300 195.533100 110 99 87
-1.543100 2.666300 195.534200 92 88 93
-1.543100 2.666300 195.536400 129 102 99
-1.543100 2.666300 195.548500 92 87 87
-1.543000 2.666200 195.597700 110 93 92
-1.543000 2.666200 195.608600 125 116 96
-1.543000 2.666300 195.532000 121 85 93
-1.543000 2.666300 195.539700 109 110 104
-1.543000 2.666300 195.545200 126 91 94
-1.543000 2.666300 195.578000 112 99 100
-1.543000 2.666300 195.591100 117 108 97
-1.543000 2.666400 195.524300 117 113 61
-1.542900 2.666300 195.582400 113 97 88
-1.542900 2.666300 195.585600 123 103 104
-1.542900 2.666300 195.588900 136 115 128
-1.542900 2.666300 195.613000 117 107 69
-1.542900 2.666300 195.614100 128 105 95
-1.542900 2.666400 195.525500 113 94 76
-1.542900 2.666400 195.526600 123 81 97
-1.542900 2.666400 195.544100 95 99 88
-1.542900 2.666400 195.546300 125 93 79
-1.542900 2.666400 195.567100 125 96 126
-1.542800 2.666400 195.547400 117 93 72
-1.542700 2.665300 195.483600 110 80 79
-1.542700 2.665300 195.490200 109 92 87
-1.542700 2.665300 195.491300 90 90 81
-1.542700 2.666400 195.552800 122 97 103
-1.542700 2.666400 195.566000 112 95 96
-1.542700 2.666400 195.580200 119 111 100
-1.542600 2.666400 195.572600 106 118 84
-1.542600 2.666400 195.579100 82 108 70
-1.542600 2.666400 195.596600 128 120 97
-1.542600 2.666500 195.538600 137 119 102
-1.542600 2.666500 195.549600 125 99 110
-1.542600 2.666500 195.550700 121 90 81
-1.542500 2.665400 195.485800 119 99 95
-1.542500 2.666400 195.583500 108 103 86
-1.542500 2.666500 195.569300 120 106 103
-1.542400 2.665500 195.486900 111 107 66
-1.542400 2.666500 195.556200 127 100 103
-1.542400 2.666500 195.558400 112 100 92
-1.542400 2.666500 195.584600 99 97 98
-1.542300 2.665500 195.484700 96 92 95
-1.542300 2.665500 195.492500 110 76 43
-1.542300 2.666500 195.555100 109 106 81
-1.542300 2.666500 195.557300 119 92 102
-1.542300 2.666500 195.564900 112 93 87
-1.542200 2.665500 195.489100 112 72 93
-1.542200 2.666600 195.537500 129 112 98
-1.542200 2.666600 195.560500 122 112 117
-1.542200 2.666600 195.561600 121 98 110
-1.542100 2.665600 195.488100 125 91 77
-1.542100 2.666600 195.554000 107 104 103
-1.542000 2.666600 195.559500 100 102 85
-1.542000 2.666600 195.571500 126 111 111
-1.541900 2.666700 195.562700 113 101 103
-1.541800 2.666700 195.563800 102 59 113
-1.541800 2.666700 195.570400 116 94 100
-1.541600 2.665700 195.499100 112 78 86
-1.541500 2.665700 195.493600 92 76 44
-1.541300 2.665800 195.498100 107 94 110
-1.541200 2.665800 195.494800 97 96 77
-1.540900 2.665900 195.495900 120 80 84
-1.633500 2.669300 195.707500 43 38 59
-1.633400 2.669300 195.706400 29 41 38
-1.631200 2.658900 195.770400 86 57 54
-1.631100 2.658900 195.768100 51 54 73
-1.631100 2.658900 195.799600 55 64 41
-1.631000 2.658900 195.791400 73 54 50
-1.631000 2.658900 195.798400 85 61 46
-1.631000 2.659000 195.758700 75 48 85
-1.631000 2.659000 195.773900 92 56 51
-1.631000 2.659100 195.659000 72 54 60
-1.631000 2.659100 195.660100 80 47 58
-1.630900 2.659000 195.763400 74 55 59
-1.630900 2.659200 195.655500 66 48 34
-1.630700 2.659200 195.663600 40 47 47
-1.630400 2.659200 195.727300 43 69 58
-1.630400 2.659200 195.735400 64 37 46
-1.630300 2.659300 195.699400 47 28 49
-1.630300 2.659300 195.700600 49 53 74
-1.629700 2.658100 195.777300 49 61 71
-1.629700 2.658300 195.661200 57 31 24
-1.629600 2.658100 195.790100 63 49 48
-1.629600 2.658100 195.798300 70 60 50
-1.629600 2.658200 195.776100 43 45 35
-1.629600 2.658300 195.662400 40 60 48
-1.629500 2.658200 195.744600 68 38 68
-1.629500 2.658200 195.767900 87 51 65
-1.629500 2.658200 195.788900 66 65 49
-1.629500 2.658200 195.791300 82 70 67
-1.629500 2.658300 195.657700 72 58 53
-1.629400 2.658200 195.748200 121 56 103
-1.629400 2.658200 195.757400 77 63 88
-1.629400 2.658200 195.787800 76 71 50
-1.629400 2.658300 195.747000 70 49 71
-1.629300 2.658200 195.769100 78 64 55
-1.629300 2.658200 195.778400 63 44 67
-1.629300 2.658200 195.779600 53 58 51
-1.629300 2.658200 195.801800 76 57 71
-1.629300 2.658300 195.743500 93 59 90
-1.629300 2.658300 195.745800 71 63 75
-1.629300 2.658300 195.753900 72 45 60
-1.629300 2.658300 195.758600 82 55 87
-1.629300 2.658300 195.763300 43 48 54
-1.629300 2.658400 195.654300 60 63 35
-1.629200 2.658200 195.799400 38 75 47
-1.629200 2.658300 195.752800 69 56 55
-1.629200 2.658300 195.766800 84 71 77
-1.629200 2.658300 195.772600 66 53 29
-1.629200 2.658300 195.784200 53 62 47
-1.629200 2.658300 195.786600 66 62 45
-1.629200 2.658300 195.797100 82 53 63
-1.629200 2.658400 195.697100 74 53 57
-1.629200 2.658500 195.660100 97 48 48
-1.629100 2.658300 195.749300 73 57 69
-1.629100 2.658300 195.755100 54 53 65
-1.629100 2.658300 195.756200 62 58 59
-1.629100 2.658300 195.780700 42 58 27
-1.629100 2.658300 195.785400 81 60 65
-1.629100 2.658400 195.705200 56 66 41
-1.629100 2.658400 195.740000 81 42 55
-1.629000 2.658300 195.750400 91 44 58
-1.629000 2.658300 195.751600 65 65 54
-1.629000 2.658300 195.764400 101 64 81
-1.629000 2.658300 195.765600 78 69 78
-1.629000 2.658300 195.773700 54 67 42
-1.629000 2.658300 195.783000 99 69 70
-1.629000 2.658300 195.802900 87 54 70
-1.629000 2.658400 195.741100 86 57 96
-1.629000 2.658400 195.742300 94 61 81
-1.629000 2.658500 195.653100 51 67 58
-1.629000 2.658500 195.655400 41 40 37
-1.629000 2.658500 195.656600 74 55 79
-1.629000 2.658500 195.658900 91 58 66
-1.629000 2.658500 195.663500 51 66 70
-1.629000 2.658500 195.679700 63 67 46
-1.629000 2.658500 195.680900 65 58 53
-1.629000 2.658500 195.695900 54 63 74
-1.629000 2.658500 195.698200 82 60 49
-1.629000 2.658500 195.699400 66 45 43
-1.629000 2.658500 195.700500 35 42 55
-1.628900 2.658300 195.781900 86 69 62
-1.628900 2.658300 195.792400 67 51 49
-1.628900 2.658300 195.795900 90 51 61
-1.628900 2.658300 195.800600 73 55 75
-1.628900 2.658400 195.762100 49 56 68
-1.628900 2.658400 195.770200 48 65 58
-1.628900 2.658400 195.771400 60 65 56
-1.628900 2.658500 195.667000 81 67 49
-1.628900 2.658500 195.668200 86 87 70
-1.628900 2.658500 195.704000 67 57 62
-1.628900 2.658500 195.706300 47 55 15
-1.628900 2.658500 195.711000 67 53 70
-1.628900 2.658500 195.715600 78 61 65
-1.628900 2.658600 195.643900 105 70 87
-1.628900 2.658600 195.646200 82 77 50
-1.628900 2.658600 195.647400 113 71 94
-1.628800 2.658300 195.794700 82 49 54
-1.628800 2.658300 195.804000 59 59 48
-1.628800 2.658400 195.759700 70 35 56
-1.628800 2.658400 195.774900 33 63 54
-1.628800 2.658500 195.684300 78 72 86
-1.628800 2.658500 195.701700 65 45 75
-1.628800 2.658500 195.738800 87 60 43
-1.628800 2.658600 195.645000 22 76 65
-1.628700 2.658500 195.694800 61 52 54
-1.628700 2.658500 195.702900 70 55 58
-1.628700 2.658500 195.709800 77 44 83
-1.628700 2.658500 195.712100 70 49 66
-1.628700 2.658500 195.716800 63 50 73
-1.628700 2.658500 195.723700 54 68 80
-1.628700 2.658500 195.724900 78 50 68
-1.628700 2.658500 195.726100 82 77 71
-1.628700 2.658500 195.729500 74 55 65
-1.628700 2.658600 195.642700 103 60 61
-1.628700 2.658600 195.665800 43 63 49
-1.628700 2.658600 195.682000 59 50 49
-1.628600 2.658400 195.793500 93 72 45
-1.628600 2.658500 195.717900 113 50 100
-1.628600 2.658500 195.721400 53 51 36
-1.628600 2.658500 195.727200 27 47 61
-1.628600 2.658500 195.728400 47 63 72
-1.628600 2.658500 195.760900 80 73 79
-1.628600 2.658600 195.648500 81 58 83
-1.628600 2.658600 195.652000 48 66 69
-1.628600 2.658600 195.673900 69 57 76
-1.628600 2.658600 195.683200 55 60 68
-1.628600 2.658600 195.685500 72 58 63
-1.628600 2.658600 195.687800 54 51 47
-1.628600 2.658600 195.688900 96 38 105
-1.628600 2.658600 195.692400 63 54 52
-1.628500 2.658600 195.672800 81 57 87
-1.628500 2.658600 195.678600 56 57 53
-1.628500 2.658600 195.686600 46 61 45
-1.628500 2.658600 195.690100 78 40 70
-1.628500 2.658600 195.691300 64 44 48
-1.628500 2.658600 195.693600 92 68 70
-1.628500 2.658600 195.707500 64 63 43
-1.628500 2.658600 195.714400 68 59 50
-1.628500 2.658600 195.719100 104 42 64
-1.628500 2.658600 195.720200 81 63 54
-1.628500 2.658600 195.722500 72 62 65
-1.628500 2.658600 195.733000 57 57 45
-1.628500 2.658700 195.641600 63 81 57
-1.628500 2.658700 195.649700 73 72 90
-1.628500 2.658700 195.650800 81 62 95
-1.628500 2.658700 195.664700 74 56 68
-1.628500 2.658700 195.669300 24 52 38
-1.628400 2.658600 195.708600 72 51 44
-1.628400 2.658600 195.713300 75 48 48
-1.628400 2.658600 195.730700 63 55 58
-1.628400 2.658600 195.734100 108 54 58
-1.628400 2.658600 195.736500 57 56 52
-1.628400 2.658700 195.670500 68 80 53
-1.628400 2.658700 195.671600 74 63 66
-1.628300 2.658700 195.675100 68 59 66
-1.628300 2.658800 195.640400 92 68 67
-1.628200 2.658600 195.731800 62 66 61
-1.628100 2.658800 195.676200 70 67 41
-1.628100 2.658800 195.677400 55 75 77
-1.625500 2.658300 195.680800 50 58 53
-1.625400 2.658300 195.706200 57 56 62
-1.625400 2.658400 195.643900 103 78 58
-1.625300 2.658300 195.714300 68 60 53
-1.625300 2.658300 195.721200 51 63 61
-1.625300 2.658400 195.642700 107 75 81
-1.625300 2.658400 195.654200 65 64 64
-1.625300 2.658400 195.661200 93 54 65
-1.625300 2.658400 195.662300 66 64 63
-1.625200 2.658300 195.694600 69 51 76
-1.625200 2.658300 195.695800 68 62 86
-1.625200 2.658300 195.701600 80 67 71
-1.625200 2.658300 195.705000 71 63 51
-1.625200 2.658300 195.709700 83 56 72
-1.625200 2.658400 195.655400 105 70 85
-1.625200 2.658400 195.669200 53 74 76
-1.625100 2.658400 195.686500 77 54 59
-1.625100 2.658400 195.702700 106 47 86
-1.625000 2.658400 195.673800 63 58 40
-1.625000 2.658400 195.696900 50 54 52
-1.625000 2.658400 195.700400 70 64 80
-1.625000 2.658500 195.668100 56 69 60
-1.625000 2.658500 195.670400 55 59 38
-1.625000 2.658500 195.675000 83 64 50
-1.625000 2.658500 195.687700 57 68 49
-1.624900 2.658400 195.703900 81 57 51
-1.624900 2.658500 195.677300 98 46 58
-1.624900 2.658500 195.681900 34 43 58
-1.624900 2.658500 195.693500 61 50 69
-1.624800 2.658500 195.698100 48 56 33
-1.624700 2.658500 195.699200 91 77 69
-1.624700 2.658500 195.710800 76 46 62
-1.624700 2.658600 195.676100 73 55 48
-1.624600 2.658500 195.692300 69 59 58
-1.624500 2.658600 195.646200 97 58 59
-1.624100 2.658700 195.683100 51 50 61
-1.624100 2.658700 195.684200 51 66 60
-1.544800 2.665400 195.752000 119 123 119
-1.544700 2.665500 195.753100 145 119 106
-1.544500 2.665500 195.757400 131 107 86
-1.544400 2.665600 195.758500 130 100 97
-1.544400 2.665600 195.768400 120 120 108
-1.544200 2.665600 195.740900 121 111 114
-1.544200 2.665800 195.668700 96 118 102
-1.544100 2.665600 195.750800 115 111 94
-1.544100 2.665600 195.769500 105 104 94
-1.544100 2.665700 195.729900 115 101 103
-1.544100 2.665700 195.749700 122 109 110
-1.544100 2.665800 195.653400 109 107 90
-1.544100 2.665800 195.665400 115 115 105
-1.544000 2.665700 195.723400 118 94 103
-1.544000 2.665700 195.742000 113 101 113
-1.544000 2.665700 195.743100 119 91 111
-1.544000 2.665700 195.759600 121 108 103
-1.544000 2.665800 195.654400 104 109 87
-1.544000 2.665800 195.666500 130 119 102
-1.544000 2.665800 195.669800 104 107 80
-1.543900 2.665900 195.659900 129 96 100
-1.543800 2.665700 195.791600 93 83 94
-1.543800 2.665800 195.731000 115 115 102
-1.543800 2.665800 195.748600 109 98 94
-1.543800 2.665800 195.754100 116 104 77
-1.543800 2.665800 195.756300 127 109 95
-1.543700 2.665800 195.739800 115 93 92
-1.543700 2.665800 195.744200 131 101 104
-1.543700 2.665800 195.760700 119 110 102
-1.543700 2.665800 195.762900 131 108 100
-1.543700 2.665800 195.766200 101 97 98
-1.543700 2.665800 195.767300 106 117 75
-1.543700 2.665800 195.770600 142 111 104
-1.543700 2.665800 195.781600 98 101 82
-1.543700 2.665800 195.782700 100 109 104
-1.543700 2.665800 195.789300 113 99 90
-1.543700 2.665900 195.646800 116 112 109
-1.543700 2.665900 195.658800 130 107 111
-1.543700 2.665900 195.667600 110 110 76
-1.543700 2.665900 195.676300 126 87 90
-1.543700 2.665900 195.711300 92 115 97
-1.543600 2.665800 195.765100 124 106 98
-1.543600 2.665800 195.792600 122 106 102
-1.543600 2.665900 195.677400 112 108 92
-1.543600 2.666000 195.664300 86 85 89
-1.543500 2.665800 195.771700 116 97 89
-1.543500 2.665800 195.790400 104 94 96
-1.543500 2.665900 195.688300 135 91 92
-1.543500 2.665900 195.710200 110 111 110
-1.543500 2.665900 195.712400 101 121 77
-1.543500 2.665900 195.713500 125 96 102
-1.543500 2.665900 195.721100 103 84 107
-1.543500 2.665900 195.722200 136 108 107
-1.543500 2.665900 195.761800 118 105 112
-1.543500 2.665900 195.775000 128 102 113
-1.543500 2.666000 195.647900 128 113 116
-1.543500 2.666000 195.670800 118 115 93
-1.543500 2.666000 195.671900 106 115 79
-1.543400 2.665900 195.720000 123 96 109
-1.543400 2.665900 195.728800 128 100 119
-1.543400 2.665900 195.778300 77 113 56
-1.543400 2.665900 195.787100 124 105 111
-1.543400 2.666000 195.655500 122 111 117
-1.543400 2.666000 195.675200 126 101 111
-1.543400 2.666000 195.678500 135 111 122
-1.543400 2.666000 195.687200 135 104 94
-1.543400 2.666100 195.652300 85 108 80
-1.543300 2.665900 195.724400 141 103 125
-1.543300 2.665900 195.747400 104 100 64
-1.543300 2.665900 195.755100 119 112 109
-1.543300 2.665900 195.772800 102 105 76
-1.543300 2.665900 195.773800 98 107 103
-1.543300 2.665900 195.780500 103 118 106
-1.543300 2.665900 195.786000 101 110 86
-1.543300 2.665900 195.788200 143 102 120
-1.543300 2.666000 195.686100 121 104 100
-1.543300 2.666000 195.689400 119 110 111
-1.543300 2.666100 195.645700 121 93 106
-1.543300 2.666100 195.657700 120 109 98
-1.543300 2.666100 195.661000 119 106 93
-1.543300 2.666100 195.663200 112 103 113
-1.543300 2.666100 195.673000 132 109 110
-1.543300 2.666100 195.674100 131 103 116
-1.543200 2.665900 195.763900 110 102 78
-1.543200 2.665900 195.776000 141 119 124
-1.543200 2.665900 195.777100 90 96 61
-1.543200 2.665900 195.779400 119 117 116
-1.543200 2.665900 195.783800 121 92 89
-1.543200 2.665900 195.793700 102 107 99
-1.543200 2.665900 195.801400 106 103 69
-1.543200 2.666000 195.716800 119 104 99
-1.543200 2.666000 195.717800 116 119 105
-1.543200 2.666000 195.732100 113 104 87
-1.543200 2.666000 195.736500 92 104 87
-1.543200 2.666000 195.745300 127 105 110
-1.543100 2.665900 195.800300 85 105 107
-1.543100 2.666000 195.735400 92 107 66
-1.543100 2.666000 195.737600 63 91 99
-1.543100 2.666000 195.738700 120 115 90
-1.543100 2.666000 195.746300 116 99 102
-1.543100 2.666100 195.662100 127 108 102
-1.543100 2.666100 195.681700 119 103 106
-1.543100 2.666100 195.703600 145 103 116
-1.543100 2.666100 195.714600 116 98 97
-1.543000 2.665900 195.798100 115 119 98
-1.543000 2.666000 195.797000 105 113 74
-1.543000 2.666000 195.799200 107 115 102
-1.543000 2.666100 195.656600 117 111 80
-1.543000 2.666100 195.679500 118 119 111
-1.543000 2.666100 195.680600 110 99 72
-1.543000 2.666100 195.682800 122 113 107
-1.543000 2.666100 195.690500 143 84 129
-1.543000 2.666100 195.693700 117 94 107
-1.543000 2.666100 195.700300 122 104 100
-1.543000 2.666100 195.709100 127 113 114
-1.543000 2.666100 195.727700 125 81 110
-1.543000 2.666100 195.733200 121 108 107
-1.543000 2.666200 195.641300 126 119 97
-1.543000 2.666200 195.642400 123 105 90
-1.542900 2.666000 195.784900 117 103 87
-1.542900 2.666100 195.699200 119 117 78
-1.542900 2.666100 195.702500 125 118 105
-1.542900 2.666100 195.708000 143 109 112
-1.542900 2.666100 195.718900 124 116 103
-1.542900 2.666100 195.734300 115 101 86
-1.542900 2.666200 195.649000 119 103 103
-1.542900 2.666200 195.691600 124 106 109
-1.542900 2.666200 195.692700 129 108 106
-1.542800 2.666000 195.794800 107 102 108
-1.542800 2.666000 195.802500 119 108 90
-1.542800 2.666100 195.795900 102 116 78
-1.542800 2.666200 195.643500 133 107 112
-1.542800 2.666200 195.650100 112 115 103
-1.542800 2.666200 195.704700 108 118 105
-1.542800 2.666200 195.715600 132 94 79
-1.542700 2.666200 195.683900 101 106 100
-1.542700 2.666200 195.685000 98 108 78
-1.542700 2.666200 195.694800 120 85 103
-1.542700 2.666200 195.701400 119 102 86
-1.542700 2.666300 195.644600 125 104 117
-1.542700 2.666300 195.651200 117 119 103
-1.542600 2.666100 195.803600 108 105 86
-1.542600 2.666200 195.698100 100 107 87
-1.542600 2.666200 195.705800 93 108 116
-1.542600 2.666200 195.706900 125 95 113
-1.542600 2.666200 195.726600 100 100 69
-1.542500 2.666200 195.725400 125 117 107
-1.542400 2.666100 195.804700 111 117 89
-1.542300 2.666300 195.697000 128 109 122
-1.542300 2.666400 195.695900 149 109 104
-1.630900 2.658900 195.819500 55 72 73
-1.630700 2.659000 195.813600 60 53 51
-1.630500 2.659000 195.818300 76 55 63
-1.630100 2.659100 195.838200 72 55 39
-1.629400 2.659100 195.965700 66 55 50
-1.629100 2.658200 195.817000 45 54 53
-1.629100 2.658200 195.818100 72 36 38
-1.629100 2.658300 195.805300 69 60 43
-1.629000 2.658300 195.806400 68 71 72
-1.629000 2.659300 195.969200 84 76 84
-1.629000 2.659400 195.897200 99 60 71
-1.628900 2.658200 195.846300 91 56 61
-1.628900 2.658300 195.807600 54 50 62
-1.628900 2.658300 195.808800 50 65 47
-1.628900 2.658300 195.812300 92 59 67
-1.628900 2.658300 195.821700 76 49 71
-1.628900 2.658300 195.822800 49 51 57
-1.628900 2.658300 195.827500 70 60 63
-1.628900 2.658300 195.828700 57 51 40
-1.628800 2.658300 195.811100 66 53 49
-1.628800 2.658300 195.819300 60 56 59
-1.628700 2.658300 195.832200 84 65 59
-1.628700 2.658400 195.809900 65 77 73
-1.628600 2.658400 195.826300 53 44 43
-1.628600 2.658400 195.845100 43 45 43
-1.628600 2.659400 195.951000 94 71 68
-1.628500 2.658400 195.820400 51 60 68
-1.628400 2.658500 195.825100 92 67 69
-1.628200 2.658500 195.848600 52 49 46
-1.628100 2.658500 195.835600 84 57 60
-1.628100 2.658500 195.849800 73 47 52
-1.628100 2.658500 195.853300 78 58 62
-1.628100 2.658500 195.869800 74 69 88
-1.628000 2.658600 195.834400 94 63 67
-1.627800 2.658600 195.850900 55 54 67
-1.627800 2.658600 195.858000 66 63 67
-1.627800 2.658600 195.868600 54 61 57
-1.627800 2.658600 195.871000 66 51 65
-1.627600 2.658600 195.855600 66 59 58
-1.627600 2.658600 195.867400 76 66 64
-1.627600 2.658600 195.878000 76 52 58
-1.627500 2.658600 195.866200 72 58 50
-1.627500 2.658600 195.876800 87 73 73
-1.627400 2.658500 195.968900 84 70 61
-1.627400 2.658700 195.875600 65 63 37
-1.627200 2.658700 195.874400 82 62 61
-1.627200 2.658700 195.886300 64 59 71
-1.627200 2.658700 195.891000 83 56 74
-1.627200 2.658800 195.879100 53 61 57
-1.627100 2.658600 195.960400 106 62 50
-1.627100 2.658800 195.887400 87 65 69
-1.627000 2.658600 195.961600 105 64 84
-1.627000 2.658700 195.959200 121 58 67
-1.627000 2.658800 195.861400 70 62 57
-1.627000 2.658800 195.889800 81 51 62
-1.627000 2.658800 195.892200 70 76 78
-1.626900 2.658700 195.962800 94 66 74
-1.626900 2.658800 195.882600 77 74 79
-1.626900 2.658800 195.883800 76 67 64
-1.626900 2.658800 195.906400 94 51 90
-1.626900 2.658800 195.907600 75 56 37
-1.626800 2.658800 195.895700 94 70 55
-1.626800 2.658800 195.898100 92 67 70
-1.626800 2.658800 195.901600 68 63 78
-1.626800 2.658800 195.902800 73 55 72
-1.626800 2.658800 195.904000 62 50 62
-1.626800 2.658800 195.956700 84 66 49
-1.626800 2.658800 195.964000 98 72 68
-1.626800 2.658900 195.860200 74 61 60
-1.626700 2.658800 195.970000 24 77 41
-1.626700 2.658900 195.880200 77 73 84
-1.626700 2.658900 195.885000 75 62 60
-1.626600 2.658800 195.942200 63 68 74
-1.626600 2.658900 195.893300 80 53 57
-1.626600 2.658900 195.896900 70 60 56
-1.626600 2.658900 195.905200 56 81 85
-1.626600 2.658900 195.911100 62 65 56
-1.626600 2.658900 195.918300 73 61 66
-1.626600 2.658900 195.919500 93 78 96
-1.626500 2.658800 195.955400 108 42 39
-1.626500 2.658900 195.912300 71 63 68
-1.626500 2.658900 195.943400 60 61 63
-1.626400 2.658900 195.933800 132 86 83
-1.626400 2.658900 195.935000 72 61 63
-1.626400 2.658900 195.947000 106 76 103
-1.626400 2.659000 195.914700 57 60 48
-1.626300 2.658900 195.954200 116 65 67
-1.626300 2.659000 195.927800 85 97 53
-1.626300 2.659000 195.929000 68 80 68
-1.626300 2.659000 195.953000 55 57 31
-1.626100 2.659000 195.920600 71 62 67
-1.626100 2.659000 195.930100 69 62 68
-1.626100 2.659000 195.944500 71 68 68
-1.626100 2.659000 195.951800 53 78 47
-1.625600 2.659100 195.949200 94 68 64
-1.622200 2.659000 195.911500 83 60 65
-1.622000 2.659000 195.923400 58 68 78
-1.545500 2.665100 195.849600 73 87 103
-1.545500 2.666000 195.957100 130 94 112
-1.545400 2.665100 195.845100 119 110 110
-1.545400 2.665100 195.848400 102 107 99
-1.545400 2.666000 195.955900 130 112 113
-1.545300 2.666100 195.958100 117 109 100
-1.545300 2.666100 195.961600 119 120 114
-1.545300 2.666100 195.962700 137 106 114
-1.545200 2.665100 195.852900 111 107 100
-1.545200 2.666100 195.960400 100 120 57
-1.545100 2.665200 195.856200 92 102 89
-1.545100 2.666100 195.959300 124 107 111
-1.545100 2.666100 195.967300 128 127 94
-1.545000 2.665200 195.843900 115 109 90
-1.545000 2.665200 195.854000 106 96 86
-1.545000 2.665200 195.855100 95 101 65
-1.544900 2.666200 195.963800 121 119 109
-1.544800 2.665300 195.838300 118 96 110
-1.544800 2.665300 195.840500 110 98 99
-1.544700 2.665300 195.839400 126 111 98
-1.544700 2.665300 195.841600 123 92 88
-1.544700 2.665300 195.846100 91 94 90
-1.544700 2.665300 195.851700 80 103 72
-1.544700 2.665300 195.857300 88 112 96
-1.544700 2.665300 195.860600 98 105 100
-1.544700 2.666200 195.966100 146 120 104
-1.544700 2.666200 195.968400 125 119 105
-1.544600 2.665300 195.861700 128 108 119
-1.544600 2.665300 195.866200 120 97 102
-1.544600 2.665400 195.842700 105 78 72
-1.544600 2.666300 195.964900 119 118 98
-1.544400 2.665400 195.858300 145 115 117
-1.544400 2.665400 195.859500 87 99 83
-1.544400 2.665400 195.862800 112 106 102
-1.544400 2.665400 195.863900 117 111 97
-1.544400 2.665400 195.874000 87 109 93
-1.544400 2.665500 195.831600 98 108 100
-1.544400 2.665500 195.837100 93 101 85
-1.544400 2.665500 195.847200 116 97 97
-1.544300 2.665400 195.867300 123 112 104
-1.544300 2.665400 195.875200 100 105 88
-1.544300 2.665500 195.832600 94 103 73
-1.544300 2.665500 195.850500 119 111 75
-1.544300 2.665500 195.865000 127 109 117
-1.544300 2.665500 195.878500 132 110 82
-1.544300 2.666400 195.969400 135 107 116
-1.544200 2.665500 195.833800 103 106 85
-1.544100 2.665600 195.828200 123 111 100
-1.544000 2.665500 195.872800 125 106 103
-1.544000 2.665500 195.877300 119 107 85
-1.544000 2.665500 195.886300 116 110 105
-1.544000 2.665500 195.887400 107 106 93
-1.544000 2.665600 195.817000 117 119 99
-1.544000 2.665600 195.829300 133 118 116
-1.544000 2.665600 195.830400 115 109 96
-1.544000 2.665600 195.834800 103 94 88
-1.543900 2.665600 195.820400 107 104 107
-1.543900 2.665600 195.876200 123 119 110
-1.543800 2.665600 195.835900 81 108 76
-1.543800 2.665600 195.868300 123 116 121
-1.543800 2.665600 195.879500 119 107 106
-1.543700 2.665600 195.869400 128 99 113
-1.543700 2.665600 195.889700 119 113 83
-1.543600 2.665600 195.871600 122 106 102
-1.543600 2.665600 195.882900 101 110 103
-1.543600 2.665700 195.824800 119 111 103
-1.543600 2.665700 195.870500 111 102 84
-1.543500 2.665600 195.890800 118 109 107
-1.543500 2.665700 195.884000 116 110 106
-1.543500 2.665700 195.888500 115 113 89
-1.543500 2.665800 195.808100 118 109 111
-1.543500 2.665800 195.815900 101 111 79
-1.543500 2.665800 195.821400 108 107 116
-1.543400 2.665700 195.885100 112 95 102
-1.543400 2.665800 195.818100 91 116 87
-1.543400 2.665800 195.823700 124 94 78
-1.543300 2.665700 195.891800 99 107 93
-1.543300 2.665700 195.895200 120 105 100
-1.543300 2.665800 195.819200 99 106 82
-1.543300 2.665800 195.825900 112 103 98
-1.543300 2.665800 195.826900 140 98 106
-1.543300 2.665900 195.809200 117 118 99
-1.543200 2.665800 195.880600 122 112 109
-1.543200 2.665800 195.893000 106 109 53
-1.543200 2.665800 195.896300 110 119 67
-1.543200 2.665900 195.807000 119 101 99
-1.543200 2.665900 195.822500 106 99 96
-1.543100 2.665800 195.881700 92 103 107
-1.543100 2.665900 195.812500 119 94 103
-1.543000 2.665800 195.894000 131 112 77
-1.543000 2.665800 195.901900 124 112 110
-1.543000 2.665800 195.903000 132 113 108
-1.543000 2.665900 195.814700 126 119 110
-1.542900 2.666000 195.811400 113 86 82
-1.542800 2.665900 195.900800 110 106 85
-1.542800 2.665900 195.904100 118 104 89
-1.542800 2.666000 195.810200 132 118 110
-1.542800 2.666000 195.813600 101 91 94
-1.542700 2.666100 195.805800 105 93 72
-1.542600 2.665900 195.897300 103 110 88
-1.542600 2.665900 195.899600 118 105 103
-1.542600 2.665900 195.929000 119 101 121
-1.542400 2.666000 195.898400 111 104 104
-1.542400 2.666000 195.909700 127 117 100
-1.542400 2.666000 195.913100 115 96 86
-1.542300 2.666000 195.908600 137 117 106
-1.542300 2.666000 195.914200 80 110 92
-1.542300 2.666000 195.927900 130 115 119
-1.542300 2.666000 195.930100 130 108 113
-1.542300 2.666100 195.905200 134 119 116
-1.542200 2.666100 195.912000 118 115 105
-1.542200 2.666100 195.915300 93 122 97
-1.542100 2.666100 195.925500 112 109 106
-1.542100 2.666100 195.926700 134 112 127
-1.542000 2.666100 195.931200 100 103 85
-1.542000 2.666100 195.932300 109 112 71
-1.542000 2.666200 195.910800 117 103 90
-1.541800 2.666200 195.907300 124 118 116
-1.541800 2.666200 195.917500 131 96 87
-1.541800 2.666200 195.920900 124 115 119
-1.541700 2.666200 195.916400 119 99 56
-1.541700 2.666200 195.918600 95 74 88
-1.541700 2.666200 195.924300 119 100 104
-1.541700 2.666200 195.933400 108 119 112
-1.541700 2.666200 195.935700 137 112 112
-1.541700 2.666200 195.941400 130 113 116
-1.541600 2.666200 195.922000 133 127 108
-1.541600 2.666200 195.936800 121 106 116
-1.541500 2.666300 195.906100 124 107 111
-1.541500 2.666300 195.934500 131 120 98
-1.541500 2.666300 195.942400 126 125 116
-1.541400 2.666300 195.919700 133 122 121
-1.541400 2.666300 195.923100 116 92 94
-1.541400 2.666300 195.940100 137 125 102
-1.541400 2.666300 195.958400 105 108 103
-1.541300 2.666300 195.943600 122 111 100
-1.541300 2.666300 195.953800 113 109 97
-1.541200 2.666400 195.937800 119 123 116
-1.541200 2.666400 195.944700 139 119 116
-1.541200 2.666400 195.948100 146 122 116
-1.541200 2.666400 195.951500 118 113 104
-1.541200 2.666400 195.952700 120 122 109
-1.541100 2.666400 195.939000 126 117 109
-1.541000 2.666400 195.945800 137 119 112
-1.541000 2.666400 195.949200 121 112 122
-1.540900 2.666400 195.957200 119 133 103
-1.634000 2.670800 196.081800 58 36 38
-1.634000 2.670900 196.066800 51 19 31
-1.633800 2.669800 195.982900 60 38 55
-1.633700 2.669900 195.981700 68 35 48
-1.631400 2.659800 195.983100 85 70 74
-1.631400 2.659800 195.992900 63 73 62
-1.630800 2.660000 195.973200 106 66 73
-1.630600 2.658700 196.001300 81 67 50
-1.630600 2.658700 196.002500 71 54 25
-1.630500 2.658800 195.998800 77 52 81
-1.630500 2.658800 196.000000 68 49 69
-1.630400 2.658800 195.992700 91 58 61
-1.630400 2.658800 195.993900 77 66 61
-1.630300 2.658800 195.984100 57 69 62
-1.630300 2.658800 195.991500 90 76 87
-1.630300 2.658800 196.004900 72 57 55
-1.630300 2.658800 196.006100 83 51 58
-1.630300 2.658800 196.012300 60 74 63
-1.630200 2.658800 196.007300 110 41 63
-1.630200 2.658800 196.011000 78 83 65
-1.630200 2.658900 195.980500 94 70 54
-1.630100 2.658900 195.982900 70 60 75
-1.630100 2.658900 195.990200 83 53 62
-1.630000 2.659000 195.976800 81 57 78
-1.630000 2.659000 195.988900 95 62 60
-1.629700 2.659000 195.996200 81 54 60
-1.629700 2.659100 195.975500 76 59 59
-1.629400 2.659100 195.973000 86 47 59
-1.629100 2.658000 196.005900 57 55 47
-1.628900 2.658000 196.004600 64 49 54
-1.628600 2.658100 196.007000 92 62 72
-1.628600 2.658100 196.013200 98 68 65
-1.628400 2.658200 195.999600 87 66 76
-1.628400 2.658200 196.008200 115 69 77
-1.628400 2.658200 196.011900 92 71 71
-1.628400 2.658200 196.014300 91 68 66
-1.628300 2.658200 196.000800 80 58 44
-1.628300 2.658200 196.002000 87 80 50
-1.628300 2.658200 196.003300 104 71 66
-1.628300 2.658200 196.016700 78 76 84
-1.628300 2.660600 196.064900 119 62 87
-1.628200 2.658200 196.015500 108 69 78
-1.628200 2.658200 196.017900 120 55 102
-1.628200 2.658300 195.982500 55 57 67
-1.628200 2.658300 195.998300 101 75 99
-1.628100 2.658200 196.019100 122 85 105
-1.628100 2.658300 195.983700 67 69 71
-1.628100 2.658300 195.994700 119 51 79
-1.628100 2.658300 195.995900 105 63 77
-1.628100 2.658300 196.010500 81 71 73
-1.628000 2.658300 195.993400 64 64 43
-1.628000 2.658300 195.997100 72 77 56
-1.628000 2.658300 196.009300 72 73 59
-1.628000 2.658300 196.020400 68 61 78
-1.627800 2.658400 195.992100 69 58 48
-1.627700 2.658300 196.022800 70 64 38
-1.627600 2.658400 195.990900 81 71 65
-1.627500 2.658400 196.030100 99 75 68
-1.627300 2.658500 195.976200 85 50 70
-1.627300 2.658500 195.981100 68 66 55
-1.627300 2.658500 195.988400 54 67 61
-1.627300 2.658600 195.977400 115 51 78
-1.627300 2.658600 195.984700 73 65 56
-1.627200 2.658600 195.978600 107 84 82
-1.627100 2.658500 196.032500 84 88 63
-1.627000 2.658600 195.979800 92 63 66
-1.626900 2.658600 196.033600 105 82 76
-1.626700 2.658700 195.987000 46 55 74
-1.626600 2.658700 196.040900 61 50 45
-1.626600 2.658800 195.973600 100 73 95
-1.626600 2.658800 195.985700 84 76 67
-1.626500 2.658700 196.042100 69 75 46
-1.626500 2.659900 196.082000 88 77 59
-1.626400 2.658900 195.971100 69 67 55
-1.626300 2.658800 196.039600 111 65 92
-1.626300 2.658800 196.044600 98 63 69
-1.626300 2.658800 196.045800 99 75 72
-1.626300 2.659900 196.093200 104 75 86
-1.626200 2.660000 196.068100 97 45 67
-1.626100 2.658800 196.043300 98 78 52
-1.626100 2.660000 196.064300 119 65 108
-1.626100 2.660000 196.065600 118 60 68
-1.626000 2.660000 196.088100 77 65 54
-1.626000 2.660000 196.100700 101 65 93
-1.625900 2.660100 196.073000 69 70 46
-1.625800 2.660100 196.078000 58 51 63
-1.625800 2.660100 196.089300 107 75 58
-1.625800 2.660100 196.114600 106 54 61
-1.625700 2.660200 196.085500 73 62 66
-1.625600 2.660100 196.125900 67 61 65
-1.625600 2.660100 196.131000 75 74 57
-1.625600 2.660200 196.105600 88 62 55
-1.625500 2.660200 196.084200 90 58 64
-1.625500 2.660200 196.090400 54 70 51
-1.625500 2.660200 196.110600 51 69 44
-1.625500 2.660200 196.127200 72 53 74
-1.625500 2.660200 196.128400 92 61 55
-1.625400 2.659100 196.049300 74 85 60
-1.625400 2.660200 196.123300 105 67 74
-1.625400 2.660200 196.133500 84 63 76
-1.625300 2.660200 196.124500 81 56 61
-1.625300 2.660200 196.134700 124 63 77
-1.625200 2.657900 196.016000 84 57 62
-1.625200 2.659100 196.048000 77 60 60
-1.625200 2.659100 196.050500 48 57 62
-1.625200 2.659100 196.051700 96 68 80
-1.625200 2.659100 196.052900 93 63 83
-1.625200 2.659100 196.054200 84 73 62
-1.625000 2.657900 196.003700 70 60 60
-1.624900 2.657900 196.019700 94 66 77
-1.624800 2.659200 196.066500 66 62 54
-1.624700 2.658000 196.018300 60 65 44
-1.624600 2.658100 196.017100 104 64 59
-1.624600 2.659300 196.055200 103 65 62
-1.624500 2.658100 196.023200 71 68 80
-1.624500 2.659300 196.059000 71 73 94
-1.624500 2.659300 196.065200 84 60 69
-1.624400 2.659400 196.060200 69 78 77
-1.624300 2.659400 196.067600 101 75 72
-1.624300 2.659400 196.075100 97 80 74
-1.624200 2.659400 196.056400 97 81 63
-1.624200 2.659400 196.062600 56 56 48
-1.624100 2.659400 196.057600 66 48 61
-1.624100 2.659400 196.063800 92 62 81
-1.624000 2.658200 196.031700 100 59 58
-1.624000 2.659500 196.061300 71 67 40
-1.624000 2.659500 196.071300 94 76 63
-1.623900 2.658300 196.021800 95 83 82
-1.623800 2.658300 196.028000 83 61 92
-1.623800 2.659500 196.080000 85 90 72
-1.623800 2.659500 196.086200 51 80 53
-1.623800 2.659500 196.087500 107 62 67
-1.623800 2.659500 196.088700 78 67 59
-1.623700 2.659500 196.093800 60 76 59
-1.623700 2.659600 196.068700 110 59 73
-1.623700 2.659600 196.073700 96 87 63
-1.623700 2.659600 196.076200 98 75 48
-1.623700 2.659600 196.084900 65 68 52
-1.623600 2.659600 196.069900 111 77 74
-1.623600 2.659600 196.072400 87 69 50
-1.623600 2.659600 196.092400 78 81 72
-1.623500 2.659600 196.081100 84 65 60
-1.623500 2.659600 196.083600 80 60 67
-1.623500 2.659600 196.091200 71 51 50
-1.623400 2.659600 196.115100 91 74 66
-1.623300 2.659600 196.089900 97 80 78
-1.623300 2.659700 196.078600 83 84 76
-1.623300 2.659700 196.098700 106 58 94
-1.623200 2.659700 196.077300 62 72 60
-1.623200 2.659700 196.094800 58 76 59
-1.623200 2.659700 196.108700 57 68 60
-1.623200 2.659700 196.113800 101 60 74
-1.623200 2.659700 196.116300 64 71 51
-1.623100 2.659700 196.082300 107 80 86
-1.623000 2.659700 196.097300 107 53 79
-1.623000 2.659700 196.104900 83 68 42
-1.623000 2.659700 196.107400 87 60 55
-1.622900 2.659700 196.103600 105 64 41
-1.622900 2.659700 196.117500 99 58 82
-1.622900 2.659800 196.102300 78 55 62
-1.622900 2.659800 196.106100 97 66 48
-1.622800 2.659800 196.099700 96 60 54
-1.622800 2.659800 196.109800 50 61 68
-1.622800 2.659800 196.112400 81 68 70
-1.622700 2.659900 196.101000 75 63 56
-1.622500 2.659900 196.095900 53 54 38
-1.622500 2.659900 196.119900 60 60 73
-1.622500 2.659900 196.121200 72 80 82
-1.619800 2.659500 196.071300 91 55 48
-1.545600 2.665900 196.026700 119 106 103
-1.545500 2.666000 195.981300 133 119 108
-1.545500 2.666000 195.987000 133 113 107
-1.545500 2.666000 195.988200 119 109 88
-1.545400 2.665900 196.025500 122 88 103
-1.545400 2.666000 195.989300 81 113 109
-1.545300 2.666000 195.990500 110 111 114
-1.545200 2.666000 196.056200 119 117 97
-1.545100 2.666000 196.027800 128 119 114
-1.545100 2.666000 196.054900 97 110 96
-1.545100 2.666100 195.974200 116 113 111
-1.545100 2.666100 195.982300 132 116 104
-1.545100 2.666100 195.985700 119 95 100
-1.545100 2.666100 196.018400 122 102 89
-1.545100 2.666100 196.024300 112 112 111
-1.545100 2.666100 196.030100 119 104 88
-1.545000 2.666000 196.064400 129 109 98
-1.545000 2.666100 196.028900 93 112 94
-1.545000 2.666100 196.052500 134 99 112
-1.544900 2.666100 195.992700 105 104 105
-1.544900 2.666100 196.043000 126 90 103
-1.544900 2.666100 196.057300 102 109 74
-1.544900 2.666100 196.058500 111 107 94
-1.544900 2.666100 196.065600 125 112 84
-1.544900 2.666200 195.973000 115 113 85
-1.544900 2.666200 195.975300 121 111 92
-1.544900 2.666200 195.993800 123 119 113
-1.544800 2.666100 196.048900 97 86 79
-1.544800 2.666100 196.051300 119 102 103
-1.544800 2.666100 196.063200 115 119 111
-1.544800 2.666100 196.068000 101 102 85
-1.544800 2.666100 196.071500 131 115 122
-1.544800 2.666200 195.979900 118 82 82
-1.544800 2.666200 195.983400 123 111 108
-1.544700 2.666100 196.044200 122 102 110
-1.544700 2.666100 196.046600 136 104 106
-1.544700 2.666100 196.053600 123 100 76
-1.544700 2.666100 196.066800 122 92 81
-1.544700 2.666200 195.976400 140 115 118
-1.544700 2.666200 195.984500 112 109 112
-1.544700 2.666200 196.015900 109 109 75
-1.544700 2.666200 196.021800 117 100 72
-1.544700 2.666200 196.034700 122 101 97
-1.544600 2.666100 196.075000 121 115 117
-1.544600 2.666100 196.083400 115 103 64
-1.544600 2.666200 196.007800 120 117 87
-1.544600 2.666200 196.017100 121 113 96
-1.544600 2.666200 196.022900 136 97 108
-1.544600 2.666200 196.033500 125 102 112
-1.544600 2.666200 196.050000 103 111 105
-1.544600 2.666200 196.061900 121 86 82
-1.544500 2.666200 196.045300 134 108 118
-1.544500 2.666200 196.076200 106 110 93
-1.544500 2.666200 196.082200 121 110 56
-1.544500 2.666300 195.971800 115 117 98
-1.544400 2.666200 196.031100 90 101 97
-1.544400 2.666200 196.032300 101 86 106
-1.544400 2.666200 196.039400 103 111 77
-1.544400 2.666200 196.079800 120 97 80
-1.544400 2.666200 196.081000 119 115 103
-1.544400 2.666400 195.970600 131 103 114
-1.544400 2.666400 195.977500 106 91 84
-1.544300 2.666200 196.072600 128 110 104
-1.544300 2.666300 196.041700 137 85 90
-1.544300 2.666400 195.978600 113 110 76
-1.544200 2.666300 196.059400 124 116 125
-1.544200 2.666300 196.070200 116 85 104
-1.544200 2.666300 196.073700 118 99 107
-1.544100 2.666300 196.060600 131 103 87
-1.544100 2.666300 196.078500 117 117 94
-1.544100 2.666300 196.097700 111 96 81
-1.544000 2.666300 196.077300 92 106 77
-1.544000 2.666400 196.040400 123 108 89
-1.544000 2.666400 196.068900 120 98 89
-1.543900 2.666400 196.084400 104 92 79
-1.543900 2.666400 196.096400 126 113 93
-1.543800 2.666400 196.090400 133 111 118
-1.543700 2.666400 196.091600 120 109 73
-1.543700 2.666400 196.115700 111 95 59
-1.543600 2.666400 196.089100 119 107 99
-1.543600 2.666400 196.098800 116 91 89
-1.543600 2.666400 196.103600 112 93 79
-1.543500 2.666500 196.085500 112 112 78
-1.543400 2.666500 196.086600 104 109 95
-1.543300 2.666500 196.087800 132 93 113
-1.543300 2.666500 196.092700 115 107 99
-1.543300 2.666500 196.116800 127 104 105
-1.543100 2.666600 196.095000 126 103 107
-1.543100 2.666600 196.104600 131 115 92
-1.543100 2.666600 196.109500 117 102 90
-1.543100 2.666600 196.110700 129 106 84
-1.543000 2.666600 196.102200 128 113 103
-1.543000 2.666600 196.114300 124 90 98
-1.542900 2.666700 196.093700 121 100 125
-1.542900 2.666700 196.099700 127 103 116
-1.542800 2.666700 196.108100 108 102 77
-1.542700 2.666700 196.117800 94 108 84
-1.542700 2.666700 196.130000 110 105 98
-1.542600 2.666800 196.111700 110 111 74
-1.542500 2.666800 196.100800 127 111 96
-1.542400 2.666800 196.112900 131 118 109
-1.542400 2.666800 196.125000 103 119 102
-1.542400 2.666800 196.126200 99 103 59
-1.542400 2.666800 196.128700 133 99 109
-1.542400 2.666800 196.131100 122 96 105
-1.542300 2.666800 196.118900 128 108 97
-1.542300 2.666800 196.134800 123 110 90
-1.542200 2.666900 196.105500 131 115 88
-1.542200 2.666900 196.122500 134 109 97
-1.542100 2.666900 196.106700 124 109 109
-1.542100 2.666900 196.123700 131 118 99
-1.542100 2.666900 196.133400 113 115 82
-1.542000 2.667000 196.127300 119 101 82
-1.541900 2.667000 196.132100 111 100 97
-1.541700 2.666100 195.997700 109 116 96
-1.541700 2.667000 196.121100 119 108 99
-1.541600 2.666200 195.998900 116 115 105
-1.541500 2.666200 195.991900 118 116 114
-1.541400 2.666200 195.974500 130 99 106
-1.541400 2.666200 195.990700 88 92 86
-1.541400 2.666200 196.002300 124 113 103
-1.541400 2.667100 196.119800 119 113 112
-1.541300 2.666200 196.035000 134 118 108
-1.541300 2.666200 196.036200 128 102 108
-1.541200 2.666200 196.012700 121 112 96
-1.541200 2.666200 196.016200 120 112 93
-1.541200 2.666300 195.989500 124 108 95
-1.541200 2.666300 195.999900 131 119 105
-1.541200 2.666300 196.001100 128 105 81
-1.541200 2.666300 196.003400 135 123 134
-1.541100 2.666200 196.033800 116 99 99
-1.541100 2.666200 196.037300 94 83 79
-1.541100 2.666300 195.992900 121 111 89
-1.541100 2.666300 195.996400 106 107 82
-1.541100 2.666300 196.013900 128 109 106
-1.541100 2.666300 196.017400 125 118 102
-1.541100 2.666400 195.973300 124 98 104
-1.541100 2.666400 195.975600 132 88 97
-1.541000 2.666200 196.051400 119 100 103
-1.541000 2.666300 196.010300 126 110 108
-1.541000 2.666300 196.027900 115 93 92
-1.541000 2.666300 196.041900 117 113 100
-1.541000 2.666300 196.059700 132 97 72
-1.540900 2.666300 196.040800 133 108 108
-1.540900 2.666300 196.054900 95 118 90
-1.540900 2.666400 196.006800 119 109 80
-1.540900 2.666400 196.011500 132 105 103
-1.540900 2.666400 196.020800 118 103 89
-1.540900 2.666400 196.026600 98 91 50
-1.634700 2.670300 196.260600 47 27 23
-1.634500 2.670400 196.253700 43 19 28
-1.634400 2.668100 196.294900 45 22 21
-1.634200 2.669300 196.228300 33 20 17
-1.633900 2.669500 196.166300 26 20 4
-1.631300 2.661800 196.254900 71 37 48
-1.631300 2.661900 196.206800 75 48 54
-1.631200 2.661800 196.253500 64 43 50
-1.631200 2.661800 196.265700 78 64 47
-1.631200 2.661900 196.208100 72 52 31
-1.631200 2.661900 196.216000 53 42 42
-1.631200 2.661900 196.217400 51 41 32
-1.631200 2.661900 196.226700 78 46 50
-1.631100 2.661800 196.256100 41 47 38
-1.631100 2.661800 196.271100 82 44 34
-1.631100 2.661900 196.205400 81 33 49
-1.631100 2.661900 196.232000 92 66 41
-1.631100 2.661900 196.236000 55 53 53
-1.631100 2.661900 196.241300 47 49 57
-1.631000 2.661900 196.209300 48 18 3
-1.631000 2.661900 196.221300 56 51 24
-1.631000 2.661900 196.222600 78 43 47
-1.631000 2.661900 196.228000 54 47 33
-1.631000 2.661900 196.237300 41 45 33
-1.631000 2.661900 196.245400 49 48 34
-1.631000 2.661900 196.249400 85 46 74
-1.631000 2.661900 196.257500 55 48 46
-1.630900 2.661900 196.264200 54 43 34
-1.630900 2.661900 196.281900 78 51 42
-1.630800 2.661900 196.252000 47 41 36
-1.630800 2.661900 196.258800 72 53 58
-1.630800 2.661900 196.261500 42 43 47
-1.630800 2.661900 196.269600 77 49 44
-1.630700 2.661900 196.272300 72 47 36
-1.630700 2.661900 196.279100 64 32 43
-1.630700 2.662000 196.229200 55 45 29
-1.630700 2.662000 196.239800 68 45 31
-1.630600 2.661900 196.275000 35 54 54
-1.630600 2.661900 196.283200 52 42 41
-1.630600 2.662000 196.268200 54 34 40
-1.630500 2.661900 196.299600 98 42 54
-1.630500 2.662000 196.273600 70 42 40
-1.630500 2.662000 196.277600 91 33 82
-1.630500 2.662000 196.285800 69 53 28
-1.630400 2.662000 196.284400 59 52 27
-1.630400 2.662000 196.291300 40 42 45
-1.630300 2.662100 196.276200 67 36 78
-1.630300 2.662100 196.289900 70 45 31
-1.630300 2.662100 196.298100 64 36 36
-1.630200 2.661100 196.169800 69 64 52
-1.630200 2.661100 196.194600 88 49 51
-1.630200 2.662100 196.287100 41 43 24
-1.630200 2.662100 196.292600 58 43 46
-1.630200 2.662100 196.294000 57 48 43
-1.630200 2.662100 196.295300 47 51 41
-1.630100 2.662100 196.288400 50 52 22
-1.630100 2.662100 196.296600 36 31 25
-1.630000 2.661100 196.171000 74 67 73
-1.629900 2.661100 196.191900 65 57 35
-1.629900 2.661100 196.193200 91 52 88
-1.629900 2.661100 196.195800 80 51 67
-1.629800 2.661200 196.163200 56 73 60
-1.629800 2.661200 196.201000 58 43 41
-1.629800 2.661200 196.202400 60 48 50
-1.629700 2.661200 196.208900 43 59 54
-1.629700 2.661200 196.210300 51 58 50
-1.629700 2.661200 196.234200 81 45 33
-1.629600 2.661100 196.263800 61 55 42
-1.629600 2.661200 196.232800 73 46 34
-1.629500 2.661200 196.226100 103 51 60
-1.629300 2.661300 196.196900 66 46 72
-1.629300 2.661300 196.207400 74 66 60
-1.629300 2.661300 196.211400 80 60 50
-1.629300 2.661300 196.216700 59 58 46
-1.629300 2.661300 196.218100 63 58 58
-1.629300 2.661300 196.219400 70 48 51
-1.629200 2.661300 196.212700 108 62 72
-1.629200 2.661300 196.215400 66 63 57
-1.629200 2.661300 196.223300 91 45 62
-1.629200 2.661300 196.224700 81 32 28
-1.629200 2.661300 196.231300 86 56 52
-1.629200 2.661300 196.235300 62 53 44
-1.629200 2.661300 196.239400 87 59 58
-1.629100 2.661300 196.240600 61 54 67
-1.629100 2.661300 196.244700 90 56 35
-1.629100 2.661300 196.246000 75 55 43
-1.629100 2.661300 196.248700 93 20 61
-1.629100 2.661300 196.278500 64 48 56
-1.629100 2.661400 196.214000 66 52 65
-1.629100 2.661400 196.227300 68 43 47
-1.629100 2.661400 196.229900 64 53 48
-1.629000 2.661300 196.237900 44 45 38
-1.629000 2.661300 196.250000 80 44 75
-1.629000 2.661300 196.264900 52 46 34
-1.629000 2.661300 196.270300 81 41 46
-1.629000 2.661300 196.277200 93 50 78
-1.629000 2.661400 196.220600 96 60 46
-1.629000 2.661400 196.222000 82 45 49
-1.628900 2.661300 196.281200 70 38 23
-1.628900 2.661400 196.236500 52 53 41
-1.628900 2.661400 196.247300 45 48 25
-1.628900 2.661400 196.256700 68 58 57
-1.628900 2.661400 196.258100 62 47 52
-1.628900 2.661400 196.268900 74 47 41
-1.628900 2.661400 196.271600 80 47 63
-1.628900 2.661400 196.273000 76 47 45
-1.628800 2.661400 196.228500 54 51 50
-1.628800 2.661400 196.241900 47 36 32
-1.628800 2.661400 196.251300 49 45 38
-1.628800 2.661400 196.266100 58 49 38
-1.628800 2.661400 196.267500 82 67 59
-1.628800 2.661400 196.282500 37 49 32
-1.628700 2.661400 196.243200 85 50 37
-1.628700 2.661400 196.255300 80 45 52
-1.628700 2.661400 196.279700 51 56 40
-1.628600 2.661400 196.252500 63 45 47
-1.628600 2.661400 196.274200 44 52 41
-1.628600 2.661500 196.253900 81 50 52
-1.628500 2.661400 196.285100 86 49 29
-1.628500 2.661500 196.260600 68 55 57
-1.628500 2.661500 196.275500 43 34 63
-1.628400 2.661500 196.259200 67 51 63
-1.628300 2.660500 196.142100 76 59 41
-1.628300 2.660500 196.164000 76 60 49
-1.628200 2.660500 196.167900 58 53 39
-1.628200 2.661600 196.286300 63 38 33
-1.628100 2.660500 196.165300 81 49 59
-1.628100 2.660500 196.170400 55 58 67
-1.628000 2.660600 196.158700 60 61 48
-1.627900 2.660600 196.153500 92 67 55
-1.627900 2.661600 196.293100 70 40 46
-1.627900 2.661600 196.294400 67 33 39
-1.627800 2.660600 196.151000 86 56 53
-1.627800 2.660600 196.171700 52 57 58
-1.627800 2.660600 196.187300 78 36 62
-1.627800 2.660600 196.188600 80 49 83
-1.627800 2.660700 196.162600 91 61 39
-1.627700 2.660600 196.185900 74 54 33
-1.627700 2.660700 196.136700 91 59 61
-1.627700 2.660700 196.145700 55 52 36
-1.627700 2.660700 196.156100 99 90 77
-1.627700 2.661700 196.288800 84 51 59
-1.627700 2.661700 196.298500 92 44 69
-1.627600 2.660700 196.148300 105 62 65
-1.627600 2.660700 196.149600 101 62 69
-1.627600 2.660700 196.172900 56 59 55
-1.627600 2.660700 196.175500 64 60 54
-1.627600 2.660700 196.176800 70 62 57
-1.627600 2.660700 196.184600 87 46 46
-1.627600 2.661700 196.287400 68 32 53
-1.627500 2.660700 196.174100 72 53 47
-1.627500 2.660700 196.183200 96 46 64
-1.627500 2.661700 196.297000 61 45 34
-1.627300 2.660700 196.198900 66 50 58
-1.627200 2.660800 196.177900 74 59 45
-1.627200 2.661900 196.295500 66 35 33
-1.627100 2.660800 196.180500 49 43 34
-1.627000 2.660800 196.190900 77 52 45
-1.627000 2.660900 196.179100 68 58 33
-1.626900 2.660900 196.192200 88 62 63
-1.626900 2.660900 196.193500 59 53 47
-1.626600 2.661000 196.203900 106 65 67
-1.626400 2.661000 196.207800 68 54 45
-1.626400 2.661000 196.209100 75 65 51
-1.626400 2.661000 196.210400 95 60 53
-1.626400 2.661000 196.222300 103 55 67
-1.626300 2.659900 196.150500 72 74 83
-1.626300 2.661000 196.205100 85 32 52
-1.626300 2.661000 196.206400 69 58 34
-1.626300 2.661000 196.211700 101 52 62
-1.626300 2.661000 196.214400 41 46 34
-1.626300 2.661000 196.215600 52 47 37
-1.626300 2.661000 196.219700 85 46 50
-1.626200 2.661100 196.213000 73 47 61
-1.626100 2.661100 196.228900 74 55 47
-1.626000 2.661100 196.220900 87 43 47
-1.625900 2.661100 196.240800 49 45 42
-1.625900 2.661100 196.244800 76 34 49
-1.625800 2.660000 196.142600 92 66 58
-1.625800 2.661100 196.226100 68 37 43
-1.625700 2.660000 196.141300 94 67 51
-1.625600 2.660100 196.143800 65 53 42
-1.625600 2.660100 196.155400 95 65 57
-1.625600 2.661100 196.269000 104 48 63
-1.625600 2.661200 196.263500 70 63 50
-1.625500 2.660200 196.136100 111 74 78
-1.625500 2.661200 196.277100 58 44 40
-1.625400 2.660200 196.139900 81 64 61
-1.625400 2.660200 196.156600 76 48 67
-1.625400 2.661300 196.236600 43 45 50
-1.625300 2.660200 196.137300 98 59 70
-1.625300 2.660200 196.170800 62 61 63
-1.625200 2.660200 196.152700 101 55 48
-1.625200 2.660200 196.161700 92 63 62
-1.625200 2.660200 196.163000 105 66 76
-1.625200 2.660200 196.168200 86 60 66
-1.625000 2.660200 196.169400 74 55 77
-1.625000 2.660300 196.138500 70 46 49
-1.625000 2.660300 196.164200 60 60 67
-1.625000 2.661300 196.274100 53 53 62
-1.624900 2.661400 196.272700 81 60 62
-1.623900 2.660600 196.184600 90 49 45
-1.622500 2.659800 196.153100 85 72 57
-1.622100 2.659900 196.168500 78 52 59
-1.622100 2.660000 196.155600 65 73 74
-1.621900 2.660000 196.156800 58 74 45
-1.621900 2.660000 196.161900 88 59 69
-1.621900 2.660000 196.163200 81 58 61
-1.621800 2.660000 196.146500 73 47 59
-1.621700 2.660000 196.173500 60 64 41
-1.621500 2.660100 196.170900 62 68 55
-1.621000 2.660300 196.178400 74 45 46
-1.620200 2.660500 196.193800 50 81 55
-1.620200 2.660500 196.208200 73 65 73
-1.619700 2.660600 196.222500 104 49 54
-1.619400 2.660700 196.214500 76 44 45
-1.544300 2.666100 196.182600 116 112 68
-1.544200 2.666100 196.181300 119 107 93
-1.544100 2.666100 196.188800 118 98 94
-1.544100 2.666100 196.202600 125 94 75
-1.544100 2.666200 196.190000 113 94 102
-1.544000 2.666200 196.183700 105 104 48
-1.543900 2.666200 196.167500 107 93 98
-1.543800 2.666300 196.168600 102 97 60
-1.543700 2.666200 196.201200 123 103 74
-1.543700 2.666200 196.203700 120 95 113
-1.543700 2.666200 196.221500 124 82 93
-1.543700 2.666300 196.187300 123 94 93
-1.543600 2.666400 196.166100 118 88 75
-1.543500 2.666300 196.191000 106 94 96
-1.543500 2.666300 196.216300 115 105 89
-1.543500 2.666300 196.217600 128 92 76
-1.543500 2.666300 196.220100 125 96 85
-1.543500 2.666400 196.179700 108 94 92
-1.543400 2.666300 196.211200 123 78 84
-1.543400 2.666400 196.162300 127 107 116
-1.543400 2.666400 196.192200 115 98 99
-1.543400 2.666400 196.193500 107 108 87
-1.543400 2.666400 196.207400 111 97 96
-1.543400 2.666400 196.208700 106 100 97
-1.543300 2.666300 196.256100 113 85 79
-1.543300 2.666400 196.149900 102 115 102
-1.543300 2.666400 196.153600 143 102 114
-1.543300 2.666400 196.161000 118 97 90
-1.543300 2.666400 196.172200 124 77 96
-1.543300 2.666400 196.194700 147 104 113
-1.543300 2.666400 196.197200 120 115 99
-1.543300 2.666400 196.199800 110 93 70
-1.543300 2.666400 196.204800 140 93 116
-1.543300 2.666400 196.212400 116 86 99
-1.543300 2.666500 196.151100 129 98 110
-1.543200 2.666300 196.283500 94 92 61
-1.543200 2.666400 196.196000 108 92 63
-1.543200 2.666400 196.198500 125 103 109
-1.543200 2.666400 196.214900 125 95 96
-1.543200 2.666500 196.159700 124 101 98
-1.543200 2.666500 196.163400 126 98 116
-1.543200 2.666500 196.164700 132 96 112
-1.543200 2.666500 196.173400 116 107 65
-1.543200 2.666500 196.175900 123 101 81
-1.543200 2.666500 196.184600 109 99 102
-1.543100 2.666400 196.218700 121 98 69
-1.543100 2.666400 196.261200 122 86 63
-1.543100 2.666500 196.152300 126 99 117
-1.543100 2.666500 196.158400 133 108 116
-1.543100 2.666500 196.169600 117 106 64
-1.543100 2.666500 196.170900 120 116 93
-1.543100 2.666500 196.174600 128 106 70
-1.543000 2.666400 196.237900 119 85 92
-1.543000 2.666400 196.239200 112 88 76
-1.543000 2.666400 196.240400 111 104 78
-1.543000 2.666400 196.254700 93 85 94
-1.543000 2.666400 196.257300 101 80 62
-1.543000 2.666400 196.259800 121 77 75
-1.543000 2.666400 196.279400 111 94 76
-1.543000 2.666400 196.280800 118 111 105
-1.543000 2.666400 196.282100 108 96 93
-1.543000 2.666500 196.157200 111 91 93
-1.543000 2.666500 196.177100 108 95 106
-1.543000 2.666500 196.185800 93 105 88
-1.543000 2.666500 196.209800 108 104 94
-1.543000 2.666500 196.213600 110 85 86
-1.543000 2.666500 196.222500 106 74 74
-1.542900 2.666500 196.178300 106 103 78
-1.542900 2.666500 196.205900 133 101 89
-1.542900 2.666500 196.226300 121 94 108
-1.542900 2.666500 196.245500 82 92 64
-1.542900 2.666500 196.246900 135 92 99
-1.542900 2.666500 196.253300 113 90 96
-1.542800 2.666500 196.224900 116 97 87
-1.542800 2.666500 196.241600 109 94 72
-1.542800 2.666500 196.242900 116 99 80
-1.542800 2.666500 196.244200 126 78 86
-1.542800 2.666500 196.248100 125 104 107
-1.542700 2.666500 196.232600 115 80 82
-1.542700 2.666500 196.236400 110 101 102
-1.542700 2.666500 196.251900 130 91 99
-1.542700 2.666500 196.258400 93 94 61
-1.542700 2.666500 196.264900 122 81 96
-1.542700 2.666500 196.274100 119 87 47
-1.542700 2.666700 196.155800 125 99 111
-1.542600 2.666500 196.262300 117 103 64
-1.542600 2.666500 196.263500 132 92 63
-1.542600 2.666500 196.272700 118 92 88
-1.542600 2.666500 196.278000 113 86 73
-1.542600 2.666500 196.288500 91 92 85
-1.542600 2.666500 196.289800 92 91 89
-1.542600 2.666600 196.223600 98 95 54
-1.542600 2.666600 196.227400 112 81 102
-1.542600 2.666700 196.148300 115 105 108
-1.542600 2.666700 196.154500 138 102 116
-1.542500 2.666500 196.284500 105 92 71
-1.542500 2.666600 196.228700 112 76 100
-1.542500 2.666600 196.229900 115 74 85
-1.542500 2.666600 196.231200 119 87 88
-1.542400 2.666600 196.233800 118 86 99
-1.542400 2.666600 196.266100 124 86 107
-1.542400 2.666600 196.267400 119 88 80
-1.542400 2.666600 196.268700 99 84 98
-1.542400 2.666600 196.287000 97 86 72
-1.542400 2.666600 196.291000 99 78 70
-1.542400 2.666700 196.235000 94 101 95
-1.542400 2.666800 196.136000 129 105 114
-1.542400 2.666800 196.137200 127 105 119
-1.542300 2.666600 196.271300 100 94 68
-1.542300 2.666600 196.295000 128 90 78
-1.542300 2.666600 196.297600 116 75 59
-1.542200 2.666600 196.298900 119 99 86
-1.542200 2.666700 196.249100 122 99 84
-1.542200 2.666700 196.269900 113 92 85
-1.542200 2.666700 196.293500 119 86 80
-1.542100 2.666700 196.276400 125 81 80
-1.542100 2.666700 196.292200 98 81 69
-1.542100 2.666700 196.296200 101 83 74
-1.542100 2.666800 196.145700 123 113 94
-1.542100 2.666800 196.147000 123 103 105
-1.542100 2.666900 196.140800 121 113 108
-1.542000 2.666700 196.275000 115 83 73
-1.542000 2.666800 196.250300 125 94 82
-1.542000 2.666900 196.144500 107 93 80
-1.541900 2.666700 196.285500 71 81 50
-1.541900 2.667000 196.138300 123 121 109
-1.541800 2.667000 196.139500 117 101 103
-1.541800 2.667000 196.141900 111 95 99
-1.541500 2.667100 196.143100 131 93 114
-1.634900 2.667800 196.361000 33 15 15
-1.634800 2.666600 196.364000 44 19 27
-1.634700 2.667800 196.415800 25 16 19
-1.634700 2.667900 196.300500 29 18 22
-1.634700 2.667900 196.359500 9 14 10
-1.634600 2.666600 196.421800 26 11 37
-1.634600 2.666700 196.365300 41 17 28
-1.634600 2.667900 196.393800 23 9 15
-1.634600 2.668900 196.408200 32 15 18
-1.634600 2.669000 196.317100 30 16 24
-1.634600 2.670000 196.458400 15 16 16
-1.634500 2.666600 196.433500 25 14 15
-1.634300 2.666700 196.429000 16 21 36
-1.634300 2.666700 196.432000 23 16 21
-1.634300 2.668000 196.336600 26 14 24
-1.634200 2.666700 196.420100 29 21 35
-1.634200 2.668100 196.323900 32 18 19
-1.634100 2.665500 196.442400 15 10 5
-1.633700 2.665600 196.431900 17 2 14
-1.633300 2.665700 196.450900 15 15 20
-1.632000 2.663800 196.390400 53 49 28
-1.631900 2.662800 196.320900 86 55 47
-1.631900 2.662800 196.322300 49 60 40
-1.631900 2.663800 196.394600 55 60 39
-1.631900 2.667600 196.321600 22 19 13
-1.631400 2.662900 196.340300 65 36 37
-1.631400 2.662900 196.341700 59 42 40
-1.631400 2.664000 196.407500 65 59 44
-1.631200 2.664000 196.410300 43 45 40
-1.631200 2.664100 196.408800 48 52 38
-1.631000 2.664100 196.411600 60 55 56
-1.630900 2.661800 196.301200 69 43 50
-1.630900 2.663000 196.355600 84 44 42
-1.630900 2.664100 196.414500 62 38 39
-1.630900 2.664100 196.432100 57 40 39
-1.630900 2.664100 196.438000 46 32 38
-1.630900 2.664100 196.439500 54 31 44
-1.630800 2.664100 196.427700 38 48 32
-1.630800 2.664100 196.429100 32 33 29
-1.630800 2.664100 196.430600 36 35 30
-1.630700 2.664200 196.421700 47 34 30
-1.630600 2.661900 196.302400 42 36 48
-1.630600 2.664200 196.412800 42 28 29
-1.630600 2.664200 196.424600 84 30 47
-1.630500 2.663100 196.366800 52 47 30
-1.630500 2.664200 196.443800 43 42 48
-1.630500 2.664200 196.445200 46 34 48
-1.630400 2.664200 196.440800 76 37 52
-1.630400 2.664200 196.449700 23 47 24
-1.630400 2.664200 196.458700 52 31 40
-1.630400 2.664200 196.460200 82 33 42
-1.630400 2.667800 196.458000 25 31 19
-1.630300 2.662000 196.303600 55 56 53
-1.630300 2.662000 196.305000 55 43 40
-1.630300 2.662000 196.306400 64 38 34
-1.630300 2.662000 196.307800 62 53 50
-1.630300 2.663200 196.385300 73 38 32
-1.630300 2.664200 196.461600 82 43 48
-1.630300 2.664300 196.452600 46 42 42
-1.630200 2.663200 196.376600 43 36 31
-1.630200 2.664300 196.442100 53 26 43
-1.630200 2.664300 196.451000 43 36 24
-1.630100 2.662100 196.311900 45 49 36
-1.630100 2.663200 196.372300 61 27 27
-1.630000 2.662100 196.310400 62 35 46
-1.630000 2.663300 196.373700 43 43 36
-1.630000 2.663300 196.378000 36 41 36
-1.630000 2.663300 196.383700 54 33 32
-1.629900 2.662100 196.309000 56 33 38
-1.629900 2.662100 196.313200 76 48 40
-1.629900 2.662100 196.320100 72 34 45
-1.629800 2.662100 196.332700 44 40 51
-1.629800 2.662200 196.314500 75 37 45
-1.629800 2.662200 196.318600 78 42 31
-1.629800 2.663300 196.379300 51 48 45
-1.629800 2.663300 196.380800 44 29 24
-1.629800 2.663300 196.382200 63 48 39
-1.629800 2.663300 196.386500 49 47 30
-1.629800 2.663300 196.392300 41 46 43
-1.629700 2.662200 196.315900 65 48 53
-1.629700 2.662200 196.325600 45 54 44
-1.629700 2.663300 196.387900 48 50 42
-1.629700 2.663300 196.393600 40 44 33
-1.629600 2.663400 196.389200 59 36 42
-1.629600 2.663400 196.390700 44 50 48
-1.629600 2.664500 196.455200 38 36 39
-1.629500 2.662200 196.317100 77 50 50
-1.629500 2.662200 196.321300 63 38 68
-1.629500 2.662200 196.324100 47 42 17
-1.629500 2.662200 196.326900 44 33 54
-1.629500 2.662200 196.333900 72 43 46
-1.629500 2.663400 196.395000 59 47 47
-1.629400 2.663400 196.397800 61 36 37
-1.629400 2.663400 196.399300 61 48 49
-1.629300 2.662300 196.328200 63 42 47
-1.629300 2.662300 196.331000 83 45 57
-1.629300 2.662300 196.335200 85 46 46
-1.629300 2.663400 196.406500 43 43 31
-1.629200 2.662300 196.322600 54 42 43
-1.629200 2.662300 196.346500 43 38 37
-1.629200 2.662300 196.347800 52 40 33
-1.629200 2.663500 196.396300 55 44 43
-1.629200 2.663500 196.407900 34 48 28
-1.629200 2.663500 196.416700 32 55 51
-1.629100 2.662400 196.336500 69 24 34
-1.629100 2.662400 196.339300 70 26 46
-1.629100 2.663500 196.402000 77 31 45
-1.629100 2.663500 196.403500 76 33 50
-1.629100 2.663500 196.418100 59 35 43
-1.629000 2.662300 196.354800 44 44 30
-1.629000 2.662400 196.329500 84 49 49
-1.629000 2.662400 196.337900 67 46 46
-1.629000 2.662400 196.342100 55 28 31
-1.629000 2.662400 196.343500 59 56 48
-1.629000 2.662400 196.344900 31 43 36
-1.629000 2.663500 196.432700 41 40 20
-1.628900 2.662400 196.340700 68 48 55
-1.628900 2.662400 196.349100 57 38 33
-1.628900 2.662400 196.350500 45 36 27
-1.628900 2.662400 196.356200 59 42 36
-1.628900 2.662400 196.357600 55 37 46
-1.628900 2.662400 196.361900 76 33 33
-1.628800 2.662400 196.359000 92 37 59
-1.628700 2.663600 196.414900 69 41 46
-1.628700 2.663600 196.419300 61 50 49
-1.628700 2.663600 196.423800 74 44 53
-1.628600 2.662500 196.353200 35 24 35
-1.628500 2.662500 196.363100 47 32 37
-1.628500 2.663700 196.425100 45 41 18
-1.628400 2.663600 196.463700 69 46 50
-1.628400 2.663700 196.429500 80 42 38
-1.628300 2.662500 196.351700 40 28 21
-1.628300 2.662500 196.365800 44 41 20
-1.628300 2.662500 196.370100 59 47 30
-1.628300 2.662600 196.364400 47 45 52
-1.628300 2.663700 196.435300 58 40 46
-1.628300 2.663700 196.436800 56 33 38
-1.628300 2.663700 196.438300 80 52 60
-1.628300 2.663700 196.444200 80 38 61
-1.628300 2.663700 196.445700 74 36 54
-1.628300 2.663700 196.456100 53 45 52
-1.628200 2.663700 196.454600 77 43 60
-1.628200 2.663800 196.430800 74 53 45
-1.628100 2.663800 196.447100 40 56 44
-1.628100 2.663800 196.448500 59 48 44
-1.628100 2.663800 196.451500 47 37 30
-1.628100 2.663800 196.462000 65 47 37
-1.628000 2.661600 196.302700 48 48 44
-1.628000 2.661600 196.313800 66 42 42
-1.628000 2.662600 196.375700 46 36 38
-1.628000 2.662700 196.367100 51 40 28
-1.628000 2.662700 196.371400 69 45 35
-1.628000 2.663800 196.453000 57 32 40
-1.627900 2.662700 196.368500 57 44 30
-1.627900 2.663800 196.457400 48 45 30
-1.627700 2.661600 196.312300 78 49 40
-1.627600 2.661700 196.301200 53 47 62
-1.627600 2.661700 196.315000 61 42 24
-1.627600 2.663900 196.460300 67 43 44
-1.627500 2.661700 196.299800 97 37 58
-1.627500 2.663900 196.458700 46 23 34
-1.627400 2.662800 196.382500 57 33 34
-1.627300 2.661800 196.308000 70 31 47
-1.627300 2.661800 196.309300 53 52 39
-1.627200 2.661800 196.310600 41 50 30
-1.627200 2.662800 196.383900 46 25 15
-1.627200 2.662900 196.386700 70 44 59
-1.627000 2.661900 196.320300 68 34 48
-1.626900 2.663000 196.392400 54 28 28
-1.626800 2.661900 196.323000 32 40 30
-1.626800 2.661900 196.334200 87 50 42
-1.626800 2.661900 196.335600 47 36 24
-1.626700 2.662000 196.317400 83 40 47
-1.626700 2.662000 196.321500 53 31 57
-1.626600 2.663000 196.399400 64 33 30
-1.626400 2.662000 196.349500 62 44 37
-1.626400 2.662000 196.353700 56 37 35
-1.626400 2.663100 196.405100 67 48 54
-1.626300 2.663100 196.406600 41 36 35
-1.626200 2.662100 196.340900 81 31 30
-1.626200 2.662100 196.343700 47 35 25
-1.626100 2.662100 196.339500 67 45 46
-1.626100 2.662100 196.346500 49 45 34
-1.626100 2.663200 196.418100 48 43 40
-1.626000 2.663200 196.407900 56 41 42
-1.626000 2.663200 196.419500 41 53 19
-1.625900 2.662200 196.342100 78 38 36
-1.625900 2.662200 196.354800 48 37 27
-1.625900 2.663300 196.410700 65 42 32
-1.625800 2.662200 196.356200 75 52 51
-1.625800 2.663200 196.420900 58 47 25
-1.625800 2.663300 196.416500 54 36 45
-1.625700 2.663300 196.415000 28 31 28
-1.625600 2.662200 196.363200 66 61 49
-1.625600 2.663300 196.413500 43 35 54
-1.625600 2.663300 196.432500 63 47 18
-1.625500 2.662300 196.366000 41 41 31
-1.625500 2.663300 196.431000 75 46 41
-1.625300 2.663300 196.448700 77 46 39
-1.625300 2.663400 196.425000 37 36 34
-1.625200 2.663400 196.423500 67 24 23
-1.625200 2.663400 196.429400 67 43 46
-1.625200 2.663400 196.436700 31 47 21
-1.625200 2.663400 196.459100 49 33 41
-1.625200 2.663400 196.460600 48 33 17
-1.624800 2.663500 196.461900 64 40 40
-1.624500 2.663600 196.440800 74 41 44
-1.624300 2.663700 196.442200 70 38 42
-1.624300 2.663700 196.455600 34 36 22
-1.623800 2.661700 196.318900 80 56 50
-1.552600 2.666400 196.386900 74 69 46
-1.545700 2.666400 196.412900 119 98 75
-1.545500 2.666400 196.421400 122 91 80
-1.545500 2.666400 196.422700 95 90 38
-1.545500 2.666400 196.435700 121 92 42
-1.545400 2.666500 196.400100 100 77 71
-1.545400 2.666500 196.411300 101 92 84
-1.545300 2.666500 196.401400 90 59 48
-1.545300 2.666500 196.408500 96 92 56
-1.545200 2.666500 196.404200 120 96 97
-1.545200 2.666500 196.409900 118 94 75
-1.545200 2.666500 196.437000 85 64 62
-1.545100 2.666500 196.434000 129 65 88
-1.545100 2.666600 196.405500 81 80 58
-1.545100 2.666600 196.419700 74 66 53
-1.545100 2.666600 196.424000 103 73 56
-1.545000 2.666600 196.414000 126 73 87
-1.545000 2.666600 196.418200 90 97 56
-1.544900 2.666600 196.432400 137 96 98
-1.544900 2.666700 196.395600 113 72 73
-1.544900 2.666700 196.402600 113 83 84
-1.544900 2.666700 196.406800 93 90 75
-1.544900 2.666700 196.416700 120 81 81
-1.544900 2.666700 196.425300 120 84 94
-1.544700 2.666600 196.462700 117 76 58
-1.544700 2.666700 196.426600 132 87 94
-1.544700 2.666700 196.428000 120 81 78
-1.544700 2.666700 196.430900 118 71 74
-1.544600 2.666700 196.415100 128 83 103
-1.544600 2.666700 196.438000 109 81 62
-1.544600 2.666700 196.455300 100 67 64
-1.544600 2.666700 196.461200 121 88 90
-1.544500 2.666700 196.429400 107 67 56
-1.544500 2.666700 196.459700 93 68 68
-1.544400 2.666700 196.456700 120 86 80
-1.544400 2.666700 196.458100 107 73 68
-1.544400 2.666800 196.396700 88 87 77
-1.544400 2.666800 196.450900 103 67 71
-1.544400 2.666800 196.453800 81 99 76
-1.544300 2.666800 196.439300 118 64 74
-1.544300 2.666800 196.447900 112 65 63
-1.544300 2.666800 196.463900 121 97 64
-1.544200 2.666800 196.446400 99 76 73
-1.544200 2.666800 196.449300 118 91 84
-1.544200 2.666800 196.452200 102 71 67
-1.544100 2.666800 196.443500 118 75 71
-1.544100 2.666800 196.444900 101 85 88
-1.543900 2.666900 196.440500 119 106 100
-1.543700 2.667000 196.441800 103 92 60
-1.543100 2.666300 196.303300 116 83 99
-1.542900 2.666400 196.304600 102 97 97
-1.542700 2.666400 196.301800 120 56 86
-1.542700 2.666500 196.305800 110 88 99
-1.542600 2.666400 196.370800 84 85 62
-1.542600 2.666500 196.320400 111 92 99
-1.542500 2.666500 196.308300 120 98 109
-1.542500 2.666500 196.309600 111 67 87
-1.542400 2.666500 196.307000 112 72 81
-1.542400 2.666500 196.310900 112 81 94
-1.542400 2.666500 196.319000 103 87 87
-1.542300 2.666500 196.339200 108 81 67
-1.542300 2.666600 196.321600 128 98 110
-1.542200 2.666500 196.340500 109 86 77
-1.542200 2.666500 196.369200 115 74 81
-1.542000 2.666600 196.329600 104 73 73
-1.542000 2.666600 196.341700 92 87 52
-1.542000 2.666600 196.349900 121 90 77
-1.542000 2.666700 196.300100 116 84 84
-1.542000 2.666700 196.317400 106 75 56
-1.542000 2.666700 196.330900 129 74 94
-1.541900 2.666700 196.333600 124 96 97
-1.541800 2.666700 196.312000 117 67 89
-1.541800 2.666700 196.322700 107 84 71
-1.541800 2.666700 196.332200 140 70 112
-1.541800 2.666700 196.334900 127 91 94
-1.541800 2.666700 196.337600 119 101 95
-1.541800 2.666700 196.343000 115 78 73
-1.541700 2.666700 196.353900 124 78 56
-1.541700 2.666700 196.371700 95 83 64
-1.541700 2.666800 196.328000 116 95 88
-1.541600 2.666700 196.348300 104 74 65
-1.541600 2.666700 196.351100 107 87 81
-1.541600 2.666700 196.393900 124 74 79
-1.541600 2.666700 196.395300 116 88 79
-1.541600 2.666800 196.313200 107 82 48
-1.541600 2.666800 196.314600 110 78 52
-1.541600 2.666800 196.315900 122 86 73
-1.541600 2.666800 196.324000 120 106 102
-1.541500 2.666700 196.379900 94 77 61
-1.541500 2.666700 196.381300 108 75 68
-1.541500 2.666800 196.336000 88 77 81
-1.541500 2.666800 196.352400 115 97 76
-1.541400 2.666800 196.325200 119 80 81
-1.541400 2.666800 196.357800 129 81 107
-1.541400 2.666800 196.359200 104 84 89
-1.541400 2.666800 196.363300 109 66 73
-1.541400 2.666800 196.372900 127 78 96
-1.541400 2.666800 196.398000 98 86 74
-1.541300 2.666800 196.344100 110 85 86
-1.541300 2.666800 196.364600 119 78 64
-1.541300 2.666800 196.392300 122 77 92
-1.541300 2.666800 196.399400 103 76 93
-1.541300 2.666800 196.414800 125 82 73
-1.541200 2.666800 196.382500 122 70 60
-1.541200 2.666800 196.386700 94 77 77
-1.541200 2.666900 196.345400 125 104 77
-1.541200 2.666900 196.346800 118 76 99
-1.541200 2.666900 196.356300 110 91 66
-1.541200 2.666900 196.360400 90 86 48
-1.541200 2.666900 196.361800 110 91 62
-1.541200 2.666900 196.367300 100 76 85
-1.541100 2.666800 196.396400 84 71 72
-1.541100 2.666800 196.419000 108 82 63
-1.541100 2.666900 196.365900 115 85 87
-1.541100 2.666900 196.374200 119 74 70
-1.541000 2.666800 196.404800 101 80 68
-1.541000 2.666800 196.413300 115 85 73
-1.541000 2.666800 196.450400 111 82 63
-1.541000 2.666800 196.454800 115 67 75
-1.541000 2.666800 196.457700 117 84 74
-1.541000 2.666900 196.354900 118 99 65
-1.541000 2.666900 196.375500 115 68 56
-1.541000 2.666900 196.383800 117 71 40
-1.541000 2.666900 196.385200 108 95 79
-1.541000 2.666900 196.388000 93 71 74
-1.541000 2.667000 196.326400 130 97 92
-1.540900 2.666900 196.378200 115 99 81
-1.540900 2.666900 196.416000 119 73 73
-1.540900 2.666900 196.417400 129 58 109
-1.540900 2.666900 196.420300 80 85 40
-1.635400 2.669700 196.490600 10 17 16
-1.635200 2.669800 196.481400 15 14 12
-1.635200 2.669800 196.489000 28 18 16
-1.635100 2.668500 196.521500 11 11 9
-1.635100 2.668500 196.526200 15 6 20
-1.634900 2.669800 196.536800 30 21 27
-1.634900 2.669900 196.479700 8 12 17
-1.634900 2.671000 196.496300 27 0 0
-1.634700 2.666500 196.468000 34 22 22
-1.634700 2.668800 196.466100 26 11 11
-1.634300 2.671200 196.509800 26 35 30
-1.634200 2.666600 196.469300 26 17 11
-1.634200 2.667800 196.516500 17 29 13
-1.634100 2.666600 196.527500 14 9 0
-1.634000 2.680300 196.622800 57 22 41
-1.633900 2.680400 196.621100 30 25 32
-1.633800 2.666700 196.521100 21 15 10
-1.633800 2.679300 196.622800 64 21 40
-1.633700 2.666700 196.518000 7 6 10
-1.633500 2.680500 196.624100 52 38 41
-1.633400 2.666800 196.516200 17 7 8
-1.633200 2.665700 196.468900 31 9 14
-1.633200 2.679500 196.620800 47 27 35
-1.633100 2.671400 196.625600 24 26 14
-1.632900 2.679600 196.623900 51 32 27
-1.632800 2.670300 196.620600 27 12 0
-1.632800 2.671500 196.623700 21 11 10
-1.632500 2.670400 196.618800 38 21 16
-1.632400 2.671600 196.626800 19 26 6
-1.632400 2.672800 196.624900 24 16 14
-1.632400 2.672800 196.628200 44 22 25
-1.632300 2.670500 196.622000 19 29 8
-1.631800 2.678900 196.621700 51 19 25
-1.631700 2.674200 196.627400 52 19 37
-1.631500 2.664800 196.589900 48 19 28
-1.631500 2.671900 196.621200 34 6 4
-1.631400 2.664800 196.604400 30 28 12
-1.631400 2.664900 196.568900 67 42 43
-1.631400 2.664900 196.575400 44 43 48
-1.631400 2.664900 196.580100 14 30 3
-1.631400 2.664900 196.591400 68 29 45
-1.631400 2.665000 196.504600 45 29 39
-1.631400 2.671900 196.619400 47 10 5
-1.631300 2.664900 196.573700 43 31 43
-1.631300 2.664900 196.576800 50 40 35
-1.631300 2.664900 196.581700 46 42 24
-1.631200 2.664900 196.583300 43 27 24
-1.631200 2.664900 196.592900 49 37 25
-1.631200 2.664900 196.602700 36 25 19
-1.631200 2.664900 196.605900 63 25 11
-1.631200 2.665000 196.584800 43 30 22
-1.631000 2.665000 196.594400 22 46 5
-1.631000 2.681200 196.627400 48 28 21
-1.630900 2.665000 196.597600 37 25 41
-1.630900 2.665000 196.599200 61 25 46
-1.630900 2.665000 196.600800 66 29 33
-1.630900 2.665000 196.607400 46 15 15
-1.630900 2.668800 196.509800 91 80 54
-1.630900 2.673300 196.617300 15 16 5
-1.630800 2.665000 196.608900 34 18 24
-1.630700 2.664100 196.487500 53 49 25
-1.630700 2.665100 196.610500 26 20 22
-1.630700 2.668900 196.511300 78 66 51
-1.630700 2.673300 196.622100 35 15 27
-1.630700 2.682600 196.594200 57 43 30
-1.630600 2.664100 196.485900 58 32 38
-1.630600 2.664100 196.489000 64 30 32
-1.630600 2.665100 196.612100 28 21 28
-1.630600 2.678100 196.583700 70 48 43
-1.630500 2.664100 196.490500 92 47 41
-1.630500 2.664100 196.492000 70 34 34
-1.630500 2.665100 196.615300 42 14 29
-1.630500 2.665100 196.620200 26 17 4
-1.630400 2.664200 196.475200 53 34 60
-1.630400 2.665100 196.613600 34 15 16
-1.630400 2.665100 196.616900 30 18 27
-1.630400 2.665100 196.626800 20 19 14
-1.630400 2.665100 196.628400 17 15 19
-1.630300 2.665200 196.618500 10 2 6
-1.630300 2.675800 196.628000 28 23 3
-1.630200 2.664200 196.527300 74 36 45
-1.630200 2.665200 196.621700 27 15 6
-1.630200 2.681500 196.625200 55 38 30
-1.630100 2.664200 196.496400 44 45 29
-1.630100 2.664200 196.528800 45 28 27
-1.630000 2.664200 196.525700 74 32 37
-1.630000 2.664200 196.530300 32 38 21
-1.630000 2.664200 196.542800 64 36 44
-1.630000 2.664200 196.544400 56 36 32
-1.630000 2.664200 196.557100 46 43 29
-1.630000 2.664300 196.481000 45 43 59
-1.630000 2.664300 196.497800 69 43 40
-1.630000 2.664300 196.499400 75 31 44
-1.630000 2.664300 196.500900 50 35 36
-1.630000 2.664300 196.508500 42 47 39
-1.629900 2.664200 196.603700 44 34 23
-1.629900 2.664300 196.493200 33 29 24
-1.629900 2.664300 196.507000 25 43 27
-1.629900 2.664300 196.524000 66 46 27
-1.629900 2.664400 196.471900 38 36 20
-1.629800 2.664200 196.602000 46 34 29
-1.629800 2.664300 196.545900 69 27 37
-1.629800 2.664300 196.547400 51 45 44
-1.629800 2.664300 196.549000 57 37 50
-1.629800 2.664400 196.494600 18 28 17
-1.629700 2.664200 196.580800 77 29 31
-1.629700 2.664400 196.534800 43 42 41
-1.629600 2.664300 196.579200 54 41 24
-1.629600 2.664400 196.519200 42 32 16
-1.629600 2.664400 196.541000 43 34 32
-1.629600 2.665400 196.622900 16 15 2
-1.629600 2.680600 196.626600 57 29 36
-1.629500 2.664300 196.592000 50 27 29
-1.629500 2.664400 196.505200 64 40 45
-1.629400 2.664300 196.590400 54 40 50
-1.629400 2.664400 196.577400 51 21 37
-1.629400 2.664400 196.582200 38 21 23
-1.629300 2.664300 196.598400 43 25 29
-1.629300 2.664300 196.604900 57 25 21
-1.629300 2.664300 196.611400 43 31 21
-1.629300 2.664400 196.575800 52 26 44
-1.629300 2.664400 196.585400 61 32 28
-1.629300 2.664400 196.587000 44 44 24
-1.629300 2.664400 196.596700 37 29 39
-1.629300 2.664400 196.600000 47 25 22
-1.629200 2.664400 196.593500 27 24 16
-1.629200 2.664400 196.609700 32 24 20
-1.629200 2.664400 196.614700 42 16 27
-1.629200 2.664400 196.616300 34 18 41
-1.629200 2.678500 196.615200 55 40 40
-1.629100 2.664400 196.588500 38 35 38
-1.629000 2.664400 196.595000 35 22 34
-1.629000 2.664400 196.612800 58 40 33
-1.629000 2.664400 196.626000 7 16 22
-1.629000 2.664400 196.627700 7 24 19
-1.629000 2.664500 196.583600 59 42 41
-1.629000 2.676100 196.625400 14 14 5
-1.628900 2.664500 196.606200 34 12 31
-1.628900 2.664500 196.607900 44 20 32
-1.628900 2.664500 196.624300 36 9 16
-1.628900 2.676200 196.615400 36 31 30
-1.628800 2.664500 196.629200 18 20 10
-1.628700 2.674000 196.617400 41 15 15
-1.628600 2.664500 196.617500 25 31 23
-1.628600 2.664500 196.622500 25 22 8
-1.628600 2.680900 196.624200 37 27 20
-1.628500 2.664600 196.620700 31 23 15
-1.628500 2.677500 196.615000 38 24 24
-1.628500 2.678700 196.616400 48 30 32
-1.628400 2.679900 196.622700 53 33 29
-1.628300 2.664600 196.619000 20 20 12
-1.628200 2.663600 196.531000 64 38 40
-1.628200 2.663600 196.540400 48 45 39
-1.628200 2.674100 196.618700 49 12 33
-1.628200 2.679900 196.625800 51 25 32
-1.628100 2.663600 196.524600 74 38 52
-1.628100 2.663600 196.532500 71 46 42
-1.628100 2.675300 196.620100 38 15 19
-1.628000 2.663600 196.529300 52 34 32
-1.628000 2.663600 196.541800 75 37 41
-1.628000 2.663600 196.546500 53 30 45
-1.628000 2.663700 196.480100 58 57 51
-1.628000 2.663700 196.523000 35 35 20
-1.628000 2.663700 196.526200 56 27 47
-1.628000 2.663700 196.527700 57 35 55
-1.628000 2.663700 196.538600 52 34 35
-1.628000 2.663800 196.466400 59 43 30
-1.628000 2.663800 196.478500 56 40 27
-1.627900 2.663700 196.544900 57 46 48
-1.627900 2.663800 196.470900 23 41 17
-1.627900 2.663800 196.492200 53 51 27
-1.627900 2.663800 196.495300 44 32 16
-1.627900 2.676500 196.623000 35 19 27
-1.627900 2.677700 196.624400 27 15 31
-1.627800 2.663700 196.543200 57 35 36
-1.627800 2.663700 196.548000 61 31 50
-1.627800 2.663800 196.472400 44 50 46
-1.627800 2.663800 196.481500 53 46 49
-1.627800 2.663800 196.493700 36 33 28
-1.627700 2.663700 196.549500 57 32 43
-1.627700 2.663700 196.552600 62 40 37
-1.627700 2.663800 196.490500 68 31 37
-1.627700 2.663800 196.496600 46 38 32
-1.627700 2.680100 196.623800 40 29 35
-1.627600 2.663800 196.533700 49 33 35
-1.627600 2.663800 196.557300 36 43 15
-1.627600 2.663900 196.475300 68 43 41
-1.627600 2.663900 196.501100 41 38 29
-1.627500 2.663800 196.536800 57 24 34
-1.627500 2.663800 196.555700 57 50 41
-1.627500 2.663800 196.563600 47 49 39
-1.627500 2.663800 196.565200 42 23 45
-1.627500 2.663800 196.570000 68 41 30
-1.627500 2.663900 196.476700 63 36 39
-1.627500 2.663900 196.484300 32 43 27
-1.627500 2.663900 196.488900 77 33 56
-1.627500 2.663900 196.499600 55 41 49
-1.627500 2.679000 196.622300 60 25 42
-1.627500 2.679000 196.623900 47 21 54
-1.627400 2.663800 196.535200 73 41 51
-1.627400 2.663900 196.487300 59 35 40
-1.627400 2.663900 196.498000 49 28 40
-1.627400 2.663900 196.502600 58 47 46
-1.627400 2.676700 196.621000 27 15 16
-1.627300 2.663900 196.508700 62 35 30
-1.627300 2.663900 196.511800 51 42 30
-1.627300 2.664000 196.485700 24 46 4
-1.627300 2.677800 196.622400 47 34 58
-1.627200 2.663800 196.571400 71 40 31
-1.627200 2.663800 196.587400 50 35 38
-1.627200 2.663900 196.510200 52 35 27
-1.627200 2.677900 196.619000 41 30 27
-1.627100 2.664000 196.516300 40 29 24
-1.627100 2.675600 196.616100 7 28 9
-1.626900 2.663900 196.577700 53 36 27
-1.626900 2.664000 196.513100 49 44 44
-1.626800 2.663900 196.603500 49 16 34
-1.626700 2.664000 196.579100 71 31 36
-1.626700 2.664000 196.600100 48 26 28
-1.626700 2.664000 196.601700 58 42 38
-1.626700 2.678100 196.615400 30 19 20
-1.626600 2.664000 196.598400 50 30 27
-1.626600 2.664000 196.604900 32 18 35
-1.626600 2.675800 196.617400 52 24 34
-1.626500 2.676900 196.615500 21 27 4
-1.626400 2.664100 196.596700 44 34 29
-1.626400 2.664100 196.609700 29 17 13
-1.626400 2.677000 196.618700 52 31 27
-1.626400 2.678200 196.616800 52 31 33
-1.626300 2.664100 196.611300 60 40 34
-1.626100 2.664100 196.607900 48 37 28
-1.626100 2.664200 196.606200 44 37 10
-1.625900 2.664200 196.624100 21 18 11
-1.625800 2.664200 196.612600 24 8 7
-1.625800 2.664200 196.615900 24 21 27
-1.625700 2.664200 196.614200 42 34 42
-1.625700 2.677200 196.616600 54 29 23
-1.625600 2.664300 196.622300 59 31 32
-1.625500 2.664300 196.620600 42 24 27
-1.625500 2.664300 196.625500 16 31 7
-1.625400 2.664300 196.627100 15 28 0
-1.625400 2.664300 196.628800 23 11 4
-1.625300 2.663200 196.537200 68 33 47
-1.625300 2.663300 196.468100 75 33 28
-1.625300 2.664400 196.618800 29 14 20
-1.625200 2.663200 196.560800 46 43 27
-1.625200 2.663300 196.538700 63 43 50
-1.625200 2.663400 196.469600 53 49 41
-1.625200 2.664400 196.617100 26 26 23
-1.625100 2.663300 196.532400 65 41 46
-1.625000 2.663300 196.546400 59 38 42
-1.624900 2.663300 196.548000 65 49 40
-1.624900 2.663300 196.552600 25 43 18
-1.624900 2.663300 196.562200 36 33 29
-1.624900 2.663400 196.530700 41 28 33
-1.624900 2.663400 196.535400 51 43 41
-1.624800 2.663300 196.559000 43 37 23
-1.624800 2.663400 196.533800 60 50 47
-1.624800 2.663400 196.540000 58 27 34
-1.624800 2.663400 196.544800 69 43 52
-1.624800 2.663400 196.555800 53 43 29
-1.624800 2.663500 196.482900 47 41 35
-1.624700 2.663400 196.529000 52 35 48
-1.624700 2.663400 196.557300 41 38 25
-1.624700 2.663500 196.470800 32 43 33
-1.624700 2.663500 196.473800 61 47 30
-1.624700 2.663500 196.478400 44 41 28
-1.624700 2.663500 196.498200 55 49 39
-1.624700 2.663500 196.501200 70 47 42
-1.624700 2.663500 196.507300 30 46 11
-1.624600 2.663400 196.549300 58 43 43
-1.624600 2.663400 196.550900 37 45 29
-1.624600 2.663500 196.476800 76 49 41
-1.624600 2.663600 196.475300 48 44 27
-1.624500 2.663400 196.554000 48 52 41
-1.624500 2.663500 196.541400 67 44 47
-1.624400 2.663400 196.563500 50 28 19
-1.624400 2.663600 196.499500 62 55 38
-1.624300 2.663500 196.542900 47 35 37
-1.624300 2.663600 196.505600 64 38 33
-1.624300 2.663600 196.513300 54 42 37
-1.624200 2.663500 196.564900 53 47 31
-1.624200 2.663600 196.514800 51 53 48
-1.624200 2.663600 196.524000 27 49 37
-1.624200 2.663700 196.481100 57 35 36
-1.624100 2.663600 196.525500 57 30 35
-1.623900 2.663700 196.516100 48 28 55
-1.623900 2.663700 196.517600 50 38 46
-1.621200 2.663300 196.556800 54 40 20
-1.621200 2.663300 196.569600 40 32 35
-1.621100 2.663500 196.485500 57 36 29
-1.620900 2.663500 196.486900 67 34 36
-1.620900 2.663500 196.509900 81 43 51
-1.620200 2.663600 196.588100 52 49 48
-1.616800 2.663500 196.573300 52 45 36
-1.611700 2.663800 196.607200 56 38 37
-1.610300 2.664200 196.629100 40 28 39
-1.610100 2.664300 196.627300 62 24 29
-1.606500 2.664200 196.625100 52 37 16
-1.594200 2.664700 196.516100 91 46 50
-1.577300 2.665200 196.580800 64 65 58
-1.558300 2.666700 196.542400 72 70 47
-1.555700 2.666300 196.553300 74 69 52
-1.555500 2.666400 196.548500 59 57 35
-1.544600 2.666500 196.617300 49 40 46
-1.544500 2.666700 196.489100 120 92 80
-1.544400 2.666500 196.604400 48 46 56
-1.544400 2.666700 196.471300 97 93 82
-1.544300 2.666600 196.602700 60 60 67
-1.544300 2.666700 196.490400 108 87 58
-1.544300 2.666800 196.472700 99 73 80
-1.544200 2.666800 196.469700 115 81 77
-1.544100 2.666600 196.615400 97 40 54
-1.544100 2.666600 196.618500 75 35 46
-1.544100 2.666600 196.623500 65 42 60
-1.544100 2.666700 196.610500 74 59 41
-1.544100 2.666800 196.480000 100 74 76
-1.544100 2.666800 196.518700 86 58 54
-1.544000 2.666700 196.605600 54 57 30
-1.544000 2.666700 196.607300 59 46 29
-1.544000 2.666700 196.608800 82 46 33
-1.544000 2.666700 196.621700 48 45 55
-1.544000 2.666800 196.481300 122 81 97
-1.544000 2.666800 196.500700 76 57 49
-1.544000 2.666800 196.502200 95 66 50
-1.544000 2.666800 196.549200 80 74 51
-1.543900 2.666800 196.515600 103 77 52
-1.543900 2.666800 196.517100 108 78 77
-1.543900 2.666800 196.550700 81 65 62
-1.543900 2.666900 196.465100 115 91 74
-1.543900 2.666900 196.468000 110 70 73
-1.543800 2.666700 196.611900 59 46 30
-1.543800 2.666800 196.547500 96 50 58
-1.543800 2.666800 196.552100 98 76 58
-1.543800 2.666800 196.595900 70 54 52
-1.543800 2.666900 196.473900 86 83 41
-1.543800 2.666900 196.475400 106 94 76
-1.543800 2.666900 196.476800 88 78 77
-1.543800 2.666900 196.496100 92 83 80
-1.543800 2.666900 196.497600 92 71 72
-1.543800 2.666900 196.499100 90 78 69
-1.543800 2.666900 196.511000 100 73 59
-1.543800 2.666900 196.512500 120 72 87
-1.543800 2.666900 196.514000 111 80 49
-1.543800 2.666900 196.520000 107 61 55
-1.543800 2.667000 196.466500 130 68 94
-1.543700 2.666800 196.558200 52 62 45
-1.543700 2.666800 196.619900 94 36 59
-1.543700 2.667000 196.478200 109 74 78
-1.543700 2.667000 196.482600 119 59 63
-1.543700 2.667000 196.487000 110 80 71
-1.543700 2.667000 196.494500 62 63 71
-1.543600 2.666800 196.613400 73 54 51
-1.543500 2.666900 196.553400 84 64 59
-1.543500 2.666900 196.555100 121 71 76
-1.543500 2.666900 196.556500 100 69 61
-1.543500 2.666900 196.559700 83 66 37
-1.543500 2.667000 196.483900 96 71 58
-1.543500 2.667000 196.503300 102 73 55
-1.543500 2.667000 196.509300 63 55 45
-1.543500 2.667000 196.521400 99 63 50
-1.543400 2.666800 196.624500 91 53 56
-1.543400 2.666900 196.565800 92 56 53
-1.543400 2.666900 196.567400 98 70 61
-1.543400 2.666900 196.600500 58 49 38
-1.543400 2.667000 196.544200 92 56 55
-1.543300 2.666900 196.584500 67 63 47
-1.543300 2.666900 196.586200 68 70 62
-1.543300 2.666900 196.597200 91 54 98
-1.543300 2.667000 196.522800 86 71 55
-1.543300 2.667000 196.545600 93 60 48
-1.543300 2.667000 196.570400 94 54 65
-1.543300 2.667100 196.491300 111 84 96
-1.543200 2.667000 196.568800 94 53 54
-1.543200 2.667000 196.589200 86 50 54
-1.543200 2.667000 196.590800 73 60 57
-1.543200 2.667000 196.594000 72 54 47
-1.543100 2.667000 196.571800 61 46 31
-1.543100 2.667000 196.575000 48 50 22
-1.543100 2.667000 196.587600 87 48 55
-1.543100 2.667100 196.485200 104 67 56
-1.543000 2.667000 196.576500 68 53 53
-1.543000 2.667000 196.582800 91 65 75
-1.543000 2.667000 196.598600 93 57 88
-1.543000 2.667100 196.530100 102 64 54
-1.543000 2.667100 196.536300 110 51 63
-1.543000 2.667100 196.537800 80 63 49
-1.543000 2.667100 196.542400 96 73 40
-1.543000 2.667100 196.560900 98 56 46
-1.543000 2.667100 196.564000 66 65 47
-1.543000 2.667200 196.492600 88 68 74
-1.543000 2.667200 196.507500 63 74 63
-1.542900 2.667100 196.562400 112 52 54
-1.542900 2.667100 196.573300 94 71 44
-1.542900 2.667100 196.581100 80 56 46
-1.542900 2.667100 196.592100 50 53 50
-1.542900 2.667200 196.504400 101 60 38
-1.542900 2.667200 196.524000 75 56 58
-1.542900 2.667200 196.539200 93 76 63
-1.542800 2.667100 196.625700 91 42 41
-1.542800 2.667200 196.528500 51 68 60
-1.542800 2.667200 196.540700 97 52 56
-1.542700 2.667100 196.627300 64 40 38
-1.542700 2.667200 196.525400 99 57 74
-1.542700 2.667200 196.577800 95 60 70
-1.542600 2.667200 196.531400 66 68 39
-1.542600 2.667200 196.579300 59 74 34
-1.542600 2.667300 196.505800 111 75 63
-1.542600 2.667300 196.526800 76 78 81
-1.542500 2.667200 196.628700 48 38 25
-1.542500 2.667300 196.532900 73 65 71
-1.542500 2.667300 196.534400 84 59 64
-1.634000 2.686300 196.636600 14 32 5
-1.633300 2.679400 196.635800 9 9 15
-1.633100 2.678400 196.634200 23 10 9
-1.632900 2.678500 196.635700 31 16 22
-1.632700 2.679600 196.637000 35 12 22
-1.632300 2.674000 196.629500 35 19 6
-1.632000 2.672900 196.629600 43 28 13
-1.630000 2.665300 196.629800 33 15 9
-1.629800 2.665300 196.631300 41 17 16
-1.629800 2.668900 196.635600 10 9 8
-1.629700 2.672400 196.636500 36 8 18
-1.629600 2.665400 196.632800 36 9 11
-1.628900 2.665600 196.634000 27 14 10
-1.628700 2.669300 196.636500 35 16 16
-1.628700 2.677400 196.631600 55 30 21
-1.628500 2.675200 196.630300 42 21 40
-1.628400 2.664600 196.630600 24 7 4
-1.628300 2.665800 196.635200 5 5 0
-1.628100 2.664700 196.632100 48 16 16
-1.628000 2.674100 196.630100 51 25 40
-1.627700 2.664800 196.633400 41 20 17
-1.627500 2.666000 196.636400 9 26 32
-1.627500 2.676600 196.631000 41 32 31
-1.627200 2.675600 196.631000 31 27 35
-1.627000 2.665000 196.634600 12 18 5
-1.627000 2.674400 196.631100 27 19 22
-1.625900 2.665400 196.635500 23 27 33
-1.625800 2.666600 196.636800 30 5 10
-1.625000 2.664500 196.630100 43 17 12
-1.624600 2.664600 196.631500 40 20 12
-1.624500 2.665800 196.636200 15 9 22
-1.624200 2.664700 196.632900 42 22 12
-1.624000 2.664800 196.634400 22 19 14
-1.623200 2.665000 196.635500 16 26 13
-1.620400 2.664600 196.632100 17 8 2
-1.620200 2.664700 196.633700 38 26 24
-1.619500 2.664900 196.634800 28 20 7
-1.618600 2.665200 196.635900 16 20 5
-1.617700 2.664300 196.630600 32 21 19
-1.617100 2.664500 196.631800 45 18 28
-1.616800 2.664600 196.633200 20 5 4
-1.616600 2.664700 196.634700 15 18 7
-1.616200 2.664800 196.636100 10 12 4
-1.613900 2.664300 196.634700 30 22 16
-1.613600 2.664400 196.631200 42 21 32
-1.613600 2.664400 196.636200 43 17 15
-1.613500 2.664500 196.632800 26 26 21
-1.612000 2.664900 196.636700 46 15 16
-1.611000 2.664000 196.634600 48 24 27
-1.611000 2.664000 196.636200 21 18 11
-1.610200 2.664200 196.632400 59 28 31
-1.610100 2.664300 196.630600 37 27 29
-1.609700 2.664400 196.637000 34 31 23
-1.607600 2.665100 196.637200 35 27 19
-1.607200 2.664000 196.633800 20 22 7
-1.607000 2.664000 196.632000 64 30 35
-1.606800 2.664100 196.635200 16 29 17
-1.605800 2.664400 196.636100 20 31 7
-1.605100 2.665900 196.637000 31 25 13
-1.603900 2.665000 196.636500 35 38 20
-1.601900 2.665600 196.636700 38 28 34
-1.601100 2.664700 196.629800 49 25 24
-1.601000 2.664700 196.631300 43 28 33
-1.600900 2.664700 196.632900 15 30 13
-1.600300 2.664900 196.634100 24 27 8
-1.600100 2.666200 196.637000 27 5 18
-1.599400 2.665200 196.635100 41 12 16
-1.598000 2.665600 196.635800 63 17 24
-1.597700 2.667000 196.637000 40 17 16
-1.596100 2.665100 196.629800 47 20 18
-1.596100 2.666200 196.636100 43 27 18
-1.595800 2.665100 196.631200 52 43 29
-1.595300 2.665300 196.632500 48 35 28
-1.594700 2.665500 196.633700 77 30 32
-1.594100 2.666900 196.636300 26 16 15
-1.593800 2.665800 196.634700 32 29 14
-1.592500 2.666200 196.635500 34 22 19
-1.590800 2.665600 196.631200 46 41 27
-1.590200 2.665800 196.632400 47 26 43
-1.589800 2.665900 196.633800 54 37 43
-1.589100 2.666100 196.634900 19 20 7
-1.587600 2.666600 196.635500 33 34 18
-1.585800 2.665900 196.632800 59 24 25
-1.585300 2.666100 196.634100 65 36 28
-1.584100 2.666500 196.634900 28 20 23
-1.582900 2.665600 196.631000 41 35 31
-1.582700 2.666900 196.635500 34 29 43
-1.582300 2.665900 196.632200 50 34 27
-1.582000 2.665900 196.633700 54 28 30
-1.581400 2.666100 196.634900 51 12 25
-1.580000 2.666600 196.635500 43 25 22
-1.578500 2.667100 196.636000 48 14 15
-1.578200 2.666000 196.629500 45 36 36
-1.577500 2.666200 196.630700 56 24 27
-1.577100 2.666300 196.633700 15 34 29
-1.576900 2.666400 196.631900 45 19 25
-1.576800 2.667600 196.636500 31 21 17
-1.576700 2.666500 196.635000 19 15 11
-1.575500 2.666800 196.635800 41 28 22
-1.574100 2.666200 196.631700 22 43 19
-1.573900 2.667400 196.636200 38 15 24
-1.573600 2.666400 196.633000 34 28 34
-1.573100 2.666500 196.634300 56 24 25
-1.572000 2.666900 196.635100 33 19 27
-1.569400 2.666500 196.631900 46 32 34
-1.568900 2.666600 196.633200 31 36 32
-1.568300 2.666800 196.634300 40 25 21
-1.567300 2.667200 196.635300 48 32 19
-1.566100 2.667500 196.636000 26 17 27
-1.565800 2.666500 196.631100 33 27 28
-1.565600 2.666500 196.632700 38 32 21
-1.565100 2.666700 196.633900 42 37 22
-1.564200 2.667000 196.634900 43 25 58
-1.562800 2.667500 196.635500 52 26 51
-1.562600 2.666400 196.630700 80 46 9
-1.562200 2.666500 196.632100 52 44 34
-1.560500 2.667000 196.634100 51 25 28
-1.559400 2.667400 196.635000 32 19 3
-1.558200 2.666500 196.629500 58 48 42
-1.556700 2.667100 196.631600 37 31 27
-1.556500 2.667100 196.633100 40 40 34
-1.556000 2.667300 196.634300 44 43 36
-1.554800 2.667700 196.635100 34 33 11
-1.554200 2.666700 196.631600 21 27 27
-1.553800 2.666800 196.633000 41 43 7
-1.552800 2.667100 196.633900 53 42 17
-1.551900 2.667400 196.634900 65 25 49
-1.550800 2.667800 196.635700 44 22 32
-1.549500 2.667100 196.630100 71 60 24
-1.549200 2.667200 196.631500 57 31 27
-1.549100 2.667200 196.633100 43 33 46
-1.549100 2.668400 196.636000 24 28 18
-1.548600 2.667400 196.634300 47 35 44
-1.547100 2.667900 196.634900 58 32 35
-1.546200 2.667000 196.631200 53 40 42
-1.545600 2.675500 196.637100 66 59 36
-1.545600 2.684800 196.636700 43 50 54
-1.545400 2.690600 196.636900 80 48 41
-1.545300 2.667300 196.632100 24 27 27
-1.545300 2.683700 196.636800 106 78 82
-1.545200 2.674300 196.637100 43 42 8
-1.545100 2.689600 196.637000 47 63 43
-1.544900 2.682600 196.636700 85 58 57
-1.544700 2.673300 196.636900 30 43 16
-1.544700 2.681500 196.636800 63 59 34
-1.544600 2.688500 196.636900 38 69 45
-1.544400 2.687500 196.636900 52 77 76
-1.544200 2.680600 196.636700 53 52 34
-1.544200 2.686400 196.637000 43 53 23
-1.544100 2.668900 196.635800 48 25 27
-1.543900 2.667800 196.632700 50 37 40
-1.543900 2.672400 196.636600 27 32 0
-1.543900 2.678300 196.636900 67 45 55
-1.543800 2.679500 196.636600 57 41 50
-1.543600 2.693400 196.636800 56 44 58
-1.543500 2.671400 196.636600 32 30 12
-1.543500 2.677200 196.636900 94 56 77
-1.543400 2.667900 196.634000 51 26 24
-1.543400 2.692400 196.636900 81 62 69
-1.543200 2.668000 196.635400 57 24 16
-1.543200 2.691300 196.637000 73 43 48
-1.543000 2.676300 196.636800 76 24 63
-1.543000 2.685600 196.636400 60 49 27
-1.542700 2.670500 196.636200 23 17 12
-1.542200 2.669500 196.636100 33 29 24
-1.541800 2.667400 196.629800 58 45 38
-1.541800 2.667400 196.631400 44 38 27
-1.541800 2.668500 196.636100 15 25 1
-1.541600 2.667500 196.632900 72 35 33
-1.657200 2.802300 195.416000 0 0 0
-1.656900 2.802700 195.411000 0 0 0
-1.655500 2.804000 195.417300 0 0 0
-1.646300 2.846100 195.423700 78 51 62
-1.646100 2.847500 195.423700 65 51 50
-1.645900 2.841500 195.423600 58 53 57
-1.645900 2.849800 195.423800 61 51 73
-1.645600 2.848700 195.423800 77 72 70
-1.645500 2.835900 195.423500 59 47 32
-1.645500 2.842700 195.423700 60 58 52
-1.645500 2.845000 195.423700 60 55 70
-1.645200 2.839300 195.423600 62 53 55
-1.645200 2.846400 195.371500 66 52 63
-1.645200 2.848800 195.422700 95 65 75
-1.645100 2.831100 195.423400 84 43 44
-1.645100 2.840500 195.423700 82 52 66
-1.645000 2.838200 195.423600 60 53 49
-1.645000 2.843900 195.423800 61 59 54
-1.644900 2.832300 195.423500 75 48 53
-1.644800 2.837100 195.423600 45 53 43
-1.644500 2.834800 195.423600 46 40 40
-1.644300 2.833600 195.423600 74 41 52
-1.644200 2.830200 195.423500 71 58 50
-1.644100 2.821500 195.372000 49 44 43
-1.644100 2.825700 195.423400 74 57 69
-1.643900 2.835100 195.370100 52 43 38
-1.643800 2.829300 195.423500 62 41 52
-1.643800 2.836400 195.370200 86 43 60
-1.643800 2.848000 195.370700 94 60 65
-1.643700 2.818200 195.371900 84 56 56
-1.643700 2.819400 195.372000 55 35 22
-1.643700 2.820500 195.372000 58 45 33
-1.643700 2.821500 195.423300 32 38 36
-1.643700 2.822600 195.423400 55 43 49
-1.643700 2.827000 195.423500 50 48 50
-1.643700 2.846700 195.370600 73 56 55
-1.643600 2.829500 195.370000 63 54 44
-1.643500 2.812300 195.423000 43 45 38
-1.643500 2.812300 195.424200 48 44 34
-1.643500 2.820400 195.423300 45 37 48
-1.643500 2.828200 195.423500 70 51 66
-1.643500 2.828300 195.370000 63 42 45
-1.643500 2.845500 195.370600 66 42 41
-1.643400 2.824800 195.423500 65 36 61
-1.643300 2.814700 195.423200 92 47 75
-1.643300 2.817000 195.423200 43 43 47
-1.643300 2.819300 195.423300 60 34 50
-1.643300 2.823700 195.423400 75 38 68
-1.643200 2.823700 195.422300 62 59 48
-1.643200 2.824900 195.422300 52 32 44
-1.643200 2.827200 195.370000 60 45 42
-1.643100 2.813500 195.423200 45 42 44
-1.643100 2.813600 195.371900 40 35 34
-1.643100 2.815900 195.423200 68 44 60
-1.643100 2.817200 195.372000 59 38 39
-1.643100 2.818200 195.423300 37 40 44
-1.643100 2.825000 195.371100 66 53 48
-1.643000 2.809000 195.424200 30 47 39
-1.643000 2.809200 195.371700 47 31 42
-1.643000 2.810200 195.371700 62 29 57
-1.643000 2.811300 195.424300 64 47 63
-1.643000 2.814900 195.371900 75 43 35
-1.643000 2.849300 195.370800 103 66 75
-1.642900 2.811400 195.371800 68 43 60
-1.642900 2.812500 195.371900 43 36 47
-1.642900 2.816100 195.372000 92 56 56
-1.642900 2.844500 195.370700 85 49 44
-1.642800 2.800900 195.422800 45 41 32
-1.642800 2.811300 195.423100 73 38 62
-1.642800 2.821800 195.371000 81 46 36
-1.642800 2.822900 195.371100 44 44 30
-1.642700 2.810100 195.424300 49 36 62
-1.642700 2.824000 195.371100 58 54 59
-1.642600 2.802300 195.372700 57 32 43
-1.642500 2.808000 195.371700 54 33 35
-1.642400 2.804500 195.424100 56 28 36
-1.642400 2.804600 195.371600 67 41 29
-1.642400 2.805700 195.371700 78 35 60
-1.642400 2.806800 195.424200 59 45 43
-1.642300 2.807000 195.371700 81 38 52
-1.642300 2.807900 195.424300 28 38 25
-1.642200 2.801200 195.372700 51 33 37
-1.642200 2.803600 195.371600 52 34 36
-1.642200 2.805700 195.424200 76 34 40
-1.642100 2.802400 195.371600 33 45 49
-1.642000 2.791700 195.423800 62 44 45
-1.642000 2.795200 195.423900 48 46 57
-1.642000 2.797500 195.424000 52 38 35
-1.642000 2.800000 195.372700 56 36 24
-1.642000 2.807900 195.423100 55 35 60
-1.642000 2.828600 195.369100 59 43 48
-1.642000 2.834200 195.369300 75 43 39
-1.642000 2.836700 195.369400 51 45 45
-1.641900 2.803600 195.424100 65 49 61
-1.641900 2.826300 195.370200 37 34 29
-1.641900 2.829800 195.369200 47 54 45
-1.641800 2.799900 195.424100 63 45 82
-1.641800 2.801200 195.424100 45 33 73
-1.641700 2.835500 195.369400 65 50 40
-1.641600 2.792900 195.423800 36 51 64
-1.641600 2.802400 195.424200 34 25 33
-1.641500 2.820900 195.371200 70 50 33
-1.641500 2.830900 195.369300 60 47 39
-1.641500 2.833100 195.369400 70 49 55
-1.641400 2.783500 195.423600 50 36 59
-1.641400 2.790600 195.423800 76 40 25
-1.641400 2.801400 195.371700 41 31 25
-1.641300 2.798800 195.424100 43 55 40
-1.641300 2.811800 195.370900 75 40 54
-1.641300 2.832000 195.369300 68 43 48
-1.641200 2.812900 195.371000 64 34 44
-1.641100 2.794200 195.424000 45 43 48
-1.641000 2.789500 195.423800 61 45 46
-1.640900 2.782400 195.423600 51 42 59
-1.640900 2.787200 195.423800 69 40 63
-1.640900 2.788400 195.423800 45 46 39
-1.640900 2.796600 195.424100 36 49 51
-1.640900 2.800300 195.371700 54 31 20
-1.640900 2.801400 195.420700 57 32 41
-1.640800 2.810700 195.371000 60 43 51
-1.640800 2.827700 195.369300 55 51 53
-1.640700 2.781300 195.423600 60 35 38
-1.640700 2.786000 195.423800 53 42 46
-1.640600 2.780200 195.423600 52 44 49
-1.640600 2.784800 195.423700 56 40 29
-1.640600 2.814100 195.371100 70 53 62
-1.640500 2.795600 195.370400 96 91 51
-1.640500 2.796800 195.371700 50 46 24
-1.640500 2.809700 195.371000 35 48 39
-1.640400 2.778000 195.423500 41 38 36
-1.640400 2.807400 195.370900 52 37 53
-1.640200 2.773400 195.423400 14 37 29
-1.640200 2.779100 195.423600 41 41 41
-1.640200 2.806200 195.370900 51 47 45
-1.640100 2.771100 195.423400 61 42 52
-1.640100 2.774600 195.423500 43 48 27
-1.640000 2.772300 195.423400 52 33 54
-1.640000 2.775800 195.423500 51 43 53
-1.640000 2.776900 195.423500 58 40 43
-1.640000 2.794600 195.369300 46 33 27
-1.639900 2.772300 195.424600 48 47 48
-1.639800 2.793400 195.368100 43 46 35
-1.639600 2.765500 195.424400 53 40 40
-1.639600 2.778200 195.422500 43 33 39
-1.639500 2.771200 195.424600 37 45 37
-1.639500 2.794800 195.368200 41 42 19
-1.639400 2.767900 195.424500 15 41 25
-1.639300 2.770100 195.424600 24 32 9
-1.639300 2.770200 195.423400 60 43 59
-1.639200 2.762000 195.424300 54 37 44
-1.639200 2.787700 195.368000 51 35 33
-1.639200 2.795900 195.369500 84 75 46
-1.639100 2.753700 195.422900 51 36 47
-1.639100 2.768000 195.423400 60 36 50
-1.639100 2.771400 195.368500 34 29 40
-1.639100 2.786500 195.368000 81 30 46
-1.639100 2.837300 195.368800 58 61 70
-1.639000 2.758500 195.424200 29 27 46
-1.639000 2.764400 195.424500 46 33 40
-1.638900 2.755000 195.424100 46 15 49
-1.638900 2.759800 195.424300 36 28 44
-1.638900 2.766800 195.424500 35 51 38
-1.638800 2.757500 195.424200 49 33 65
-1.638800 2.761000 195.424300 41 33 43
-1.638800 2.762200 195.370500 54 38 35
-1.638800 2.765700 195.423300 49 40 35
-1.638700 2.742800 195.423700 51 41 42
-1.638700 2.757600 195.370300 30 36 34
-1.638700 2.836100 195.368800 59 43 23
-1.638600 2.763400 195.424500 43 36 48
-1.638500 2.746500 195.423800 27 28 21
-1.638500 2.747700 195.423900 78 44 47
-1.638500 2.753900 195.424100 49 31 39
-1.638500 2.764700 195.369500 32 21 18
-1.638400 2.769400 195.368500 67 34 54
-1.638400 2.770500 195.368600 56 23 40
-1.638300 2.752600 195.424100 29 36 11
-1.638200 2.756400 195.370300 68 33 53
-1.638200 2.758900 195.370500 45 40 36
-1.638200 2.796200 195.368500 41 38 14
-1.638100 2.745400 195.423900 32 41 34
-1.638000 2.749000 195.424000 50 29 39
-1.638000 2.756400 195.424300 57 43 70
-1.638000 2.778700 195.367800 64 48 62
-1.638000 2.835000 195.368900 94 56 47
-1.637900 2.751500 195.424100 52 37 35
-1.637900 2.768400 195.368600 37 47 52
-1.637900 2.781000 195.367900 43 34 57
-1.637900 2.793800 195.367300 47 44 30
-1.637800 2.750300 195.424100 51 30 38
-1.637800 2.763700 195.369600 53 35 40
-1.637600 2.740700 195.423800 55 38 42
-1.637500 2.736000 195.423600 34 32 32
-1.637500 2.792800 195.367300 30 32 22
-1.637400 2.744300 195.423900 23 27 44
-1.637400 2.749300 195.369000 43 45 38
-1.637300 2.748100 195.368900 29 57 24
-1.637200 2.742100 195.423900 45 34 35
-1.637200 2.744300 195.422800 37 33 54
-1.637200 2.750600 195.369100 49 19 37
-1.637100 2.756700 195.369400 52 27 44
-1.637100 2.771900 195.367700 65 48 49
-1.637100 2.783400 195.368200 82 42 42
-1.637100 2.790600 195.367300 78 66 48
-1.637000 2.732700 195.423500 63 29 28
-1.637000 2.758000 195.369400 54 40 28
-1.636900 2.731700 195.424700 61 43 35
-1.636900 2.738600 195.423800 43 23 31
-1.636900 2.751900 195.369200 59 27 32
-1.636900 2.767400 195.368700 54 42 44
-1.636900 2.789500 195.367300 55 57 43
-1.636800 2.731800 195.423500 49 35 21
-1.636800 2.737400 195.423800 43 27 30
-1.636800 2.788300 195.367200 44 47 33
-1.636800 2.795400 195.367600 61 35 14
-1.636700 2.773300 195.367800 81 37 40
-1.636700 2.774400 195.367800 49 26 36
-1.636600 2.734000 195.423700 46 37 38
-1.636600 2.766300 195.368700 58 42 28
-1.636500 2.730600 195.423500 37 53 36
-1.636500 2.739800 195.422700 43 31 46
-1.636500 2.787100 195.367300 50 38 27
-1.636500 2.791900 195.367500 87 41 36
-1.636400 2.730600 195.424700 24 38 18
-1.636400 2.755700 195.369500 43 14 31
-1.636300 2.726200 195.423400 21 28 42
-1.636300 2.728500 195.423500 23 36 18
-1.636300 2.739900 195.423900 74 55 63
-1.636300 2.749600 195.368000 56 30 37
-1.636300 2.837800 195.368100 52 52 63
-1.636200 2.710700 195.469600 175 148 143
-1.636200 2.735200 195.423700 15 25 24
-1.636200 2.750800 195.368100 47 34 19
-1.636200 2.765300 195.368800 55 31 27
-1.636100 2.710800 195.443900 206 184 182
-1.636100 2.727300 195.423500 20 22 22
-1.636100 2.748400 195.368000 26 43 27
-1.636100 2.838900 195.368200 73 52 58
-1.636000 2.710800 195.452100 184 155 164
-1.636000 2.724000 195.423400 47 31 24
-1.636000 2.725100 195.423400 29 28 22
-1.636000 2.729600 195.423600 15 36 18
-1.635900 2.710800 195.453300 181 166 154
-1.635900 2.710800 195.468400 168 149 142
-1.635900 2.721600 195.423300 15 35 27
-1.635900 2.722800 195.423300 55 32 27
-1.635900 2.771100 195.367800 59 33 42
-1.635900 2.786000 195.367300 57 48 39
-1.635800 2.709600 195.435700 77 46 55
-1.635800 2.710800 195.461400 160 138 146
-1.635800 2.710900 195.442800 215 179 205
-1.635800 2.710900 195.445100 183 177 164
-1.635800 2.710900 195.454500 173 154 149
-1.635800 2.712000 195.425200 65 28 38
-1.635700 2.710900 195.425200 37 19 27
-1.635700 2.710900 195.455700 184 134 156
-1.635700 2.710900 195.462600 181 142 137
-1.635700 2.710900 195.470800 170 153 138
-1.635700 2.728700 195.370700 65 32 44
-1.635700 2.840100 195.368300 71 50 52
-1.635600 2.710900 195.451000 179 155 161
-1.635600 2.754700 195.369600 52 27 27
-1.635600 2.763000 195.369900 60 43 33
-1.635500 2.709700 195.439300 70 47 54
-1.635500 2.710900 195.473100 168 148 157
-1.635500 2.711000 195.441700 220 185 205
-1.635500 2.713300 195.424200 57 32 28
-1.635400 2.709700 195.434600 45 54 29
-1.635400 2.710900 195.472000 179 157 148
-1.635400 2.711000 195.460300 146 139 135
-1.635400 2.719400 195.423300 55 31 22
-1.635400 2.720600 195.423300 40 41 31
-1.635400 2.759500 195.369800 63 42 37
-1.635400 2.764300 195.368800 72 48 49
-1.635400 2.796800 195.367800 80 46 38
-1.635300 2.711000 195.466200 184 146 156
-1.635300 2.711000 195.474300 167 152 151
-1.635300 2.714600 195.423100 49 29 51
-1.635300 2.770200 195.367900 81 34 53
-1.635200 2.709800 195.431100 96 52 46
-1.635200 2.709800 195.437000 91 51 77
-1.635200 2.709800 195.438100 92 49 84
-1.635200 2.709800 195.440500 91 55 67
-1.635200 2.711000 195.467400 169 142 145
-1.635200 2.711100 195.439400 223 188 202
-1.635200 2.718200 195.423200 37 28 28
-1.635200 2.753500 195.369600 56 33 28
-1.635200 2.785000 195.367400 70 46 43
-1.635100 2.709800 195.430000 74 48 53
-1.635100 2.711100 195.426500 31 55 54
-1.635100 2.711100 195.440600 234 168 191
-1.635100 2.711100 195.448700 181 144 150
-1.635100 2.711100 195.456900 174 137 154
-1.635100 2.711100 195.463900 184 152 134
-1.635100 2.711100 195.465000 177 151 142
-1.635100 2.715800 195.423200 43 21 39
-1.635100 2.760900 195.369900 72 37 31
-1.635000 2.711100 195.447600 187 157 167
-1.635000 2.726600 195.370700 34 32 37
-1.634900 2.709800 195.432300 90 40 49
-1.634900 2.711100 195.446400 162 161 163
-1.634900 2.711100 195.449900 179 150 171
-1.634900 2.711100 195.458100 168 145 146
-1.634900 2.717100 195.423200 46 26 37
-1.634800 2.709900 195.427700 37 37 24
-1.634800 2.741600 195.367900 67 40 21
-1.634800 2.781800 195.367300 59 62 60
-1.634600 2.710000 195.433600 75 44 66
-1.634600 2.711200 195.459300 173 138 153
-1.634600 2.740400 195.367900 49 38 24
-1.634600 2.742900 195.368000 29 35 25
-1.634500 2.710000 195.428900 66 55 55
-1.634500 2.710000 195.442900 69 43 44
-1.634500 2.762100 195.370100 38 20 8
-1.634500 2.769200 195.368000 73 63 69
-1.634500 2.780600 195.367400 63 55 51
-1.634400 2.710000 195.455800 67 52 58
-1.634200 2.733600 195.368800 34 42 32
-1.634200 2.779600 195.367400 74 53 59
-1.634100 2.729200 195.369800 42 19 19
-1.634100 2.783000 195.367500 69 56 57
-1.634000 2.719900 195.369400 31 23 27
-1.633800 2.721200 195.369500 45 34 31
-1.633800 2.730300 195.369900 49 47 33
-1.633800 2.750200 195.367300 85 44 40
-1.633700 2.728100 195.369800 28 25 23
-1.633600 2.717600 195.369300 28 26 21
-1.633500 2.732700 195.368900 58 50 40
-1.633500 2.758900 195.368900 51 53 40
-1.633400 2.757600 195.368900 58 45 56
-1.633400 2.840500 195.367600 68 55 46
-1.633300 2.716400 195.369300 34 33 17
-1.633300 2.718800 195.369400 43 33 45
-1.633300 2.839500 195.367600 80 60 55
-1.633200 2.793800 195.367000 76 47 45
-1.633100 2.722500 195.369700 65 41 37
-1.633100 2.727200 195.369900 29 46 39
-1.633100 2.777600 195.367500 85 67 48
-1.633100 2.791500 195.366900 98 44 37
-1.633100 2.841800 195.367700 42 36 36
-1.632900 2.748000 195.367400 48 50 34
-1.632900 2.792700 195.367000 111 71 59
-1.632800 2.749300 195.367400 60 55 43
-1.632800 2.776500 195.367500 72 61 54
-1.632800 2.837200 195.368700 70 37 55
-1.632800 2.846400 195.369100 93 53 59
-1.632700 2.746900 195.367300 52 42 32
-1.632600 2.735100 195.368000 58 53 48
-1.632600 2.751800 195.367600 74 65 31
-1.632600 2.789200 195.366900 50 56 42
-1.632500 2.737400 195.368100 46 51 41
-1.632400 2.703400 195.418400 65 38 37
-1.632400 2.731800 195.369100 99 50 39
-1.632400 2.790500 195.367000 70 48 44
-1.632300 2.706000 195.369000 40 22 23
-1.632300 2.721600 195.368600 44 30 33
-1.632300 2.736300 195.368100 38 58 47
-1.632300 2.744600 195.367300 59 43 32
-1.632300 2.838600 195.367700 80 41 55
-1.632100 2.703500 195.417200 98 40 52
-1.632100 2.726200 195.370000 23 33 25
-1.632100 2.734100 195.368000 69 43 40
-1.632100 2.798600 195.368500 83 54 49
-1.632000 2.715700 195.369500 42 26 21
-1.632000 2.725200 195.370000 49 34 30
-1.632000 2.844300 195.368000 81 49 45
-1.631900 2.720500 195.368600 43 37 39
-1.631800 2.712200 195.369400 48 37 35
-1.631800 2.714500 195.369500 56 25 34
-1.631800 2.741100 195.367200 47 53 23
-1.631700 2.742400 195.367300 57 55 32
-1.631700 2.743600 195.367400 44 42 22
-1.631600 2.713300 195.369500 62 43 41
-1.631600 2.724100 195.370000 64 31 30
-1.631600 2.745900 195.367500 73 44 35
-1.631600 2.845500 195.368100 83 44 50
-1.631500 2.785900 195.366900 55 41 40
-1.631400 2.709900 195.369300 42 34 27
-1.631200 2.711100 195.369400 43 29 27
-1.631200 2.784800 195.366900 48 46 52
-1.631200 2.787100 195.367100 55 53 49
-1.631100 2.701500 195.368900 17 50 40
-1.631100 2.718200 195.368600 53 36 44
-1.631000 2.694500 195.368600 75 20 25
-1.631000 2.695600 195.368700 57 33 18
-1.631000 2.696800 195.368700 20 36 20
-1.631000 2.700400 195.368900 52 43 48
-1.631000 2.760600 195.369400 43 28 25
-1.630900 2.788400 195.367100 48 37 40
-1.630700 2.733500 195.368200 69 33 29
-1.630600 2.717200 195.368600 50 36 37
-1.630600 2.731200 195.369300 65 62 46
-1.630600 2.740300 195.367400 42 53 19
-1.630400 2.706600 195.368100 51 47 34
-1.630400 2.762000 195.369600 71 49 46
-1.630200 2.723300 195.369000 70 33 40
-1.630000 2.719700 195.368900 25 29 29
-1.629800 2.709200 195.368400 58 27 34
-1.629800 2.763300 195.369800 67 24 30
-1.629600 2.708000 195.368400 67 45 45
-1.629500 2.739400 195.367600 95 74 60
-1.629500 2.784000 195.367200 80 57 62
-1.629400 2.842500 195.367200 86 70 75
-1.629300 2.730400 195.369500 29 37 16
-1.629300 2.738300 195.367600 91 72 51
-1.629200 2.710500 195.368600 42 24 36
-1.629200 2.841400 195.367200 95 55 46
-1.629000 2.704500 195.368300 66 49 24
-1.629000 2.705700 195.368400 43 67 21
-1.628900 2.696200 195.367900 55 46 48
-1.628900 2.729300 195.369600 47 55 39
-1.628900 2.737200 195.367600 42 48 32
-1.628900 2.840300 195.367200 91 63 53
-1.628800 2.697400 195.368000 42 18 19
-1.628800 2.698600 195.368000 37 28 20
-1.628800 2.736100 195.367500 81 32 53
-1.628800 2.844900 195.367400 63 56 42
-1.628700 2.843700 195.367400 60 68 52
-1.628500 2.701200 195.368200 66 45 52
-1.628500 2.702300 195.368300 44 48 41
-1.628500 2.732800 195.368600 92 49 42
-1.628300 2.695300 195.368000 43 42 18
-1.628300 2.711900 195.368800 31 35 34
-1.628300 2.727300 195.369600 64 50 46
-1.628100 2.764800 195.368900 103 71 46
-1.628100 2.846100 195.367600 101 47 56
-1.628000 2.700000 195.368300 90 33 39
-1.628000 2.713200 195.368900 60 51 46
-1.627800 2.703700 195.368500 47 36 16
-1.627500 2.760400 195.368900 72 75 73
-1.627500 2.776600 195.367200 61 37 40
-1.627500 2.777700 195.367300 81 62 61
-1.627400 2.717000 195.369200 49 38 35
-1.627400 2.726500 195.369700 74 43 42
-1.627400 2.735400 195.367700 72 37 32
-1.627300 2.725200 195.369600 71 37 33
-1.627200 2.723000 195.368300 50 48 42
-1.627100 2.839600 195.367500 73 47 57
-1.626800 2.710000 195.367800 69 36 38
-1.626800 2.748400 195.367300 48 57 45
-1.626700 2.764100 195.369200 110 68 53
-1.626700 2.801100 195.369600 87 78 54
-1.626700 2.848700 195.369100 78 56 76
-1.626600 2.694500 195.368200 43 51 24
-1.626600 2.745000 195.367200 92 59 50
-1.626600 2.750800 195.367400 92 50 62
-1.626400 2.711300 195.367900 52 40 48
-1.626400 2.838500 195.368800 60 44 47
-1.626300 2.714800 195.369300 54 46 34
-1.626200 2.747300 195.367300 93 47 48
-1.626000 2.709000 195.367900 59 36 35
-1.625800 2.850000 195.369300 91 69 69
-1.625600 2.787200 195.366900 99 52 53
-1.625500 2.716200 195.369500 40 42 22
-1.625500 2.762000 195.369300 95 59 76
-1.625500 2.788400 195.366900 94 62 69
-1.625300 2.708000 195.367900 63 57 38
-1.625300 2.740500 195.367200 104 81 78
-1.625300 2.793200 195.367200 112 73 71
-1.625300 2.847800 195.368100 76 43 53
-1.625200 2.763300 195.369400 69 43 61
-1.625000 2.738300 195.367100 43 37 38
-1.624600 2.739500 195.367200 60 66 58
-1.624600 2.766900 195.367300 50 62 54
-1.624500 2.697500 195.367600 58 37 43
-1.624400 2.698700 195.367600 53 31 37
-1.624300 2.699900 195.367700 56 53 41
-1.624300 2.735200 195.368300 55 34 14
-1.624200 2.702400 195.367800 54 45 38
-1.624200 2.764700 195.368500 98 48 36
-1.624200 2.776200 195.366600 87 55 38
-1.624200 2.845800 195.367100 74 46 44
-1.624100 2.701100 195.367800 91 53 42
-1.624100 2.844600 195.367100 69 59 48
-1.623900 2.765900 195.367400 92 52 57
-1.623600 2.737500 195.367300 88 48 62
-1.623600 2.849300 195.368500 81 66 69
-1.623500 2.696700 195.367700 59 48 47
-1.622900 2.777700 195.366900 83 62 59
-1.622800 2.778800 195.367000 80 47 49
-1.622700 2.785600 195.367300 98 71 51
-1.622600 2.774300 195.366800 73 44 63
-1.622500 2.736700 195.367500 75 36 52
-1.622500 2.850700 195.368800 73 51 56
-1.622100 2.771000 195.366800 60 53 47
-1.622100 2.780200 195.367200 106 49 51
-1.621900 2.765200 195.367700 94 44 53
-1.621800 2.768800 195.366800 88 47 63
-1.621700 2.734700 195.368700 71 38 32
-1.621600 2.767700 195.366800 97 56 64
-1.621600 2.784800 195.367500 90 80 29
-1.621400 2.766500 195.366700 108 37 41
-1.621300 2.770100 195.366900 49 49 53
-1.621000 2.783800 195.367600 80 59 43
-1.620900 2.839500 195.368600 67 54 51
-1.620300 2.849900 195.368000 55 48 49
-1.620200 2.782800 195.367700 43 36 23
-1.620200 2.803600 195.369700 108 90 65
-1.620100 2.781700 195.367600 94 53 56
-1.619700 2.765800 195.367000 109 51 76
-1.619100 2.764800 195.369400 70 42 37
-1.618800 2.736700 195.368100 60 27 55
-1.618500 2.718200 195.369600 46 40 23
-1.618400 2.733400 195.369200 81 51 50
-1.618200 2.734400 195.369300 94 44 50
-1.618200 2.747100 195.367600 52 66 37
-1.617900 2.700600 195.367700 65 52 38
-1.617900 2.701800 195.367700 44 43 30
-1.617800 2.789000 195.367200 118 91 75
-1.617100 2.699600 195.367700 74 32 50
-1.616700 2.698700 195.367800 71 55 58
-1.616500 2.846100 195.367400 131 107 114
-1.616300 2.769000 195.366600 91 52 64
-1.616100 2.840500 195.368400 82 69 81
-1.616000 2.732900 195.369600 43 32 29
-1.615700 2.717700 195.368900 95 60 49
-1.615700 2.719000 195.369000 97 50 46
-1.615700 2.736300 195.368700 65 23 55
-1.615700 2.786200 195.367400 92 74 59
-1.615600 2.734100 195.368600 68 34 51
-1.615500 2.785000 195.367400 94 50 63
-1.615200 2.732000 195.369700 45 24 41
-1.614700 2.737800 195.367700 105 57 89
-1.614700 2.784100 195.367600 63 60 54
-1.614600 2.735400 195.368800 86 33 48
-1.614600 2.776200 195.367200 107 84 87
-1.614000 2.767200 195.366900 93 72 65
-1.613700 2.766100 195.369200 78 34 42
-1.613600 2.783300 195.367700 64 62 41
-1.613400 2.806300 195.371000 96 81 55
-1.613400 2.839800 195.370000 37 47 31
-1.613000 2.774400 195.367400 86 58 54
-1.612900 2.698500 195.368400 70 54 37
-1.612600 2.734900 195.368000 74 44 31
-1.612500 2.766500 195.368300 95 51 51
-1.611800 2.761900 195.370500 107 73 83
-1.611500 2.736300 195.368200 71 43 35
-1.611500 2.737400 195.368300 92 49 69
-1.611400 2.839000 195.370300 66 57 44
-1.611400 2.840200 195.369200 48 42 28
-1.611300 2.701300 195.367700 94 52 78
-1.610900 2.836000 195.370300 119 84 105
-1.610600 2.766900 195.367500 100 53 61
-1.610400 2.700500 195.367800 60 43 52
-1.610400 2.840400 195.368300 90 67 54
-1.610300 2.765800 195.369900 48 55 42
-1.610300 2.786300 195.367300 118 92 74
-1.609900 2.695700 195.370000 106 76 56
-1.609600 2.809500 195.370700 92 57 54
-1.609400 2.749400 195.368100 76 61 50
-1.609400 2.763700 195.369900 117 91 67
-1.609400 2.807100 195.370600 81 81 42
-1.609200 2.808400 195.370700 106 90 71
-1.609100 2.785500 195.367500 92 63 51
-1.608700 2.761500 195.371100 107 87 70
-1.608500 2.740400 195.367800 128 81 69
-1.608500 2.808500 195.372000 107 80 67
-1.608400 2.760300 195.371100 73 45 43
-1.608300 2.699900 195.368100 48 33 20
-1.608200 2.759200 195.369900 93 81 81
-1.608200 2.809800 195.372100 95 68 53
-1.608100 2.811000 195.371000 37 58 29
-1.608100 2.835300 195.370800 123 87 93
-1.607900 2.762900 195.370100 106 100 44
-1.607900 2.766300 195.369100 70 29 29
-1.607900 2.771100 195.367000 96 55 70
-1.607700 2.761700 195.370100 111 96 53
-1.607700 2.784600 195.367700 25 60 47
-1.607400 2.739700 195.368000 125 92 70
-1.607000 2.736400 195.367900 49 73 49
-1.606900 2.699000 195.369500 83 60 44
-1.606900 2.748800 195.368500 63 54 59
-1.606900 2.760600 195.370200 105 82 71
-1.606900 2.766600 195.368100 47 43 28
-1.606800 2.752300 195.368700 65 78 54
-1.606800 2.757100 195.368900 82 92 72
-1.606500 2.735400 195.367900 94 75 39
-1.606400 2.753700 195.368800 118 91 81
-1.606300 2.840100 195.370100 85 45 38
-1.606100 2.742200 195.368300 113 90 69
-1.605800 2.701800 195.367500 98 78 52
-1.605800 2.765800 195.369500 101 49 47
-1.605400 2.737900 195.368200 41 51 36
-1.605400 2.745700 195.368600 88 105 62
-1.605400 2.764600 195.369500 116 94 77
-1.605300 2.748000 195.368800 106 69 64
-1.605300 2.759900 195.369300 109 102 62
-1.605300 2.768200 195.367400 107 71 73
-1.605200 2.714900 195.367100 104 55 62
-1.605200 2.778500 195.367800 71 46 42
-1.605200 2.808100 195.374800 116 101 74
-1.605100 2.766000 195.368500 43 53 40
-1.605100 2.811700 195.370400 37 55 24
-1.605000 2.739100 195.368400 86 70 60
-1.604900 2.712600 195.367100 102 81 50
-1.604900 2.758800 195.369300 81 88 71
-1.604900 2.811700 195.372800 76 50 31
-1.604800 2.700900 195.367600 82 67 72
-1.604800 2.812700 195.371700 52 53 38
-1.604700 2.699700 195.368800 45 36 11
-1.604700 2.716300 195.367300 92 78 59
-1.604700 2.827300 195.374500 84 73 82
-1.604600 2.698500 195.369900 87 73 73
-1.604400 2.714000 195.367200 74 59 41
-1.604400 2.810600 195.370500 67 51 41
-1.604300 2.747200 195.368900 112 82 81
-1.604300 2.764900 195.368600 72 49 47
-1.604000 2.695000 195.369800 99 74 48
-1.604000 2.711700 195.367200 63 63 34
-1.603900 2.809600 195.370600 70 51 42
-1.603900 2.812900 195.370700 63 43 33
-1.603800 2.717700 195.367500 78 69 45
-1.603800 2.767400 195.367600 100 84 54
-1.603800 2.823100 195.374500 113 56 73
-1.603600 2.697500 195.370000 118 71 78
-1.603600 2.825400 195.374700 129 104 111
-1.603500 2.751000 195.368000 101 60 66
-1.603500 2.777800 195.368100 108 76 88
-1.603500 2.824300 195.374600 109 100 87
-1.603300 2.835200 195.371700 118 82 61
-1.603200 2.755600 195.368300 112 73 77
-1.603200 2.766500 195.367700 107 76 51
-1.603200 2.809700 195.374100 112 83 80
-1.603200 2.826600 195.374800 112 82 74
-1.603000 2.700200 195.367900 71 66 65
-1.602900 2.710900 195.367300 104 77 64
-1.602700 2.811000 195.374300 103 86 65
-1.602600 2.808700 195.370800 28 63 24
-1.602400 2.699100 195.369100 36 65 19
-1.602300 2.833300 195.374100 99 74 50
-1.602100 2.709900 195.367400 65 49 34
-1.602000 2.750100 195.368300 75 54 52
-1.602000 2.813300 195.373300 102 56 52
-1.601900 2.765500 195.367800 78 57 39
-1.601800 2.834400 195.373100 53 81 42
-1.601700 2.786100 195.367700 78 73 72
-1.601600 2.762000 195.368900 55 58 32
-1.601400 2.725300 195.367200 103 77 74
-1.601400 2.783900 195.367600 99 58 58
-1.601300 2.785100 195.367700 87 71 69
-1.601300 2.812500 195.374600 135 88 86
-1.601200 2.723000 195.367100 111 69 74
-1.601200 2.835600 195.370900 91 67 53
-1.601100 2.699500 195.368200 73 37 33
-1.601100 2.709100 195.367600 82 56 42
-1.601000 2.721900 195.367100 108 62 62
-1.600800 2.724400 195.367200 95 60 65
-1.600700 2.727900 195.367400 87 69 59
-1.600600 2.749300 195.368500 92 59 37
-1.600600 2.805600 195.371000 81 93 59
-1.600600 2.813600 195.374700 126 82 86
-1.600600 2.832500 195.374300 109 78 56
-1.600500 2.824900 195.374100 123 92 88
-1.600400 2.702200 195.367300 38 48 52
-1.600400 2.783000 195.367800 102 80 50
-1.600400 2.828200 195.374200 107 81 80
-1.600400 2.830400 195.374300 98 103 68
-1.600400 2.831500 195.374300 115 87 84
-1.600400 2.834700 195.372200 84 90 67
-1.600300 2.726800 195.367400 80 68 57
-1.600300 2.829400 195.374300 86 92 57
-1.600200 2.721100 195.367200 104 60 50
-1.600100 2.698600 195.368300 78 74 36
-1.600100 2.703500 195.367400 88 65 42
-1.600000 2.826100 195.374200 109 92 79
-1.600000 2.827200 195.374200 131 99 88
-1.600000 2.833700 195.372200 71 69 74
-1.599900 2.823900 195.374100 128 66 99
-1.599800 2.719900 195.367200 96 77 45
-1.599700 2.730600 195.367700 103 53 46
-1.599700 2.833800 195.373400 46 43 28
-1.599500 2.707100 195.367700 118 84 108
-1.599500 2.834800 195.371200 73 56 56
-1.599300 2.729500 195.367700 125 77 68
-1.599100 2.706100 195.367700 108 83 77
-1.599100 2.813900 195.370500 84 38 29
-1.599000 2.822900 195.374200 111 52 80
-1.598700 2.701500 195.367600 58 63 69
-1.598700 2.708500 195.368000 112 75 72
-1.598600 2.772100 195.367600 96 75 62
-1.598600 2.834000 195.371400 57 64 63
-1.598500 2.742100 195.368500 126 108 63
-1.598400 2.747600 195.368800 103 77 88
-1.598000 2.746500 195.368800 133 119 75
-1.597900 2.767800 195.367600 83 68 39
-1.597900 2.768800 195.367600 77 64 37
-1.597900 2.833000 195.373700 109 73 70
-1.597800 2.719400 195.367500 76 88 40
-1.597800 2.741100 195.368600 88 88 54
-1.597400 2.700600 195.367800 69 45 50
-1.597400 2.819800 195.374400 136 119 104
-1.597300 2.815500 195.373100 84 73 80
-1.597300 2.815500 195.374300 121 96 82
-1.597200 2.697100 195.367600 91 64 80
-1.597200 2.809800 195.370700 42 57 23
-1.597200 2.818900 195.374400 126 103 82
-1.597000 2.744600 195.368900 104 106 95
-1.597000 2.833200 195.372700 92 54 66
-1.596900 2.699500 195.367800 59 58 35
-1.596900 2.780400 195.368300 115 71 58
-1.596900 2.815500 195.372100 103 52 63
-1.596800 2.696000 195.367600 36 69 33
-1.596800 2.745700 195.369000 110 103 27
-1.596800 2.808800 195.370700 64 65 38
-1.596800 2.821100 195.374600 134 92 73
-1.596700 2.698400 195.367800 99 52 61
-1.596600 2.778400 195.368200 88 60 38
-1.596600 2.811200 195.369700 54 43 44
-1.596100 2.767000 195.367800 113 90 62
-1.596000 2.785200 195.367500 98 92 52
-1.596000 2.807800 195.370800 95 77 54
-1.595600 2.818000 195.374600 126 93 73
-1.595500 2.711900 195.367600 110 61 52
-1.595500 2.735200 195.367600 60 59 29
-1.595500 2.766000 195.367900 94 82 34
-1.595500 2.817000 195.374600 116 78 73
-1.595500 2.832500 195.373000 50 35 23
-1.595400 2.810200 195.369900 43 29 22
-1.595300 2.806800 195.370900 108 98 64
-1.595200 2.764900 195.367900 81 63 35
-1.595100 2.757700 195.367600 77 65 17
-1.595000 2.811500 195.368800 70 27 49
-1.594900 2.727100 195.367300 91 50 62
-1.594800 2.805800 195.370900 125 101 54
-1.594800 2.823700 195.373900 118 100 95
-1.594700 2.695500 195.368000 113 72 49
-1.594600 2.738600 195.367900 71 61 34
-1.594600 2.763800 195.368000 59 51 40
-1.594400 2.784400 195.367800 107 82 45
-1.594400 2.810400 195.368900 85 41 27
-1.594300 2.833700 195.372100 92 80 63
-1.594200 2.711100 195.367700 96 56 48
-1.593900 2.760400 195.367900 119 72 56
-1.593900 2.761600 195.368000 102 71 63
-1.593800 2.759200 195.367900 119 87 46
-1.593700 2.822900 195.374100 125 106 112
-1.593600 2.754600 195.367700 113 73 76
-1.593500 2.817400 195.373900 93 87 88
-1.593400 2.762900 195.368100 78 94 71
-1.593300 2.728700 195.367600 106 85 86
-1.593300 2.809500 195.370200 49 28 27
-1.593200 2.733400 195.367900 77 50 49
-1.593100 2.751300 195.367600 100 65 54
-1.593000 2.703200 195.367500 67 55 54
-1.593000 2.776900 195.367700 88 73 54
-1.592900 2.753700 195.367800 116 76 74
-1.592800 2.709100 195.367800 103 75 69
-1.592700 2.710300 195.367900 63 52 42
-1.592500 2.732500 195.368000 77 37 42
-1.592400 2.817700 195.371800 80 47 33
-1.592200 2.820000 195.374200 134 91 81
-1.592200 2.822100 195.374300 132 104 86
-1.592100 2.778300 195.367900 117 71 71
-1.592100 2.818700 195.374200 103 73 61
-1.591800 2.702300 195.367700 87 62 60
-1.591700 2.756200 195.368100 97 56 46
-1.591700 2.818800 195.373100 58 42 28
-1.591600 2.779600 195.368100 78 51 45
-1.591600 2.809900 195.369400 78 14 30
-1.591600 2.833300 195.372600 92 102 44
-1.591500 2.811100 195.368300 122 51 79
-1.591500 2.816700 195.370800 81 35 48
-1.591200 2.812400 195.368400 95 60 67
-1.591200 2.832300 195.372600 130 98 64
-1.591100 2.780800 195.368200 81 57 51
-1.591000 2.701300 195.367800 96 51 43
-1.591000 2.820200 195.373300 76 59 38
-1.591000 2.825800 195.373600 105 97 72
-1.591000 2.831300 195.372600 125 104 83
-1.590900 2.821200 195.373400 85 50 69
-1.590800 2.809000 195.370600 62 48 38
-1.590800 2.824600 195.373500 112 103 74
-1.590700 2.813600 195.368600 119 109 51
-1.590600 2.823500 195.373500 104 84 82
-1.590400 2.823600 195.370100 74 34 32
-1.590400 2.831400 195.370500 50 46 47
-1.590300 2.782000 195.368400 93 55 51
-1.590300 2.822500 195.373500 75 78 47
-1.590200 2.783100 195.368500 96 64 44
-1.590200 2.831400 195.369400 57 49 53
-1.590100 2.822500 195.370100 72 21 57
-1.590000 2.739900 195.367600 109 93 75
-1.589900 2.700400 195.367900 81 51 52
-1.589900 2.830400 195.370500 53 26 38
-1.589800 2.808000 195.370800 128 99 98
-1.589400 2.737800 195.367600 105 78 63
-1.589300 2.807000 195.370800 100 107 78
-1.589100 2.736900 195.367600 100 61 57
-1.589100 2.815100 195.370000 71 44 50
-1.589100 2.823800 195.369300 59 76 53
-1.589100 2.824900 195.370500 46 23 27
-1.589000 2.766400 195.368000 104 103 64
-1.589000 2.830600 195.369600 45 51 47
-1.588900 2.816100 195.370100 106 62 72
-1.588800 2.810500 195.368800 128 42 68
-1.588800 2.826200 195.372800 83 74 53
-1.588700 2.822900 195.369300 72 63 77
-1.588700 2.830600 195.371900 90 82 72
-1.588600 2.831700 195.371900 93 60 59
-1.588500 2.806100 195.370900 125 105 106
-1.588500 2.832800 195.372000 119 65 67
-1.588400 2.712800 195.367700 97 71 60
-1.588400 2.728900 195.367400 84 61 67
-1.588400 2.809500 195.370000 81 51 42
-1.588200 2.761800 195.367800 111 78 78
-1.588000 2.817500 195.370300 118 91 81
-1.587900 2.697500 195.368100 96 63 37
-1.587900 2.819600 195.370500 82 53 72
-1.587900 2.827500 195.371900 94 71 61
-1.587900 2.833000 195.371000 82 71 61
-1.587700 2.730300 195.367600 63 43 53
-1.587700 2.760800 195.367900 122 78 67
-1.587700 2.841500 195.372500 104 85 58
-1.587400 2.818700 195.370500 54 63 67
-1.587400 2.828700 195.372000 119 104 103
-1.587200 2.829900 195.372100 55 61 51
-1.587100 2.756300 195.367800 83 57 49
-1.587100 2.834200 195.372300 125 95 89
-1.587000 2.711900 195.367900 80 85 56
-1.587000 2.734000 195.367900 103 81 66
-1.587000 2.735100 195.367900 91 65 61
-1.587000 2.827700 195.370900 46 43 35
-1.586800 2.830000 195.371100 54 23 42
-1.586600 2.815600 195.369400 100 91 51
-1.586600 2.822100 195.369700 58 48 52
-1.586600 2.825500 195.369800 70 54 58
-1.586400 2.731800 195.367900 90 51 67
-1.586200 2.754200 195.367800 131 86 99
-1.586200 2.804300 195.371200 134 112 104
-1.586000 2.821300 195.369700 56 48 34
-1.585800 2.757700 195.368100 94 58 49
-1.585600 2.704100 195.367700 106 81 68
-1.585600 2.733200 195.368100 77 43 42
-1.585600 2.816900 195.369600 119 102 80
-1.585300 2.746600 195.367700 56 69 43
-1.585000 2.829200 195.371400 35 27 37
-1.584900 2.709100 195.368100 127 87 97
-1.584900 2.747800 195.367800 82 67 29
-1.584700 2.819300 195.369900 103 49 66
-1.584600 2.782400 195.368300 98 72 79
-1.584600 2.818200 195.369900 99 84 53
-1.584500 2.749000 195.367900 116 69 73
-1.584300 2.783500 195.368500 77 78 73
-1.584200 2.703300 195.367900 117 53 53
-1.584200 2.745900 195.367800 124 81 82
-1.584100 2.723300 195.367800 83 59 35
-1.584000 2.824900 195.369100 60 69 50
-1.583800 2.823900 195.369100 107 75 70
-1.583700 2.744800 195.367900 110 65 52
-1.583600 2.702300 195.368000 112 67 49
-1.583600 2.741600 195.367700 105 91 78
-1.583200 2.722400 195.368000 122 81 65
-1.583200 2.811800 195.368800 127 81 82
-1.582800 2.820700 195.369200 111 103 61
-1.582600 2.738700 195.367800 111 80 73
-1.582600 2.807400 195.370900 116 103 90
-1.582500 2.701500 195.368100 78 57 44
-1.582400 2.835200 195.372100 84 76 54
-1.582300 2.810800 195.368900 109 87 75
-1.582200 2.800700 195.370700 130 119 113
-1.582000 2.763400 195.367900 93 74 79
-1.582000 2.823100 195.369400 119 106 61
-1.581800 2.744200 195.368200 108 82 72
-1.581700 2.721600 195.368200 133 98 93
-1.581700 2.732000 195.367600 93 53 61
-1.581600 2.816700 195.369200 115 100 71
-1.581300 2.699500 195.368200 104 55 55
-1.581300 2.803200 195.371000 124 116 64
-1.581300 2.804300 195.371000 127 98 87
-1.581200 2.733200 195.367700 92 68 69
-1.581200 2.762400 195.368000 106 92 85
-1.581100 2.720700 195.368300 60 51 55
-1.581100 2.802100 195.371000 139 98 111
-1.581100 2.826600 195.369700 81 54 55
-1.581000 2.806600 195.371200 130 116 90
-1.580900 2.810000 195.369100 119 68 75
-1.580800 2.735800 195.367900 122 93 80
-1.580800 2.757900 195.367900 78 95 67
-1.580700 2.759000 195.368000 123 95 84
-1.580400 2.805600 195.371200 124 106 92
-1.580400 2.819100 195.369600 128 80 77
-1.580300 2.818000 195.369500 111 92 78
-1.580200 2.788900 195.368300 98 69 46
-1.579900 2.734800 195.368100 120 97 71
-1.579400 2.785700 195.368300 103 72 64
-1.578900 2.808200 195.370500 57 59 49
-1.578800 2.706100 195.367900 116 84 82
-1.578800 2.749400 195.367800 86 85 40
-1.578700 2.784800 195.368400 124 91 83
-1.578600 2.710900 195.368200 110 78 79
-1.578500 2.751600 195.368000 126 88 93
-1.578200 2.723800 195.367800 109 85 56
-1.578100 2.710000 195.368200 94 64 67
-1.578000 2.787200 195.368600 104 73 55
-1.578000 2.798200 195.370200 125 99 103
-1.578000 2.809500 195.369600 115 69 64
-1.577900 2.750700 195.368100 91 92 63
-1.577800 2.784000 195.368500 113 85 72
-1.577700 2.705200 195.368000 119 91 75
-1.577700 2.747600 195.368000 102 81 61
-1.577700 2.797200 195.370300 74 97 55
-1.577600 2.825200 195.369200 115 83 94
-1.577300 2.826300 195.369300 67 64 55
-1.577100 2.746600 195.368000 110 75 56
-1.576900 2.799600 195.370500 93 105 20
-1.576800 2.807500 195.370900 87 83 65
-1.576700 2.802000 195.370700 126 116 87
-1.576600 2.823300 195.369300 84 77 51
-1.576500 2.812100 195.368900 125 96 96
-1.575900 2.821200 195.369400 105 87 44
-1.575800 2.722200 195.368100 103 72 58
-1.575800 2.808900 195.370000 118 76 60
-1.575700 2.811200 195.369000 124 50 103
-1.575600 2.824500 195.369600 88 84 70
-1.575600 2.836500 195.372300 47 62 43
-1.575500 2.745900 195.368300 107 67 55
-1.575500 2.801100 195.370800 117 97 64
-1.575500 2.805600 195.371000 141 104 106
-1.575500 2.806700 195.371100 119 109 116
-1.575400 2.745000 195.368200 98 78 66
-1.575100 2.703700 195.368400 98 66 56
-1.574900 2.820300 195.369500 117 97 78
-1.574700 2.770000 195.368500 132 87 98
-1.574600 2.701500 195.368400 91 61 53
-1.574400 2.717900 195.368100 99 63 84
-1.574400 2.721300 195.368300 98 54 54
-1.574300 2.720200 195.368300 99 64 57
-1.574300 2.808100 195.370200 115 104 89
-1.574200 2.702800 195.368500 81 61 62
-1.574100 2.700500 195.368400 67 53 45
-1.574000 2.764300 195.368300 97 81 68
-1.574000 2.766600 195.368400 105 82 71
-1.573800 2.799200 195.369900 58 43 30
-1.573700 2.736500 195.368100 100 66 39
-1.573600 2.719300 195.368400 92 62 62
-1.573500 2.758800 195.368100 126 94 73
-1.573400 2.787200 195.368300 108 80 44
-1.573400 2.810600 195.369400 104 98 69
-1.572900 2.757700 195.368200 126 92 64
-1.572900 2.769200 195.368800 113 92 79
-1.572900 2.796200 195.370000 72 43 45
-1.572900 2.798300 195.370100 73 43 54
-1.572800 2.786200 195.368400 101 92 37
-1.572400 2.768200 195.368800 124 110 77
-1.572400 2.845500 195.373200 138 120 113
-1.572300 2.797300 195.370100 55 46 27
-1.572300 2.838200 195.373000 75 81 55
-1.572000 2.711800 195.368300 124 98 94
-1.572000 2.755700 195.368200 104 88 76
-1.572000 2.808600 195.369600 127 105 98
-1.571700 2.788700 195.368700 130 113 86
-1.571600 2.708300 195.368100 76 81 67
-1.571500 2.749300 195.368000 91 71 42
-1.571500 2.785500 195.368600 50 88 16
-1.571500 2.809900 195.369700 116 118 94
-1.571500 2.846900 195.372300 129 120 108
-1.571300 2.826500 195.369300 94 69 84
-1.571200 2.799800 195.369300 57 50 34
-1.570700 2.807800 195.369700 105 77 84
-1.570700 2.827700 195.369400 60 53 48
-1.570600 2.844900 195.373500 127 126 107
-1.570400 2.724800 195.368100 110 92 61
-1.570400 2.794500 195.369200 115 88 68
-1.570300 2.798800 195.369400 69 36 50
-1.570300 2.837600 195.372200 60 47 49
-1.570200 2.723800 195.368100 101 86 55
-1.570200 2.839700 195.373400 121 118 97
-1.570100 2.836600 195.371100 59 48 42
-1.570000 2.824700 195.369500 105 75 60
-1.569900 2.747400 195.368200 124 81 75
-1.569700 2.843000 195.370300 71 44 62
-1.569600 2.840800 195.373500 119 119 87
-1.569500 2.812500 195.369100 113 80 77
-1.569500 2.844200 195.373700 154 122 111
-1.569300 2.706600 195.368500 131 81 75
-1.569300 2.819400 195.369400 117 98 88
-1.569300 2.820400 195.369400 120 92 92
-1.569200 2.705500 195.368400 111 77 51
-1.569200 2.847300 195.370500 110 81 70
-1.569100 2.783900 195.369000 106 92 66
-1.569100 2.838800 195.372400 60 43 35
-1.569100 2.840900 195.371400 91 44 48
-1.569000 2.721800 195.368200 110 83 39
-1.569000 2.798100 195.369700 72 57 32
-1.569000 2.843100 195.373700 135 110 119
-1.568800 2.840000 195.372500 92 87 71
-1.568700 2.846300 195.370600 113 86 72
-1.568700 2.848600 195.370700 74 78 51
-1.568600 2.796000 195.369600 124 99 97
-1.568600 2.797200 195.369700 121 99 81
-1.568600 2.841000 195.372600 117 105 78
-1.568600 2.847400 195.369500 64 78 38
-1.568600 2.848600 195.371800 136 109 99
-1.568600 2.849700 195.371800 142 118 116
-1.568500 2.846300 195.372800 144 118 117
-1.568400 2.723000 195.368400 103 78 61
-1.568400 2.842200 195.373800 138 130 122
-1.568300 2.771600 195.368600 100 69 78
-1.568300 2.811700 195.369200 106 99 73
-1.568200 2.719700 195.368200 101 83 62
-1.568200 2.802700 195.368900 83 76 64
-1.568100 2.704600 195.368600 115 82 73
-1.568000 2.703500 195.368500 111 81 49
-1.567900 2.842300 195.370600 80 57 49
-1.567900 2.845400 195.372900 133 120 108
-1.567900 2.848700 195.369700 20 59 18
-1.567800 2.775300 195.368800 111 86 73
-1.567800 2.809500 195.369200 111 68 66
-1.567700 2.769400 195.368600 112 95 56
-1.567700 2.804000 195.369000 109 81 79
-1.567600 2.774100 195.368800 105 91 81
-1.567600 2.846500 195.371900 131 98 93
-1.567400 2.773000 195.368800 92 82 82
-1.567400 2.810800 195.369400 104 81 72
-1.567400 2.840300 195.371700 67 18 49
-1.567300 2.843500 195.373000 140 119 107
-1.567200 2.770600 195.368700 97 71 68
-1.567200 2.829600 195.370200 87 48 62
-1.567200 2.842400 195.372900 127 112 107
-1.567000 2.778800 195.369100 92 93 95
-1.567000 2.830800 195.371400 64 52 44
-1.567000 2.844700 195.373100 131 120 89
-1.567000 2.846600 195.369800 52 44 22
-1.566900 2.742900 195.368600 113 86 72
-1.566800 2.701700 195.368600 113 73 89
-1.566800 2.838300 195.371700 65 45 52
-1.566700 2.805400 195.369200 84 63 31
-1.566500 2.802000 195.369200 83 73 61
-1.566500 2.839400 195.371800 62 26 47
-1.566500 2.845700 195.369900 85 82 72
-1.566300 2.762700 195.368500 121 107 103
-1.566300 2.776700 195.369200 113 94 109
-1.566200 2.696400 195.368500 78 70 77
-1.566200 2.841500 195.370800 60 44 36
-1.566000 2.801000 195.369200 106 67 54
-1.566000 2.843800 195.369900 83 77 71
-1.565900 2.760700 195.368500 112 97 93
-1.565900 2.778000 195.369300 91 93 74
-1.565900 2.834300 195.371700 88 71 56
-1.565800 2.734100 195.368300 116 77 50
-1.565600 2.711200 195.368300 93 70 54
-1.565500 2.765300 195.368800 117 60 66
-1.565400 2.800000 195.369300 108 90 61
-1.565300 2.845000 195.370000 84 88 81
-1.565200 2.787000 195.368700 106 101 88
-1.564900 2.695600 195.368700 81 78 61
-1.564900 2.710300 195.368300 110 70 58
-1.564900 2.732000 195.368300 76 71 55
-1.564800 2.827900 195.369400 110 86 82
-1.564400 2.829000 195.369600 60 54 54
-1.563800 2.758900 195.368800 129 76 93
-1.563800 2.786300 195.368900 105 83 73
-1.563500 2.725700 195.368300 101 93 64
-1.563500 2.799400 195.369600 119 103 86
-1.563500 2.833700 195.372200 80 59 43
-1.563400 2.821700 195.369500 81 43 29
-1.563300 2.709500 195.368600 103 55 53
-1.563300 2.726900 195.368400 92 90 55
-1.563300 2.784100 195.368900 121 92 73
-1.563300 2.785200 195.369000 119 81 59
-1.563100 2.708400 195.368500 110 76 74
-1.563100 2.731500 195.368600 126 92 87
-1.563000 2.820800 195.369500 86 52 40
-1.562900 2.832700 195.372200 67 61 54
-1.562800 2.797300 195.369600 126 117 87
-1.562700 2.843300 195.370500 62 64 46
-1.562600 2.811900 195.369200 103 92 48
-1.562600 2.849700 195.369600 111 82 80
-1.562500 2.815200 195.369400 119 84 89
-1.562500 2.841300 195.371600 72 58 60
-1.562400 2.798600 195.369800 133 98 68
-1.562200 2.782200 195.369100 76 75 74
-1.562200 2.783300 195.369100 76 61 50
-1.562100 2.729500 195.368700 112 59 56
-1.562100 2.773200 195.368600 129 102 87
-1.562100 2.848700 195.369700 111 96 88
-1.561800 2.770900 195.368600 99 62 59
-1.561600 2.772100 195.368700 117 68 78
-1.561600 2.777800 195.368900 105 103 77
-1.561600 2.831900 195.371300 66 48 36
-1.561500 2.705500 195.368700 102 68 60
-1.561500 2.730700 195.368900 112 75 63
-1.561500 2.745400 195.368500 92 67 45
-1.561500 2.746500 195.368600 117 68 56
-1.561500 2.816500 195.369600 92 81 49
-1.561500 2.830700 195.370200 66 38 69
-1.561100 2.817700 195.369700 96 77 65
-1.561100 2.847800 195.369800 116 101 85
-1.561000 2.744600 195.368600 86 96 62
-1.560900 2.835300 195.371600 50 63 51
-1.560800 2.793500 195.369800 136 119 89
-1.560300 2.833300 195.371600 90 45 51
-1.560300 2.834300 195.371700 65 43 35
-1.559900 2.764400 195.368600 97 80 84
-1.559900 2.769100 195.368900 73 62 44
-1.559600 2.743700 195.368800 110 73 67
-1.559600 2.765700 195.368800 119 104 106
-1.559300 2.733500 195.368300 101 77 46
-1.558700 2.742900 195.368900 103 78 65
-1.558700 2.789600 195.368900 112 56 95
-1.558500 2.829200 195.369600 108 80 76
-1.558400 2.788700 195.368900 107 65 69
-1.558300 2.720200 195.368900 98 69 48
-1.558300 2.741900 195.368900 92 57 54
-1.558200 2.719200 195.368900 130 92 74
-1.558200 2.792000 195.369100 91 74 47
-1.558100 2.787700 195.368900 82 64 40
-1.558000 2.830400 195.369700 98 88 78
-1.557900 2.733000 195.368500 110 71 56
-1.557700 2.695600 195.368800 62 57 38
-1.557700 2.828300 195.369700 119 71 88
-1.557600 2.762900 195.369000 91 95 49
-1.557500 2.711200 195.368600 103 52 43
-1.557300 2.793200 195.369400 106 107 64
-1.557200 2.760600 195.368900 113 60 48
-1.557100 2.710200 195.368600 70 82 58
-1.557000 2.823000 195.369600 94 78 36
-1.556900 2.827500 195.369800 95 55 47
-1.556800 2.732000 195.368700 101 81 72
-1.556800 2.753200 195.368700 98 88 62
-1.556800 2.831700 195.370000 87 74 78
-1.556700 2.797700 195.369700 84 71 63
-1.556600 2.822100 195.369600 121 69 75
-1.556500 2.757500 195.368900 109 77 56
-1.556500 2.759700 195.369000 113 77 45
-1.556500 2.816600 195.369400 56 84 42
-1.556400 2.731100 195.368700 107 67 76
-1.556300 2.813300 195.369300 123 100 81
-1.556200 2.709400 195.368700 91 84 44
-1.556200 2.817700 195.369500 47 70 50
-1.556100 2.758700 195.369100 106 53 42
-1.556000 2.826400 195.369900 126 104 84
-1.555900 2.815500 195.369500 61 92 66
-1.555900 2.818900 195.369600 91 74 35
-1.555900 2.821200 195.369700 126 77 92
-1.555800 2.814500 195.369500 131 98 89
-1.555800 2.835300 195.370300 67 52 31
-1.555700 2.779300 195.369000 134 65 67
-1.555700 2.839500 195.371600 61 44 57
-1.555600 2.747100 195.368600 106 95 63
-1.555600 2.755600 195.369000 103 87 53
-1.555500 2.756700 195.369100 117 74 56
-1.555500 2.810100 195.369300 94 99 57
-1.555400 2.820100 195.369800 129 81 85
-1.555400 2.841600 195.371800 52 59 50
-1.555300 2.825600 195.370000 104 63 74
-1.555300 2.836500 195.370500 60 47 42
-1.555200 2.824500 195.370000 72 92 64
-1.555100 2.708500 195.368900 105 74 41
-1.555100 2.748300 195.368700 123 76 80
-1.555100 2.750400 195.368800 118 75 77
-1.555100 2.751400 195.368900 104 54 47
-1.555000 2.833300 195.370400 55 48 56
-1.555000 2.834400 195.370500 56 73 50
-1.554900 2.807000 195.369300 98 97 86
-1.554900 2.811300 195.369500 136 111 93
-1.554800 2.850100 195.370000 119 101 98
-1.554700 2.752600 195.369000 110 73 53
-1.554600 2.812500 195.369600 101 87 96
-1.554500 2.746300 195.368700 107 96 68
-1.554400 2.843900 195.370900 105 96 84
-1.554300 2.837700 195.370700 54 56 44
-1.554200 2.802600 195.369200 111 87 69
-1.554200 2.803700 195.369300 137 78 90
-1.554200 2.809300 195.369600 121 94 94
-1.554000 2.838800 195.370800 59 50 43
-1.553900 2.849200 195.370100 101 86 71
-1.553800 2.843000 195.371000 86 73 54
-1.553700 2.722800 195.368800 99 73 71
-1.553700 2.847300 195.370100 101 87 62
-1.553700 2.848300 195.370100 48 84 41
-1.553400 2.808400 195.369700 112 65 71
-1.553300 2.840000 195.371000 43 34 35
-1.553200 2.767300 195.368900 105 94 46
-1.553200 2.768400 195.368900 81 90 47
-1.553200 2.841100 195.371100 63 36 29
-1.553000 2.801800 195.369400 122 92 68
-1.552900 2.842100 195.371100 70 58 42
-1.552700 2.742300 195.368900 90 70 59
-1.552600 2.700500 195.368900 85 80 54
-1.552500 2.701600 195.368900 92 64 52
-1.552500 2.792200 195.369100 112 64 42
-1.552400 2.720800 195.368900 118 95 67
-1.552400 2.737900 195.368700 119 76 64
-1.552400 2.794400 195.369200 111 96 59
-1.552300 2.719800 195.368900 122 85 78
-1.552300 2.722000 195.369000 118 73 77
-1.552300 2.738900 195.368800 69 66 31
-1.552300 2.846500 195.370300 111 74 78
-1.552200 2.735500 195.368600 123 83 75
-1.552200 2.836000 195.369900 76 68 44
-1.552100 2.788000 195.369000 108 65 65
-1.552100 2.799900 195.369500 107 91 60
-1.552100 2.837100 195.370000 103 88 65
-1.552000 2.791200 195.369100 132 93 90
-1.552000 2.793400 195.369200 94 88 45
-1.552000 2.801000 195.369600 124 74 56
-1.551900 2.740200 195.368900 98 73 76
-1.551900 2.785800 195.368900 106 96 57
-1.551900 2.786900 195.368900 108 94 66
-1.551900 2.790300 195.369100 122 86 72
-1.551800 2.741400 195.369000 98 85 73
-1.551700 2.718800 195.368900 103 73 35
-1.551700 2.789200 195.369100 101 102 87
-1.551600 2.736900 195.368800 112 80 58
-1.551600 2.798900 195.369600 105 66 56
-1.551500 2.699700 195.369000 60 77 40
-1.551200 2.795800 195.369500 92 76 61
-1.551200 2.796900 195.369600 125 91 82
-1.551000 2.781600 195.368900 103 95 78
-1.550800 2.798000 195.369700 118 77 93
-1.550700 2.785000 195.369100 94 70 51
-1.550500 2.806800 195.369000 103 93 79
-1.550400 2.783900 195.369100 124 83 87
-1.550200 2.712300 195.368800 65 74 48
-1.550100 2.783000 195.369100 106 92 83
-1.550000 2.699000 195.369300 101 65 54
-1.550000 2.711200 195.368800 110 81 49
-1.550000 2.780700 195.369000 110 108 77
-1.549500 2.695900 195.369200 102 57 71
-1.549400 2.694800 195.369100 84 66 56
-1.549300 2.777500 195.369000 110 84 82
-1.549300 2.779900 195.369100 90 109 43
-1.549200 2.748800 195.368700 110 86 59
-1.549200 2.755200 195.369100 108 81 46
-1.549100 2.756200 195.369100 117 91 76
-1.549100 2.758400 195.369200 84 69 45
-1.549000 2.778700 195.369100 119 93 77
-1.548900 2.776500 195.369000 96 81 57
-1.548800 2.750000 195.368900 119 93 81
-1.548700 2.752200 195.369000 105 68 87
-1.548700 2.753100 195.369000 97 68 65
-1.548400 2.748000 195.368800 87 76 61
-1.548400 2.751100 195.369000 100 70 90
-1.548300 2.757500 195.369300 112 77 79
-1.548100 2.726700 195.368900 59 45 20
-1.548100 2.754400 195.369200 110 82 57
-1.548100 2.774300 195.369100 128 83 54
-1.547800 2.730200 195.369100 84 69 39
-1.547800 2.775600 195.369200 119 87 36
-1.547700 2.747000 195.368900 81 85 50
-1.547600 2.772200 195.369100 102 80 83
-1.547600 2.773300 195.369100 103 68 55
-1.547500 2.744900 195.368800 73 75 62
-1.547400 2.769900 195.369000 103 65 67
-1.547200 2.725800 195.369000 76 49 44
-1.547000 2.728100 195.369100 87 47 35
-1.547000 2.746100 195.369000 93 74 67
-1.546900 2.769000 195.369000 119 71 55
-1.546800 2.744000 195.368900 77 83 36
-1.546700 2.771200 195.369200 74 69 48
-1.546600 2.724900 195.369100 121 74 88
-1.546600 2.729300 195.369300 103 61 42
-1.546500 2.767800 195.369100 109 65 37
-1.546400 2.742900 195.368900 105 77 36
-1.546200 2.722700 195.369000 93 66 43
-1.546200 2.740700 195.368800 118 78 77
-1.546100 2.723800 195.369100 112 75 85
-1.546100 2.741800 195.368900 104 96 71
-1.546000 2.766900 195.369100 113 75 69
-1.545900 2.739700 195.368800 98 70 64
-1.545900 2.762500 195.368900 67 74 60
-1.545800 2.709100 195.369500 72 68 62
-1.545800 2.763600 195.369000 122 92 112
-1.545700 2.721800 195.369100 100 68 48
-1.545700 2.764800 195.369100 129 90 102
-1.545600 2.706000 195.369300 60 59 57
-1.545500 2.737400 195.368800 105 72 67
-1.545400 2.707100 195.369400 70 60 32
-1.545400 2.717200 195.368900 107 77 69
-1.545400 2.720700 195.369100 83 58 39
-1.545400 2.738600 195.368900 91 69 60
-1.545100 2.761600 195.369000 67 91 67
-1.544900 2.718500 195.369000 92 61 71
-1.544900 2.736600 195.368900 78 52 57
-1.544700 2.734400 195.368800 112 74 69
-1.544700 2.735500 195.368900 117 65 86
-1.544500 2.733400 195.368800 111 76 54
-1.544400 2.714000 195.368900 93 87 73
-1.544300 2.700800 195.369300 80 85 92
-1.544300 2.712900 195.368800 75 73 71
-1.544300 2.716300 195.369000 83 76 90
-1.544200 2.720000 195.369200 82 81 53
-1.544100 2.715200 195.369000 72 71 83
-1.543800 2.699900 195.369300 97 51 87
-1.543500 2.712000 195.368900 93 82 51
-1.543400 2.698800 195.369300 81 68 68
-1.543300 2.695500 195.369100 46 68 36
-1.543300 2.697900 195.369300 72 65 56
-1.542900 2.696900 195.369300 65 47 59
-1.542300 2.694700 195.369300 66 81 59
-1.542300 2.770200 195.346600 106 68 93
-1.542300 2.770200 195.360000 108 117 95
-1.542300 2.770200 195.361100 115 105 83
-1.542200 2.770200 195.347700 86 86 87
-1.542200 2.770200 195.351100 96 83 68
-1.542200 2.770200 195.353300 110 96 100
-1.542100 2.770200 195.363400 95 90 94
-1.541800 2.711400 195.369200 88 67 62
-1.636400 2.710500 195.535600 207 188 175
-1.636300 2.709200 195.552900 49 33 41
-1.636200 2.709400 195.488100 63 29 12
-1.636100 2.710500 195.584100 186 174 143
-1.636000 2.709500 195.480000 45 23 65
-1.636000 2.710600 195.534500 203 184 157
-1.635800 2.710600 195.564500 199 167 149
-1.635800 2.710600 195.585200 184 154 157
-1.635800 2.710600 195.599000 157 137 138
-1.635800 2.710600 195.618600 176 149 176
-1.635800 2.710700 195.531000 236 169 200
-1.635800 2.710700 195.544900 185 162 164
-1.635700 2.710600 195.617400 129 157 156
-1.635700 2.710600 195.633500 136 135 126
-1.635700 2.710700 195.539100 209 180 182
-1.635700 2.710800 195.487100 207 167 173
-1.635700 2.710800 195.492800 181 187 180
-1.635700 2.710800 195.525300 206 180 184
-1.635600 2.710600 195.597900 188 149 159
-1.635600 2.710600 195.603600 149 132 149
-1.635600 2.710600 195.605900 152 148 137
-1.635600 2.710600 195.625500 141 168 154
-1.635600 2.710700 195.563400 193 189 159
-1.635600 2.710700 195.579500 184 170 156
-1.635600 2.710800 195.491700 206 190 188
-1.635600 2.710800 195.494000 196 175 188
-1.635600 2.710800 195.513700 219 169 194
-1.635600 2.710800 195.526400 206 180 185
-1.635500 2.710600 195.604800 173 151 156
-1.635500 2.710600 195.615200 133 141 151
-1.635500 2.710600 195.616300 154 160 157
-1.635500 2.710600 195.619700 160 156 155
-1.635500 2.710600 195.622000 146 157 159
-1.635500 2.710600 195.623200 151 142 144
-1.635500 2.710600 195.634700 143 127 157
-1.635500 2.710600 195.635800 152 143 151
-1.635500 2.710700 195.589800 173 159 168
-1.635500 2.710700 195.591000 180 155 165
-1.635500 2.710800 195.506800 222 201 185
-1.635500 2.710800 195.518300 220 185 185
-1.635500 2.710800 195.524100 180 194 181
-1.635500 2.710800 195.529900 208 171 196
-1.635500 2.710800 195.557600 170 163 163
-1.635500 2.710900 195.477800 153 156 152
-1.635400 2.710700 195.586400 183 160 162
-1.635400 2.710700 195.600200 193 162 158
-1.635400 2.710700 195.610500 156 150 146
-1.635400 2.710700 195.624300 171 150 158
-1.635400 2.710800 195.523000 233 206 204
-1.635400 2.710800 195.536900 218 190 193
-1.635400 2.710800 195.538000 194 184 196
-1.635400 2.710800 195.554200 158 166 148
-1.635400 2.710800 195.570300 159 190 157
-1.635400 2.710800 195.578400 164 159 162
-1.635400 2.710800 195.580700 183 173 181
-1.635400 2.710900 195.479000 201 155 164
-1.635400 2.710900 195.488300 208 175 171
-1.635400 2.710900 195.490600 238 210 201
-1.635400 2.710900 195.505600 184 192 177
-1.635400 2.710900 195.511400 205 185 153
-1.635400 2.710900 195.514900 226 164 193
-1.635300 2.710600 195.632400 144 134 155
-1.635300 2.710600 195.637000 105 122 127
-1.635300 2.710600 195.638100 126 133 125
-1.635300 2.710700 195.594500 141 149 133
-1.635300 2.710700 195.601400 146 134 150
-1.635300 2.710700 195.602500 155 152 150
-1.635300 2.710700 195.614000 183 156 181
-1.635300 2.710800 195.553000 213 183 192
-1.635300 2.710800 195.583000 176 158 139
-1.635300 2.710900 195.495200 224 189 188
-1.635300 2.710900 195.502200 203 194 178
-1.635300 2.710900 195.512600 184 184 176
-1.635300 2.710900 195.521900 196 185 187
-1.635200 2.710700 195.607100 189 161 168
-1.635200 2.710700 195.611700 155 136 158
-1.635200 2.710700 195.626600 167 123 145
-1.635200 2.710700 195.627800 166 145 151
-1.635200 2.710800 195.556500 185 172 171
-1.635200 2.710800 195.565700 195 171 160
-1.635200 2.710800 195.571400 186 169 160
-1.635200 2.710800 195.573700 174 158 164
-1.635200 2.710800 195.574900 188 158 149
-1.635200 2.710800 195.587500 145 161 153
-1.635200 2.710800 195.609400 181 149 148
-1.635200 2.710900 195.504500 210 175 171
-1.635200 2.710900 195.507900 214 172 187
-1.635200 2.710900 195.510300 204 177 177
-1.635200 2.710900 195.517200 177 180 155
-1.635200 2.710900 195.533400 215 195 188
-1.635200 2.710900 195.540300 175 173 171
-1.635200 2.710900 195.541500 208 176 182
-1.635200 2.710900 195.543800 183 158 171
-1.635200 2.710900 195.546100 204 162 165
-1.635200 2.710900 195.547300 203 160 183
-1.635200 2.711000 195.480100 198 162 178
-1.635200 2.711000 195.482500 180 167 150
-1.635200 2.711000 195.486000 212 187 174
-1.635100 2.710700 195.630100 147 151 127
-1.635100 2.710800 195.572600 183 159 154
-1.635100 2.710800 195.576000 179 143 153
-1.635100 2.710800 195.588700 160 170 170
-1.635100 2.710800 195.592100 158 136 148
-1.635100 2.710800 195.593300 172 130 136
-1.635100 2.710800 195.595600 183 134 150
-1.635100 2.710800 195.620900 183 150 142
-1.635100 2.710900 195.519600 223 172 205
-1.635100 2.710900 195.532300 193 193 182
-1.635100 2.710900 195.542600 160 167 167
-1.635100 2.710900 195.548400 195 157 171
-1.635100 2.710900 195.558800 175 175 167
-1.635100 2.710900 195.560000 183 162 178
-1.635100 2.710900 195.561100 198 181 165
-1.635100 2.711000 195.475500 166 152 161
-1.635100 2.711000 195.476700 167 150 150
-1.635100 2.711000 195.481300 194 158 147
-1.635100 2.711000 195.499900 213 184 173
-1.635100 2.711000 195.501000 231 204 199
-1.635000 2.710800 195.612900 132 130 139
-1.635000 2.710800 195.629000 124 129 132
-1.635000 2.710800 195.631300 151 156 116
-1.635000 2.710800 195.639300 155 120 119
-1.635000 2.710900 195.555300 189 174 166
-1.635000 2.710900 195.562300 185 183 143
-1.635000 2.710900 195.577200 168 157 145
-1.635000 2.710900 195.581800 187 162 158
-1.635000 2.711000 195.489400 207 192 201
-1.635000 2.711000 195.503300 206 184 188
-1.635000 2.711000 195.516100 238 194 187
-1.634900 2.710800 195.596800 143 137 151
-1.634900 2.710800 195.608200 143 152 152
-1.634900 2.710900 195.550700 204 174 197
-1.634900 2.710900 195.551900 189 151 184
-1.634900 2.710900 195.566900 187 171 152
-1.634900 2.711000 195.498700 209 185 173
-1.634900 2.711000 195.520700 239 179 208
-1.634800 2.710900 195.569200 168 169 162
-1.634800 2.711000 195.527600 221 180 188
-1.634800 2.711000 195.549600 181 169 172
-1.634800 2.711100 195.509200 225 186 194
-1.634700 2.709800 195.486000 95 43 56
-1.634700 2.711000 195.528800 235 172 192
-1.634700 2.711100 195.484800 194 184 187
-1.634700 2.711100 195.496400 218 184 183
-1.634600 2.709700 195.539200 65 37 51
-1.634600 2.709700 195.584100 65 53 31
-1.634600 2.709800 195.490600 63 47 45
-1.634600 2.711100 195.483700 181 170 160
-1.634500 2.709600 195.635800 63 40 67
-1.634500 2.709700 195.610500 82 45 79
-1.634500 2.709800 195.532300 72 36 71
-1.634500 2.709800 195.540300 64 57 75
-1.634400 2.709700 195.634700 55 57 69
-1.634400 2.711100 195.568000 194 168 133
-1.634400 2.711200 195.497600 215 193 176
-1.634300 2.709700 195.626600 94 54 66
-1.636400 2.711100 195.781100 122 100 97
-1.636300 2.710100 195.804400 66 32 49
-1.636300 2.710200 195.754500 59 56 64
-1.636200 2.708900 195.746400 67 69 46
-1.636200 2.710200 195.753300 72 60 73
-1.636200 2.711200 195.793900 132 78 99
-1.636100 2.710200 195.737200 108 52 72
-1.636100 2.710400 195.656500 129 94 123
-1.636100 2.711200 195.777600 126 113 99
-1.636000 2.710200 195.771900 58 58 74
-1.635900 2.711300 195.766000 133 125 114
-1.635900 2.711300 195.776500 116 119 110
-1.635800 2.710300 195.736000 106 68 65
-1.635800 2.710300 195.749900 80 35 78
-1.635800 2.710300 195.752200 84 36 58
-1.635800 2.710400 195.688700 102 76 111
-1.635800 2.711300 195.761400 134 128 154
-1.635800 2.711300 195.795000 134 92 89
-1.635800 2.711300 195.804300 103 65 81
-1.635700 2.710300 195.755600 36 59 55
-1.635700 2.710300 195.756800 76 64 94
-1.635700 2.710300 195.763700 66 67 80
-1.635700 2.710400 195.730200 82 61 46
-1.635700 2.710500 195.645000 137 137 120
-1.635700 2.710500 195.646200 111 113 148
-1.635700 2.710500 195.655400 119 104 133
-1.635700 2.710500 195.689800 123 83 109
-1.635700 2.711300 195.779900 138 107 116
-1.635700 2.711300 195.786800 120 91 102
-1.635700 2.711300 195.792700 112 105 92
-1.635700 2.711400 195.755600 170 130 131
-1.635700 2.711400 195.760200 170 139 126
-1.635600 2.710300 195.748700 115 41 94
-1.635600 2.710300 195.757900 93 62 80
-1.635600 2.710300 195.762600 74 58 68
-1.635600 2.710300 195.767200 99 47 51
-1.635600 2.710400 195.729000 55 60 35
-1.635600 2.710500 195.651900 137 135 122
-1.635600 2.710500 195.666800 99 100 99
-1.635600 2.710500 195.685200 97 74 103
-1.635600 2.710500 195.687500 121 97 54
-1.635600 2.710500 195.691000 70 82 94
-1.635600 2.710500 195.699100 98 73 97
-1.635600 2.711300 195.803100 94 87 90
-1.635600 2.711400 195.767200 135 126 137
-1.635600 2.711400 195.778700 120 104 125
-1.635600 2.711400 195.782200 108 96 109
-1.635500 2.710400 195.740600 88 70 84
-1.635500 2.710400 195.741700 64 58 73
-1.635500 2.710400 195.760200 58 60 32
-1.635500 2.710400 195.761400 65 78 82
-1.635500 2.710500 195.665700 126 111 116
-1.635500 2.710500 195.674900 97 93 114
-1.635500 2.710500 195.684100 67 87 110
-1.635500 2.710500 195.686400 83 66 105
-1.635500 2.710500 195.694500 107 60 94
-1.635500 2.710500 195.700200 64 85 84
-1.635500 2.710500 195.712900 43 68 67
-1.635500 2.710500 195.716300 96 52 103
-1.635500 2.710500 195.720900 42 61 78
-1.635500 2.710600 195.647300 119 130 121
-1.635500 2.710600 195.650800 93 123 113
-1.635500 2.710600 195.657700 88 105 113
-1.635500 2.711400 195.772900 125 108 120
-1.635500 2.711400 195.788000 119 104 114
-1.635400 2.710400 195.751000 78 50 47
-1.635400 2.710500 195.678400 112 104 105
-1.635400 2.710500 195.692200 74 95 98
-1.635400 2.710500 195.695600 44 101 87
-1.635400 2.710500 195.703700 59 70 62
-1.635400 2.710500 195.715200 52 86 84
-1.635400 2.710500 195.731300 94 83 52
-1.635400 2.710600 195.641600 129 124 125
-1.635400 2.710600 195.648500 130 136 139
-1.635400 2.710600 195.654200 125 104 116
-1.635400 2.710600 195.679500 98 107 106
-1.635400 2.711400 195.768300 132 131 146
-1.635400 2.711400 195.771800 122 83 97
-1.635400 2.711400 195.785700 116 97 98
-1.635400 2.711400 195.799600 108 95 109
-1.635300 2.710400 195.759000 112 47 75
-1.635300 2.710400 195.768300 51 47 48
-1.635300 2.710500 195.704800 96 56 67
-1.635300 2.710500 195.717500 80 59 98
-1.635300 2.710500 195.719800 74 69 74
-1.635300 2.710500 195.738300 51 64 60
-1.635300 2.710500 195.742900 53 46 68
-1.635300 2.710500 195.744000 53 64 52
-1.635300 2.710600 195.643900 124 132 134
-1.635300 2.710600 195.676100 92 83 90
-1.635300 2.710600 195.677200 100 84 109
-1.635300 2.710600 195.697900 92 75 69
-1.635300 2.711400 195.789200 124 90 89
-1.635300 2.711400 195.801900 103 80 79
-1.635200 2.710500 195.714000 77 61 87
-1.635200 2.710500 195.718600 63 90 66
-1.635200 2.710500 195.727900 58 77 63
-1.635200 2.710500 195.734800 51 66 35
-1.635200 2.710500 195.764800 60 60 77
-1.635200 2.710600 195.668000 128 107 113
-1.635200 2.710600 195.669100 104 94 103
-1.635200 2.710600 195.670300 63 104 107
-1.635200 2.710600 195.682900 109 84 103
-1.635200 2.710600 195.693300 48 81 83
-1.635200 2.710700 195.642700 146 135 120
-1.635200 2.710700 195.653000 111 97 128
-1.635200 2.711400 195.796100 108 83 90
-1.635200 2.711400 195.798400 96 90 88
-1.635200 2.711500 195.756700 138 133 151
-1.635200 2.711500 195.775200 150 119 77
-1.635200 2.711500 195.784500 106 106 116
-1.635200 2.711500 195.790300 134 88 105
-1.635200 2.711500 195.791500 93 69 77
-1.635100 2.710400 195.801900 63 58 55
-1.635100 2.710400 195.803100 68 44 50
-1.635100 2.710500 195.745200 72 70 81
-1.635100 2.710500 195.774100 96 66 79
-1.635100 2.710500 195.775300 90 48 69
-1.635100 2.710500 195.776400 82 52 73
-1.635100 2.710600 195.661100 124 102 126
-1.635100 2.710600 195.680600 96 98 52
-1.635100 2.710600 195.681800 115 70 107
-1.635100 2.710600 195.701300 60 74 103
-1.635100 2.710700 195.649600 133 125 123
-1.635100 2.710700 195.662300 77 106 102
-1.635100 2.711500 195.769400 131 112 120
-1.635100 2.711500 195.774000 121 116 107
-1.635100 2.711500 195.797200 87 88 71
-1.635100 2.711500 195.800800 101 87 86
-1.635000 2.710500 195.747500 105 58 62
-1.635000 2.710500 195.766000 102 55 89
-1.635000 2.710500 195.791500 58 55 51
-1.635000 2.710600 195.702500 68 66 84
-1.635000 2.710600 195.709400 68 63 56
-1.635000 2.710600 195.711700 96 92 75
-1.635000 2.710600 195.726700 58 69 73
-1.635000 2.710700 195.671400 121 94 110
-1.635000 2.710700 195.673800 106 101 123
-1.635000 2.710800 195.640400 164 135 134
-1.634900 2.710600 195.696700 90 61 79
-1.634900 2.710600 195.708300 56 60 66
-1.634900 2.710600 195.724400 101 77 92
-1.634900 2.710600 195.739300 48 52 55
-1.634900 2.710600 195.746300 64 87 58
-1.634900 2.710700 195.664500 101 107 94
-1.634900 2.711600 195.783300 76 96 64
-1.634800 2.709300 195.752100 67 52 39
-1.634800 2.710500 195.769400 43 52 47
-1.634800 2.710500 195.790300 74 78 77
-1.634800 2.710600 195.722100 55 60 80
-1.634800 2.710600 195.725500 99 62 86
-1.634800 2.710600 195.732400 55 52 67
-1.634800 2.710700 195.710600 46 74 60
-1.634800 2.710800 195.663400 97 122 103
-1.634700 2.710600 195.733600 87 63 50
-1.634700 2.710700 195.705900 59 61 85
-1.634600 2.710700 195.723200 45 68 92
-1.634600 2.710800 195.658800 108 106 103
-1.634600 2.710800 195.659900 113 86 136
-1.634600 2.710800 195.672600 96 103 129
-1.634500 2.710800 195.707100 77 92 37
-1.636800 2.710700 195.958000 92 49 74
-1.636800 2.710700 195.965200 87 43 41
-1.636800 2.710700 195.967700 28 34 10
-1.636700 2.707400 195.893800 73 45 44
-1.636600 2.707400 195.892600 75 36 46
-1.636500 2.707500 195.881900 57 38 39
-1.636500 2.709800 195.923300 30 27 30
-1.636500 2.710800 195.942400 73 44 46
-1.636500 2.710800 195.943500 105 53 67
-1.636500 2.710800 195.956800 91 49 76
-1.636500 2.710800 195.964000 49 80 37
-1.636500 2.710800 195.966400 58 64 53
-1.636500 2.710800 195.968800 68 62 57
-1.636400 2.711000 195.864000 67 56 53
-1.636400 2.711000 195.865200 51 51 33
-1.636300 2.710000 195.817200 76 47 57
-1.636300 2.710000 195.818400 43 62 52
-1.636300 2.710000 195.852300 41 56 60
-1.636300 2.710900 195.918500 49 59 55
-1.636300 2.710900 195.931600 104 61 68
-1.636300 2.710900 195.932700 71 44 61
-1.636300 2.710900 195.941100 90 43 86
-1.636300 2.710900 195.959100 91 55 75
-1.636200 2.709900 195.904200 72 70 75
-1.636200 2.710900 195.911300 41 49 31
-1.636200 2.710900 195.939900 65 50 69
-1.636200 2.710900 195.962700 48 62 55
-1.636200 2.711000 195.892300 84 52 62
-1.636200 2.711000 195.894700 78 48 78
-1.636200 2.711000 195.895900 74 45 52
-1.636200 2.711100 195.855800 32 53 41
-1.636200 2.711100 195.857000 77 60 69
-1.636200 2.711100 195.860500 64 53 72
-1.636200 2.711100 195.873400 76 46 64
-1.636100 2.711000 195.919600 41 38 43
-1.636000 2.710900 195.944600 28 67 31
-1.636000 2.710900 195.955400 54 52 41
-1.636000 2.710900 195.961500 40 67 49
-1.636000 2.711000 195.935100 60 52 46
-1.636000 2.711100 195.879300 24 63 49
-1.636000 2.711200 195.809000 88 68 94
-1.635900 2.710900 195.969900 50 53 48
-1.635900 2.711000 195.910100 83 58 61
-1.635900 2.711000 195.924300 60 48 63
-1.635900 2.711000 195.936200 74 50 87
-1.635900 2.711000 195.948200 70 43 100
-1.635900 2.711200 195.825300 88 65 57
-1.635900 2.711200 195.830000 92 66 90
-1.635900 2.711200 195.837000 20 71 70
-1.635900 2.711200 195.852200 63 68 98
-1.635800 2.711100 195.874600 85 62 70
-1.635800 2.711100 195.878100 53 49 56
-1.635800 2.711100 195.891100 63 54 41
-1.635800 2.711100 195.907700 83 56 84
-1.635800 2.711100 195.927900 64 53 45
-1.635800 2.711100 195.929100 46 44 46
-1.635800 2.711100 195.930300 31 54 42
-1.635800 2.711200 195.805500 116 83 86
-1.635800 2.711200 195.833500 65 62 38
-1.635800 2.711200 195.848700 78 57 62
-1.635700 2.711000 195.949400 65 76 42
-1.635700 2.711000 195.950600 60 55 55
-1.635700 2.711000 195.954200 51 46 41
-1.635700 2.711000 195.960200 71 66 69
-1.635700 2.711100 195.893400 71 46 28
-1.635700 2.711100 195.912400 61 57 58
-1.635700 2.711100 195.920700 67 43 49
-1.635700 2.711100 195.925500 47 49 62
-1.635700 2.711100 195.926700 36 60 45
-1.635700 2.711200 195.821800 62 73 61
-1.635700 2.711200 195.826400 87 60 77
-1.635700 2.711200 195.828800 71 70 69
-1.635700 2.711200 195.832300 65 72 60
-1.635700 2.711200 195.835800 82 46 52
-1.635700 2.711200 195.847500 61 54 65
-1.635700 2.711200 195.853300 88 60 55
-1.635700 2.711200 195.859300 67 74 54
-1.635700 2.711200 195.868700 62 43 55
-1.635700 2.711200 195.872200 67 46 44
-1.635700 2.711300 195.810100 99 81 73
-1.635700 2.711300 195.822900 102 74 60
-1.635600 2.711100 195.947000 36 49 34
-1.635600 2.711100 195.953000 77 60 83
-1.635600 2.711200 195.866300 76 51 50
-1.635600 2.711200 195.876900 59 55 68
-1.635600 2.711300 195.824100 115 58 82
-1.635600 2.711300 195.834600 82 55 56
-1.635500 2.711100 195.917100 43 31 63
-1.635500 2.711100 195.923000 35 40 40
-1.635500 2.711100 195.933800 66 53 46
-1.635500 2.711100 195.945700 58 69 60
-1.635500 2.711100 195.951800 61 43 74
-1.635500 2.711200 195.854500 74 60 43
-1.635500 2.711200 195.858000 52 46 58
-1.635500 2.711200 195.861600 81 44 65
-1.635500 2.711200 195.862700 69 48 69
-1.635500 2.711200 195.867400 53 65 36
-1.635500 2.711200 195.880400 61 66 40
-1.635500 2.711200 195.896900 67 42 55
-1.635500 2.711200 195.899300 41 36 65
-1.635500 2.711200 195.908800 44 55 69
-1.635500 2.711300 195.806600 98 77 79
-1.635500 2.711300 195.814800 80 75 86
-1.635500 2.711300 195.815900 110 67 68
-1.635500 2.711300 195.831100 83 64 68
-1.635500 2.711300 195.838100 107 69 76
-1.635500 2.711300 195.839300 94 57 68
-1.635500 2.711300 195.840500 87 43 68
-1.635400 2.710000 195.961400 51 56 46
-1.635400 2.710200 195.892200 51 59 10
-1.635400 2.710200 195.894600 70 50 55
-1.635400 2.711100 195.938600 50 54 46
-1.635400 2.711200 195.887500 67 41 45
-1.635400 2.711200 195.888600 78 49 62
-1.635400 2.711200 195.898100 67 32 63
-1.635400 2.711200 195.901600 57 29 70
-1.635400 2.711300 195.819400 106 56 86
-1.635400 2.711300 195.820600 94 61 64
-1.635400 2.711300 195.842800 77 55 62
-1.635400 2.711300 195.845100 58 53 33
-1.635400 2.711400 195.807700 107 76 67
-1.635400 2.711400 195.818300 74 67 69
-1.635300 2.710000 195.962600 50 47 37
-1.635300 2.710100 195.950500 93 51 59
-1.635300 2.711200 195.904000 69 49 62
-1.635300 2.711200 195.914700 43 71 52
-1.635300 2.711300 195.841600 81 53 71
-1.635300 2.711300 195.843900 81 40 51
-1.635300 2.711300 195.846300 78 60 46
-1.635300 2.711300 195.851000 59 60 68
-1.635300 2.711300 195.875600 61 46 57
-1.635300 2.711300 195.882700 58 44 39
-1.635300 2.711400 195.812400 91 72 60
-1.635200 2.710000 195.965000 96 42 80
-1.635200 2.710200 195.929000 51 64 63
-1.635200 2.711200 195.900400 72 54 68
-1.635200 2.711200 195.906400 65 49 59
-1.635200 2.711200 195.913500 62 71 34
-1.635200 2.711200 195.915800 45 52 55
-1.635200 2.711300 195.881500 92 42 72
-1.635200 2.711300 195.883900 70 58 51
-1.635200 2.711300 195.889800 65 40 51
-1.635200 2.711400 195.813600 61 92 72
-1.635200 2.711400 195.849800 62 46 56
-1.635100 2.710100 195.944500 51 51 49
-1.635100 2.710100 195.945700 42 51 44
-1.635100 2.710100 195.957700 66 50 61
-1.635100 2.710100 195.958900 62 33 48
-1.635100 2.710200 195.918300 57 48 64
-1.635100 2.710300 195.855700 61 54 56
-1.635100 2.710300 195.862700 59 43 61
-1.635100 2.710300 195.880400 41 53 39
-1.635100 2.711200 195.921800 69 54 63
-1.635100 2.711300 195.902800 76 53 76
-1.635100 2.711400 195.827500 87 46 68
-1.635000 2.710300 195.858000 65 52 66
-1.635000 2.711300 195.905100 51 40 42
-1.635000 2.711400 195.885000 71 54 58
-1.635000 2.711500 195.811200 84 77 110
-1.635000 2.711500 195.817000 108 61 67
-1.634900 2.710200 195.940900 99 37 68
-1.634900 2.710300 195.861500 86 42 61
-1.634900 2.710400 195.843900 77 47 74
-1.634900 2.710400 195.845100 67 48 55
-1.634900 2.711300 195.937200 76 45 52
-1.634900 2.711400 195.869700 80 44 58
-1.634900 2.711400 195.886200 48 64 57
-1.634800 2.710400 195.846300 62 53 47
-1.634800 2.710500 195.806600 76 75 65
-1.634800 2.711400 195.870800 100 44 62
-1.634600 2.710500 195.856800 56 50 60
-1.638100 2.710100 196.097300 64 44 32
-1.637700 2.710200 196.074600 65 40 40
-1.637300 2.709300 196.063400 58 40 57
-1.637300 2.710300 196.098300 43 31 36
-1.637300 2.710500 195.983500 76 43 46
-1.637200 2.710300 196.095800 63 36 61
-1.637100 2.710400 196.069400 85 51 57
-1.637100 2.710400 196.070700 76 48 64
-1.637100 2.710400 196.073200 59 46 42
-1.637100 2.710600 195.982200 56 48 23
-1.637000 2.709500 196.011500 69 55 71
-1.637000 2.710300 196.124800 62 40 43
-1.637000 2.710500 196.054500 64 33 46
-1.637000 2.710500 196.060700 59 50 69
-1.636800 2.709500 196.016300 58 60 41
-1.636800 2.710500 196.053200 66 52 63
-1.636800 2.710600 196.000400 80 48 56
-1.636800 2.710600 196.029700 27 40 56
-1.636700 2.710500 196.081800 60 40 23
-1.636700 2.710500 196.110700 57 48 54
-1.636600 2.709600 195.991900 78 45 52
-1.636600 2.710500 196.125900 59 32 50
-1.636600 2.710600 196.004000 52 56 65
-1.636600 2.710600 196.007700 70 63 72
-1.636600 2.710600 196.026000 54 66 67
-1.636600 2.710600 196.027200 71 48 63
-1.636600 2.710600 196.030900 29 43 47
-1.636600 2.710600 196.037100 65 64 52
-1.636600 2.710600 196.075500 52 53 45
-1.636600 2.710700 195.993000 71 35 74
-1.636600 2.710700 195.994200 61 67 67
-1.636500 2.710500 196.105700 47 50 46
-1.636500 2.710600 196.028500 64 52 76
-1.636500 2.710600 196.059300 62 50 71
-1.636500 2.710600 196.068100 62 29 36
-1.636400 2.709700 195.979700 34 53 72
-1.636400 2.709700 195.997900 110 42 63
-1.636400 2.710500 196.106900 67 29 46
-1.636400 2.710500 196.108100 71 36 70
-1.636400 2.710500 196.109400 60 33 61
-1.636300 2.709500 196.117000 28 43 35
-1.636300 2.709600 196.045700 57 33 44
-1.636300 2.709700 196.019900 90 47 62
-1.636300 2.710500 196.131000 65 27 55
-1.636300 2.710600 196.061700 45 37 46
-1.636300 2.710600 196.066700 103 51 70
-1.636300 2.710600 196.080400 69 49 50
-1.636300 2.710600 196.099300 43 34 21
-1.636300 2.710600 196.104300 49 38 38
-1.636300 2.710700 196.035700 46 46 73
-1.636300 2.710700 196.039400 94 61 50
-1.636200 2.710600 196.123300 59 35 61
-1.636200 2.710700 196.032000 61 54 57
-1.636200 2.710700 196.045600 76 50 58
-1.636200 2.710700 196.062900 57 42 38
-1.636200 2.710800 195.991700 61 60 44
-1.636200 2.710800 195.999000 40 63 54
-1.636200 2.710800 196.024700 82 50 63
-1.636100 2.709600 196.083000 41 45 27
-1.636100 2.710600 196.094200 35 51 45
-1.636100 2.710800 195.986800 94 46 108
-1.636100 2.710800 195.988100 81 56 47
-1.636100 2.710800 195.989300 36 48 38
-1.636100 2.710800 195.995300 71 52 61
-1.636100 2.710800 196.002600 71 44 73
-1.636100 2.710900 195.972300 72 51 46
-1.636000 2.710600 196.132100 59 37 40
-1.636000 2.710700 196.076600 41 54 32
-1.636000 2.710700 196.082900 92 48 57
-1.636000 2.710700 196.089100 50 52 29
-1.636000 2.710700 196.090400 84 54 69
-1.636000 2.710700 196.100400 55 40 40
-1.636000 2.710800 196.001400 74 60 78
-1.636000 2.710800 196.008700 74 46 46
-1.636000 2.710800 196.040600 64 46 33
-1.636000 2.710800 196.049200 59 62 89
-1.636000 2.710800 196.050500 47 38 49
-1.636000 2.710900 195.971100 93 73 88
-1.636000 2.710900 195.984400 88 43 60
-1.635900 2.710600 196.111800 72 40 58
-1.635900 2.710800 196.044300 32 61 23
-1.635900 2.710800 196.046700 46 36 29
-1.635900 2.710800 196.064100 51 46 50
-1.635900 2.710800 196.071600 49 34 45
-1.635900 2.710900 195.973500 24 55 13
-1.635900 2.710900 195.974700 54 61 46
-1.635800 2.710700 196.116800 34 51 35
-1.635800 2.710800 196.048000 43 44 53
-1.635800 2.710800 196.051700 47 52 39
-1.635800 2.710800 196.056600 78 34 63
-1.635800 2.710800 196.084000 40 54 50
-1.635800 2.710800 196.085300 45 49 36
-1.635800 2.710800 196.091600 52 38 63
-1.635800 2.710800 196.092800 50 49 62
-1.635800 2.710900 195.980700 49 54 44
-1.635800 2.710900 195.990400 54 58 30
-1.635800 2.710900 196.012300 50 31 43
-1.635800 2.710900 196.018400 47 60 48
-1.635800 2.710900 196.033200 81 45 56
-1.635700 2.709700 196.070400 41 36 51
-1.635700 2.709700 196.091600 66 54 79
-1.635700 2.710700 196.112900 62 35 40
-1.635700 2.710700 196.126900 76 37 55
-1.635700 2.710700 196.133300 34 32 31
-1.635700 2.710700 196.134600 60 45 36
-1.635700 2.710800 196.038100 77 30 57
-1.635700 2.710800 196.055400 54 44 55
-1.635700 2.710800 196.057800 52 50 49
-1.635700 2.710800 196.065300 51 46 50
-1.635700 2.710900 195.985500 77 49 85
-1.635700 2.710900 196.005000 28 46 28
-1.635700 2.710900 196.017200 26 40 60
-1.635600 2.709700 196.069100 43 45 53
-1.635600 2.709700 196.101600 53 34 59
-1.635600 2.709700 196.110500 49 45 47
-1.635600 2.710700 196.128200 55 37 47
-1.635600 2.710800 196.086500 47 29 47
-1.635600 2.710800 196.114200 64 43 39
-1.635600 2.710900 196.011100 56 27 23
-1.635600 2.710900 196.023300 76 43 45
-1.635600 2.711000 195.978200 78 61 42
-1.635600 2.711000 195.997700 51 61 63
-1.635500 2.709700 196.099100 29 21 27
-1.635500 2.709700 196.100400 32 31 53
-1.635500 2.709800 196.060300 64 43 42
-1.635500 2.710800 196.087700 45 50 47
-1.635500 2.710800 196.101500 31 44 41
-1.635500 2.710800 196.115400 38 42 20
-1.635500 2.710800 196.121800 27 31 43
-1.635500 2.710800 196.129400 33 31 44
-1.635500 2.710900 196.006200 64 55 49
-1.635500 2.711000 195.996400 18 40 49
-1.635400 2.709800 196.090300 53 32 66
-1.635400 2.709900 196.027000 53 47 43
-1.635400 2.709900 196.030700 31 49 34
-1.635400 2.710000 195.981900 65 55 61
-1.635400 2.710800 196.117900 48 41 38
-1.635400 2.711100 195.977000 32 65 22
-1.635300 2.709700 196.111600 56 33 46
-1.635300 2.709800 196.056600 56 15 38
-1.635300 2.709900 196.031900 34 53 42
-1.635300 2.710800 196.119200 47 38 47
-1.635300 2.710800 196.120500 28 31 57
-1.635300 2.711000 196.013400 70 43 27
-1.635300 2.711000 196.019500 86 42 61
-1.635300 2.711000 196.034200 50 41 40
-1.635300 2.711000 196.042900 46 59 27
-1.635300 2.711100 195.979400 46 65 58
-1.635200 2.709700 196.134500 44 29 25
-1.635200 2.709800 196.077700 47 37 42
-1.635200 2.709800 196.102800 46 40 33
-1.635200 2.709900 196.036800 49 43 30
-1.635200 2.709900 196.047900 48 43 67
-1.635200 2.711100 195.975700 80 51 61
-1.635100 2.709800 196.104000 46 42 34
-1.635100 2.709800 196.124200 66 26 37
-1.635100 2.710100 195.974600 63 47 49
-1.635000 2.710000 196.054000 48 40 24
-1.635000 2.711100 196.015800 68 58 69
-1.634900 2.709900 196.095100 61 22 59
-1.634900 2.709900 196.096400 94 31 52
-1.634900 2.709900 196.106500 43 43 43
-1.634900 2.710000 196.035400 6 43 47
-1.634900 2.711100 196.009700 100 45 45
-1.634900 2.711100 196.014500 75 56 40
-1.634900 2.711100 196.020700 87 47 64
-1.634900 2.711100 196.021900 59 59 58
-1.634800 2.709900 196.114000 58 44 46
-1.634800 2.710200 195.973300 48 54 55
-1.634800 2.711000 196.077500 36 52 43
-1.634800 2.711000 196.078700 32 40 39
-1.634800 2.711100 196.041500 58 50 41
-1.634600 2.708900 195.996300 74 44 56
-1.634600 2.710000 196.105100 67 25 36
-1.664900 2.805700 196.221000 0 0 0
-1.663700 2.807400 196.203000 0 0 0
-1.662900 2.808300 196.204900 0 0 0
-1.659700 2.811500 196.212700 0 0 0
-1.659400 2.811300 196.226200 0 0 0
-1.659000 2.812300 196.207900 0 0 0
-1.658600 2.812200 196.224800 0 0 0
-1.658000 2.813000 196.221600 0 0 0
-1.656600 2.814600 196.218700 0 0 0
-1.654100 2.817200 196.217900 0 0 0
-1.653900 2.817300 196.221300 0 0 0
-1.652800 2.818600 196.216600 0 0 0
-1.650500 2.821100 196.214000 0 0 0
-1.644700 2.827200 196.214200 0 0 0
-1.639000 2.712000 196.294200 34 42 27
-1.638600 2.712100 196.295400 24 42 29
-1.638100 2.708800 196.198900 31 31 15
-1.638100 2.712200 196.288300 33 24 39
-1.638100 2.712300 196.282800 65 45 31
-1.638000 2.712300 196.286900 27 23 28
-1.637900 2.712300 196.289600 49 40 36
-1.637700 2.708900 196.197500 44 37 34
-1.637700 2.712300 196.292300 32 34 30
-1.637600 2.711200 196.210300 22 26 14
-1.637500 2.710000 196.222400 47 26 46
-1.637500 2.710100 196.188100 50 38 40
-1.637500 2.711100 196.286800 17 24 29
-1.637500 2.712400 196.285300 78 20 40
-1.637400 2.711100 196.295000 34 38 43
-1.637400 2.712400 196.290800 52 21 28
-1.637400 2.712400 196.296200 40 34 47
-1.637300 2.710000 196.258400 54 30 36
-1.637300 2.710000 196.274600 27 29 28
-1.637300 2.711200 196.250200 25 45 29
-1.637300 2.711200 196.271700 35 29 30
-1.637300 2.711200 196.293600 35 23 24
-1.637300 2.711300 196.203700 56 40 47
-1.637300 2.712500 196.283800 57 28 30
-1.637200 2.709200 196.142900 78 34 41
-1.637100 2.707700 196.269300 51 24 22
-1.637100 2.707800 196.219800 62 29 43
-1.637100 2.709200 196.164700 42 22 44
-1.637100 2.711300 196.256800 38 22 34
-1.637100 2.711400 196.176100 42 30 30
-1.637100 2.711400 196.187800 45 30 29
-1.637100 2.711400 196.211500 56 42 24
-1.637100 2.711400 196.212800 28 28 10
-1.637100 2.712500 196.298800 24 30 31
-1.637000 2.707800 196.249100 65 16 31
-1.637000 2.709200 196.163300 51 35 46
-1.637000 2.710100 196.252900 23 37 12
-1.637000 2.710200 196.189200 62 26 48
-1.637000 2.710200 196.236800 23 28 34
-1.637000 2.711400 196.234000 41 30 21
-1.637000 2.711400 196.238000 43 31 34
-1.637000 2.712500 196.297400 35 30 38
-1.636900 2.710100 196.259600 43 20 28
-1.636900 2.710200 196.231400 48 30 39
-1.636900 2.711300 196.254000 49 30 39
-1.636900 2.711400 196.214100 35 32 20
-1.636900 2.711400 196.246000 32 12 25
-1.636900 2.711400 196.251300 2 30 8
-1.636900 2.711500 196.160500 38 37 31
-1.636800 2.710200 196.214100 49 25 22
-1.636800 2.710200 196.270300 28 36 29
-1.636800 2.710300 196.172300 34 18 28
-1.636800 2.710400 196.142600 59 37 35
-1.636800 2.711300 196.287900 54 21 33
-1.636800 2.711400 196.225900 33 29 36
-1.636800 2.711500 196.147700 65 18 49
-1.636800 2.711500 196.174700 56 43 50
-1.636800 2.711500 196.182500 43 21 33
-1.636800 2.711500 196.190400 53 27 46
-1.636800 2.711500 196.199500 49 40 52
-1.636800 2.711500 196.204800 50 31 47
-1.636700 2.710200 196.223300 43 20 38
-1.636700 2.711400 196.235200 61 34 36
-1.636700 2.711400 196.241900 64 15 43
-1.636700 2.711400 196.255300 49 28 43
-1.636700 2.711400 196.260700 29 43 39
-1.636700 2.711400 196.281000 44 41 42
-1.636600 2.710400 196.143800 49 32 23
-1.636600 2.711400 196.244500 53 38 42
-1.636600 2.711400 196.252500 42 47 38
-1.636600 2.711400 196.276900 41 28 29
-1.636600 2.711500 196.191600 50 25 27
-1.636600 2.711500 196.202100 35 38 27
-1.636600 2.711600 196.159100 38 36 25
-1.636600 2.711600 196.168200 36 40 39
-1.636600 2.711600 196.177200 43 25 33
-1.636500 2.710200 196.278300 43 33 36
-1.636500 2.710300 196.220600 41 22 42
-1.636500 2.710400 196.145100 67 23 58
-1.636500 2.710400 196.147700 41 38 23
-1.636500 2.710400 196.163100 55 30 39
-1.636500 2.710500 196.141200 61 35 32
-1.636500 2.711400 196.257900 33 27 31
-1.636500 2.711400 196.278200 35 27 27
-1.636500 2.711500 196.227100 54 26 29
-1.636500 2.711500 196.236500 35 28 35
-1.636500 2.711600 196.170700 45 40 28
-1.636500 2.711600 196.172000 32 30 50
-1.636500 2.711700 196.153900 36 22 55
-1.636400 2.710400 196.173400 21 27 24
-1.636400 2.711400 196.282200 43 27 28
-1.636400 2.711500 196.240400 37 31 29
-1.636400 2.711500 196.259200 35 29 27
-1.636400 2.711500 196.264600 24 24 19
-1.636400 2.711600 196.186300 52 14 14
-1.636400 2.711600 196.200700 53 40 66
-1.636400 2.711700 196.157800 43 38 37
-1.636300 2.710500 196.148900 48 47 31
-1.636300 2.711500 196.239100 44 23 21
-1.636300 2.711500 196.261900 56 38 54
-1.636300 2.711500 196.263200 52 25 39
-1.636300 2.711500 196.265900 15 42 24
-1.636300 2.711500 196.272700 37 33 34
-1.636300 2.711600 196.181100 31 42 13
-1.636300 2.711600 196.196700 36 35 28
-1.636300 2.711600 196.224400 34 37 43
-1.636200 2.710500 196.146200 57 29 36
-1.636200 2.711500 196.279400 24 21 32
-1.636200 2.711500 196.291700 22 15 24
-1.636200 2.711600 196.208500 34 27 28
-1.636200 2.711600 196.215100 47 24 27
-1.636200 2.711600 196.220400 51 21 37
-1.636200 2.711600 196.221700 60 31 50
-1.636200 2.711700 196.166700 40 49 44
-1.636200 2.711700 196.178400 34 26 40
-1.636200 2.711700 196.192700 28 44 34
-1.636200 2.711700 196.198000 29 11 17
-1.636100 2.711500 196.288900 50 19 15
-1.636100 2.711600 196.228300 49 15 25
-1.636100 2.711600 196.242900 59 37 38
-1.636100 2.711600 196.247000 50 25 38
-1.636100 2.711700 196.195300 52 31 41
-1.636100 2.711800 196.151300 54 37 53
-1.636000 2.710500 196.160300 46 27 35
-1.636000 2.710600 196.166800 45 27 36
-1.636000 2.711500 196.269800 32 36 34
-1.636000 2.711500 196.290300 63 18 48
-1.636000 2.711600 196.229600 49 27 37
-1.636000 2.711700 196.164100 44 25 36
-1.636000 2.711700 196.219000 23 30 28
-1.636000 2.711800 196.165400 73 38 27
-1.635900 2.710600 196.157700 46 33 47
-1.635900 2.710600 196.159000 57 42 39
-1.635900 2.711600 196.267100 43 29 27
-1.635900 2.711600 196.284700 51 34 32
-1.635900 2.711700 196.222900 48 22 35
-1.635800 2.710400 196.263100 22 27 32
-1.635800 2.710400 196.267200 11 37 11
-1.635800 2.710500 196.241600 55 21 34
-1.635800 2.710500 196.255000 31 15 19
-1.635800 2.710600 196.155100 42 43 41
-1.635800 2.710600 196.164100 48 30 31
-1.635800 2.710600 196.174500 29 45 28
-1.635800 2.711700 196.232100 32 15 16
-1.635800 2.711700 196.248200 41 31 34
-1.635800 2.711800 196.184800 73 41 32
-1.635800 2.711900 196.139600 55 51 42
-1.635700 2.710500 196.233600 43 41 36
-1.635700 2.710500 196.249600 36 29 23
-1.635700 2.710600 196.156300 52 32 45
-1.635700 2.710600 196.170600 58 27 40
-1.635700 2.710600 196.199200 53 40 38
-1.635700 2.711700 196.230800 41 37 42
-1.635700 2.711800 196.183400 67 23 52
-1.635700 2.711800 196.216200 49 23 33
-1.635700 2.711800 196.217500 43 15 27
-1.635700 2.711900 196.138300 54 33 48
-1.635700 2.711900 196.148500 51 20 29
-1.635700 2.711900 196.152400 63 46 48
-1.635600 2.710500 196.248200 54 26 39
-1.635600 2.710600 196.200500 59 38 36
-1.635600 2.711900 196.179500 27 24 32
-1.635500 2.710500 196.261600 35 32 40
-1.635500 2.710500 196.276600 33 31 36
-1.635500 2.710700 196.139600 64 36 43
-1.635500 2.710700 196.153700 41 34 57
-1.635500 2.711900 196.193800 44 25 32
-1.635400 2.710600 196.211000 32 47 11
-1.635400 2.710600 196.216200 53 14 8
-1.635400 2.710700 196.149800 50 20 47
-1.635400 2.710700 196.165300 98 37 61
-1.635400 2.710700 196.169200 62 48 34
-1.635400 2.711700 196.275000 27 26 29
-1.635400 2.711900 196.205600 43 48 49
-1.635300 2.710600 196.218800 45 28 30
-1.635300 2.710600 196.242700 56 38 33
-1.635300 2.710600 196.244100 33 25 13
-1.635300 2.711800 196.268200 47 20 27
-1.635200 2.710500 196.283200 41 28 31
-1.635200 2.710800 196.184700 71 40 50
-1.635100 2.709700 196.193900 64 33 41
-1.635100 2.710800 196.136900 31 42 48
-1.635100 2.710800 196.151000 53 35 39
-1.635100 2.711800 196.283000 47 29 37
-1.635000 2.710700 196.217400 58 43 37
-1.635000 2.710800 196.152200 43 29 37
-1.635000 2.710800 196.179400 56 29 22
-1.635000 2.710800 196.180600 21 35 27
-1.635000 2.710800 196.183300 78 38 59
-1.635000 2.710900 196.135600 44 31 35
-1.634900 2.709700 196.218800 54 25 33
-1.634900 2.710900 196.138100 27 36 45
-1.634900 2.712000 196.206600 60 40 34
-1.634800 2.709800 196.166400 33 15 25
-1.634700 2.709700 196.220000 42 32 38
-1.634700 2.709700 196.237300 55 34 31
-1.634500 2.712000 196.273200 35 46 45
-1.639900 2.711700 196.336200 30 18 20
-1.639500 2.711800 196.334600 23 34 34
-1.639200 2.711700 196.388500 15 29 9
-1.639100 2.711800 196.352700 36 28 15
-1.639100 2.711900 196.351300 35 42 16
-1.638800 2.711900 196.366700 60 19 43
-1.638800 2.711900 196.373800 33 27 34
-1.638700 2.711900 196.368100 59 28 44
-1.638600 2.711900 196.375200 47 31 34
-1.638600 2.711900 196.378100 58 23 41
-1.638600 2.711900 196.383800 16 17 32
-1.638500 2.711900 196.411300 29 18 17
-1.638500 2.712100 196.310500 25 33 19
-1.638500 2.712100 196.311900 25 36 20
-1.638400 2.712000 196.349500 36 32 15
-1.638400 2.712100 196.302200 56 24 45
-1.638300 2.711900 196.418500 30 15 19
-1.638300 2.712000 196.365000 52 18 28
-1.638300 2.712000 196.376500 11 22 8
-1.638300 2.712000 196.385100 38 15 4
-1.638300 2.712100 196.313200 46 23 31
-1.638200 2.710800 196.334100 33 30 33
-1.638200 2.710800 196.353900 23 32 24
-1.638200 2.710800 196.376600 29 18 15
-1.638200 2.711900 196.434600 35 30 14
-1.638100 2.710800 196.389500 56 19 42
-1.638100 2.710800 196.398100 27 17 32
-1.638100 2.712000 196.412500 57 29 37
-1.638100 2.712000 196.416900 40 19 23
-1.638100 2.712200 196.300700 32 30 33
-1.638100 2.712200 196.308900 42 14 25
-1.638100 2.712200 196.336700 43 21 35
-1.638000 2.710700 196.425800 32 27 40
-1.638000 2.710800 196.362300 48 27 31
-1.638000 2.712100 196.363500 46 26 28
-1.638000 2.712100 196.372100 37 28 38
-1.638000 2.712100 196.379200 36 15 11
-1.638000 2.712200 196.303400 58 40 41
-1.637900 2.710900 196.360800 51 22 23
-1.637900 2.712000 196.419700 29 20 30
-1.637900 2.712000 196.422600 51 16 21
-1.637900 2.712100 196.386300 17 28 1
-1.637900 2.712200 196.339500 23 23 27
-1.637900 2.712300 196.304700 49 23 27
-1.637800 2.709600 196.402500 36 21 8
-1.637800 2.709600 196.403900 29 25 23
-1.637800 2.709700 196.334100 48 22 21
-1.637800 2.710800 196.396600 47 22 16
-1.637800 2.712100 196.424000 27 19 10
-1.637800 2.712200 196.347900 47 27 36
-1.637800 2.712200 196.370500 29 26 46
-1.637800 2.712300 196.318500 34 23 36
-1.637700 2.710900 196.355000 34 12 20
-1.637700 2.710900 196.390700 46 16 22
-1.637700 2.712100 196.409300 15 28 20
-1.637700 2.712100 196.415200 25 12 18
-1.637700 2.712300 196.317100 26 20 12
-1.637600 2.711000 196.332500 11 22 17
-1.637600 2.712100 196.413700 49 22 27
-1.637600 2.712100 196.428400 33 12 20
-1.637600 2.712200 196.381900 24 8 39
-1.637600 2.712300 196.343500 38 22 37
-1.637500 2.711000 196.370500 23 25 18
-1.637500 2.711100 196.318500 41 30 19
-1.637500 2.712100 196.435700 42 25 32
-1.637500 2.712200 196.369000 16 19 16
-1.637500 2.712200 196.380400 17 23 19
-1.637500 2.712200 196.407800 15 28 22
-1.637500 2.712300 196.307300 38 26 35
-1.637500 2.712300 196.314200 38 30 33
-1.637500 2.712300 196.315600 27 22 21
-1.637500 2.712300 196.337900 44 29 47
-1.637500 2.712300 196.342100 31 15 32
-1.637500 2.712300 196.346300 54 22 27
-1.637400 2.707500 196.334200 38 23 23
-1.637400 2.710900 196.399200 20 24 27
-1.637400 2.712400 196.305900 66 26 49
-1.637300 2.709700 196.405200 40 25 36
-1.637300 2.711100 196.319800 52 26 29
-1.637300 2.711100 196.321200 61 22 38
-1.637300 2.711100 196.325300 65 35 43
-1.637300 2.711100 196.350600 61 20 27
-1.637200 2.708600 196.446400 37 11 29
-1.637200 2.709700 196.435900 19 22 24
-1.637200 2.711000 196.387600 29 32 21
-1.637200 2.711000 196.406400 29 15 25
-1.637200 2.711100 196.349100 43 24 29
-1.637200 2.711100 196.352000 27 18 9
-1.637200 2.712200 196.420800 56 17 38
-1.637200 2.712200 196.426700 27 22 30
-1.637200 2.712200 196.442900 44 28 44
-1.637200 2.712200 196.444400 45 25 39
-1.637100 2.710900 196.462400 34 16 17
-1.637100 2.711000 196.400500 43 28 31
-1.637100 2.711000 196.402000 35 32 14
-1.637100 2.711000 196.403400 34 30 7
-1.637100 2.711000 196.404900 27 20 14
-1.637100 2.712300 196.425100 17 24 22
-1.637100 2.712400 196.340500 30 25 21
-1.637000 2.711000 196.409200 25 24 23
-1.637000 2.711000 196.429700 40 27 23
-1.637000 2.711100 196.391800 41 27 17
-1.637000 2.711200 196.316900 61 46 48
-1.636900 2.709900 196.393300 47 16 31
-1.636900 2.711000 196.423800 40 17 31
-1.636900 2.711100 196.377400 38 35 37
-1.636900 2.711100 196.380200 34 22 19
-1.636900 2.711100 196.386000 26 22 1
-1.636900 2.711100 196.393200 30 16 31
-1.636900 2.711100 196.394600 43 17 24
-1.636900 2.711100 196.407700 35 20 29
-1.636900 2.712300 196.406000 35 38 41
-1.636900 2.712300 196.429400 27 24 21
-1.636900 2.712500 196.344600 59 31 35
-1.636800 2.711000 196.460800 52 23 37
-1.636800 2.711100 196.420700 18 19 21
-1.636800 2.711200 196.334900 43 30 33
-1.636800 2.712300 196.432300 31 29 20
-1.636800 2.712300 196.448600 43 26 29
-1.636700 2.709900 196.394700 40 24 27
-1.636700 2.711100 196.422100 29 25 21
-1.636700 2.711100 196.431000 15 12 16
-1.636700 2.711200 196.371500 16 22 0
-1.636700 2.711200 196.384400 44 35 21
-1.636700 2.712300 196.451500 28 16 28
-1.636700 2.712300 196.453000 41 22 22
-1.636600 2.711200 196.368700 53 34 41
-1.636600 2.711200 196.378700 43 32 35
-1.636600 2.711200 196.381600 24 22 27
-1.636600 2.711300 196.322200 36 24 33
-1.636600 2.711400 196.301500 33 15 32
-1.636600 2.712400 196.438100 12 12 7
-1.636500 2.710100 196.327900 38 28 14
-1.636500 2.711100 196.451600 32 16 23
-1.636500 2.711200 196.419100 16 27 7
-1.636500 2.711300 196.323600 44 35 43
-1.636500 2.712400 196.430700 36 28 32
-1.636500 2.712400 196.439500 40 25 23
-1.636400 2.710000 196.396000 30 22 20
-1.636400 2.711200 196.382800 63 32 24
-1.636400 2.711400 196.330500 30 33 32
-1.636400 2.712400 196.445400 28 20 33
-1.636400 2.712400 196.446900 41 22 38
-1.636300 2.710100 196.357300 27 24 19
-1.636300 2.711100 196.441100 22 16 4
-1.636300 2.711100 196.444000 26 22 36
-1.636300 2.711200 196.414700 32 31 30
-1.636300 2.711200 196.416000 38 30 35
-1.636300 2.711200 196.442500 26 11 18
-1.636300 2.711300 196.365700 70 30 31
-1.636200 2.710100 196.391500 37 21 13
-1.636200 2.711200 196.413100 28 21 14
-1.636200 2.711200 196.439500 45 12 1
-1.636200 2.711200 196.445500 16 20 34
-1.636200 2.711400 196.313700 31 26 29
-1.636200 2.711400 196.355700 29 24 10
-1.636200 2.711400 196.358500 41 29 32
-1.636200 2.711500 196.299900 2 28 16
-1.636200 2.712400 196.458700 8 27 1
-1.636200 2.712500 196.449700 33 24 27
-1.636200 2.712500 196.454200 37 24 27
-1.636200 2.712500 196.455700 19 12 12
-1.636200 2.712500 196.457200 33 25 14
-1.636200 2.712500 196.463200 9 30 5
-1.636100 2.711200 196.417400 15 16 19
-1.636100 2.711400 196.329000 34 30 37
-1.636100 2.711500 196.304000 18 31 10
-1.636000 2.710200 196.354400 22 23 22
-1.636000 2.711200 196.446900 37 17 25
-1.636000 2.711300 196.427700 40 26 32
-1.636000 2.711300 196.436500 25 15 42
-1.636000 2.711400 196.364100 72 21 36
-1.636000 2.711400 196.366900 40 17 29
-1.636000 2.711500 196.315000 37 26 41
-1.636000 2.712500 196.436300 23 16 33
-1.635900 2.711200 196.454300 29 19 27
-1.635900 2.711300 196.437900 36 20 28
-1.635900 2.711400 196.357000 33 24 20
-1.635900 2.712500 196.461500 40 15 29
-1.635800 2.710200 196.389900 35 15 13
-1.635800 2.710200 196.408700 50 19 37
-1.635800 2.711200 196.457200 36 27 25
-1.635800 2.711400 196.362600 30 12 32
-1.635800 2.711400 196.372500 47 20 19
-1.635800 2.711500 196.305300 29 20 28
-1.635700 2.711600 196.309300 36 15 27
-1.635700 2.712600 196.459900 40 23 36
-1.635700 2.712600 196.464400 27 23 8
-1.635600 2.710300 196.324700 36 16 23
-1.635600 2.711500 196.345500 21 21 8
-1.635500 2.710300 196.352600 48 29 32
-1.635500 2.710300 196.396900 34 22 43
-1.635500 2.710400 196.321900 29 20 27
-1.635400 2.709300 196.334500 53 27 29
-1.635400 2.710400 196.328800 40 32 31
-1.635400 2.711600 196.325900 47 22 23
-1.635400 2.711600 196.346800 29 19 17
-1.635300 2.710300 196.398300 37 30 25
-1.635300 2.711700 196.306400 37 38 32
-1.635200 2.709200 196.402700 29 38 27
-1.635200 2.710300 196.428900 40 24 37
-1.635200 2.711400 196.447900 31 12 5
-1.635200 2.711400 196.458300 17 19 19
-1.635200 2.711700 196.307700 54 16 36
-1.635100 2.709400 196.332900 49 29 22
-1.635100 2.711500 196.449300 28 19 24
-1.635000 2.709400 196.342700 25 20 29
-1.635000 2.710300 196.439100 48 15 24
-1.635000 2.710500 196.323000 43 25 34
-1.634900 2.710500 196.373700 35 20 20
-1.634800 2.709300 196.420000 29 15 27
-1.634800 2.710500 196.372200 48 22 22
-1.634700 2.710300 196.459700 36 24 33
-1.634600 2.709500 196.385100 19 24 21
-1.634600 2.710500 196.437300 33 16 24
-1.634500 2.710600 196.329800 18 18 19
-1.634300 2.711900 196.326700 36 18 21
-1.710800 2.780700 196.614600 75 73 83
-1.710600 2.850300 196.611000 96 75 84
-1.710100 2.821300 196.612400 69 50 61
-1.709500 2.850000 196.628200 100 67 72
-1.709400 2.819000 196.612200 61 41 40
-1.708900 2.820400 196.611700 67 52 33
-1.708600 2.816700 196.611900 62 34 53
-1.708000 2.759400 196.614100 82 54 64
-1.707800 2.710400 196.616400 63 50 49
-1.707800 2.760600 196.613800 69 54 53
-1.707600 2.818100 196.611200 67 35 61
-1.707200 2.841400 196.609900 56 45 51
-1.707200 2.842600 196.609700 53 32 42
-1.707200 2.848100 196.628100 106 64 75
-1.707100 2.711700 196.615800 85 51 64
-1.706800 2.758500 196.613600 45 38 45
-1.706800 2.776700 196.612700 65 50 69
-1.706700 2.843900 196.609300 59 50 70
-1.706100 2.757500 196.613200 34 54 46
-1.706000 2.831900 196.629000 96 75 80
-1.705800 2.756400 196.613200 50 43 43
-1.705100 2.840600 196.608700 31 38 29
-1.704900 2.845700 196.628000 105 63 75
-1.704500 2.739700 196.613200 41 26 27
-1.704500 2.838200 196.608600 58 41 56
-1.704400 2.827600 196.628400 101 66 66
-1.704100 2.839500 196.608200 52 47 43
-1.703700 2.815400 196.609100 67 32 35
-1.703300 2.772600 196.611100 33 43 48
-1.703200 2.775100 196.610700 78 41 52
-1.703200 2.842400 196.627500 93 71 68
-1.703000 2.794400 196.609600 47 43 46
-1.703000 2.837300 196.607700 65 37 44
-1.702900 2.723700 196.613000 56 43 79
-1.702800 2.724900 196.612800 54 29 52
-1.702700 2.849200 196.625200 109 42 35
-1.702500 2.759600 196.616400 0 0 0
-1.702500 2.814500 196.608500 86 45 48
-1.702200 2.759900 196.618400 0 0 0
-1.702200 2.793500 196.609300 53 46 37
-1.702100 2.774100 196.610200 42 37 28
-1.701900 2.811100 196.608500 29 16 30
-1.701900 2.813400 196.608200 70 31 39
-1.701900 2.836200 196.607200 30 30 50
-1.701800 2.838600 196.627000 73 62 55
-1.701600 2.835100 196.607100 42 33 53
-1.701400 2.831300 196.607400 43 41 36
-1.701400 2.832500 196.607300 15 36 32
-1.701100 2.761000 196.620900 0 0 0
-1.701100 2.812400 196.607800 61 33 47
-1.701000 2.845900 196.624800 93 27 34
-1.700700 2.830300 196.607100 28 26 18
-1.700700 2.834000 196.606600 38 31 49
-1.700700 2.849700 196.606500 43 17 32
-1.700600 2.840600 196.609800 32 31 16
-1.700500 2.761600 196.623200 0 0 0
-1.700500 2.833800 196.626400 78 33 22
-1.700400 2.846800 196.610900 17 34 16
-1.700300 2.810300 196.607600 49 35 35
-1.700300 2.829100 196.607000 28 28 25
-1.700300 2.846200 196.606700 32 23 16
-1.700200 2.808100 196.607800 55 28 28
-1.700200 2.809200 196.607600 70 29 36
-1.700200 2.848600 196.606400 46 19 36
-1.700000 2.841400 196.613600 28 30 31
-1.699900 2.764100 196.627900 0 0 0
-1.699900 2.846300 196.608100 19 24 22
-1.699900 2.847400 196.606300 38 17 12
-1.699700 2.792700 196.607800 54 30 35
-1.699400 2.791700 196.607800 60 35 44
-1.699400 2.848400 196.614800 30 30 50
-1.699300 2.828200 196.606500 52 18 36
-1.699300 2.842600 196.624400 34 27 17
-1.699200 2.761000 196.617800 0 0 0
-1.699200 2.844000 196.606300 5 17 14
-1.699000 2.823500 196.606800 6 28 8
-1.698900 2.841700 196.606300 9 15 20
-1.698900 2.849200 196.622100 29 30 41
-1.698800 2.790600 196.607500 51 48 32
-1.698800 2.825900 196.606400 35 25 27
-1.698700 2.763400 196.626100 0 0 0
-1.698700 2.845300 196.605900 7 35 16
-1.698600 2.761700 196.616300 0 0 0
-1.698600 2.827100 196.606200 52 5 32
-1.698500 2.754400 196.609100 37 31 49
-1.698500 2.789500 196.607500 37 28 24
-1.698500 2.807200 196.606900 38 32 25
-1.698500 2.839300 196.606300 11 9 9
-1.698400 2.806100 196.606900 43 28 27
-1.698300 2.824800 196.606200 32 28 28
-1.698200 2.762200 196.614800 0 0 0
-1.698100 2.820000 196.606700 35 16 28
-1.698000 2.801500 196.607300 36 23 50
-1.698000 2.805000 196.606800 46 24 32
-1.698000 2.821200 196.606500 43 27 27
-1.698000 2.844700 196.617900 49 27 34
-1.698000 2.850600 196.618900 37 25 28
-1.697900 2.753400 196.608800 52 29 42
-1.697900 2.824800 196.607600 40 28 15
-1.697800 2.821300 196.608000 50 28 51
-1.697800 2.822600 196.606200 22 29 7
-1.697800 2.822600 196.607800 14 24 27
-1.697700 2.845100 196.621500 42 23 33
-1.697600 2.752400 196.608800 37 19 45
-1.697600 2.762600 196.620600 0 0 0
-1.697600 2.788600 196.607100 33 40 37
-1.697600 2.838400 196.613300 43 27 31
-1.697600 2.838500 196.609800 58 23 17
-1.697500 2.804000 196.606600 51 23 31
-1.697500 2.838300 196.607500 73 46 57
-1.697500 2.839500 196.607400 33 45 40
-1.697400 2.751300 196.608800 43 28 55
-1.697400 2.770300 196.607800 62 28 53
-1.697400 2.815500 196.606800 34 23 32
-1.697400 2.835900 196.606100 30 22 32
-1.697300 2.802800 196.606700 59 26 46
-1.697200 2.736500 196.609300 34 32 48
-1.697200 2.839000 196.617000 56 25 36
-1.697100 2.787400 196.606900 35 40 31
-1.697100 2.839100 196.624100 29 34 27
-1.697000 2.786200 196.607000 46 32 36
-1.696700 2.735400 196.609100 38 43 48
-1.696600 2.769200 196.607400 43 34 28
-1.696600 2.799300 196.606700 45 34 38
-1.696600 2.837200 196.607100 63 32 46
-1.696500 2.763700 196.623200 0 0 0
-1.696400 2.765700 196.629400 0 0 0
-1.696300 2.834900 196.607100 58 49 53
-1.696200 2.763900 196.625200 0 0 0
-1.696200 2.831100 196.607500 70 61 65
-1.696200 2.840700 196.620900 30 26 22
-1.696000 2.768100 196.607200 44 29 46
-1.696000 2.800700 196.606200 21 27 29
-1.696000 2.832300 196.607300 82 75 67
-1.695900 2.764300 196.627200 0 0 0
-1.695800 2.785200 196.606400 30 27 27
-1.695800 2.811200 196.606300 21 29 22
-1.695700 2.750400 196.607900 32 26 30
-1.695700 2.764300 196.629200 0 0 0
-1.695700 2.784000 196.606500 41 38 33
-1.695600 2.799500 196.607700 22 28 21
-1.695600 2.836200 196.606600 58 40 49
-1.695400 2.765900 196.607100 35 37 27
-1.695400 2.767100 196.607000 47 30 45
-1.695400 2.781600 196.606600 36 21 34
-1.695400 2.812400 196.607600 43 45 35
-1.695400 2.813600 196.607400 63 44 42
-1.695400 2.826500 196.607500 92 85 69
-1.695300 2.774500 196.607600 15 15 9
-1.695300 2.849400 196.606500 124 99 107
-1.695200 2.809100 196.607900 69 50 56
-1.695200 2.833700 196.606600 63 58 54
-1.695100 2.705600 196.609600 43 15 23
-1.695000 2.764900 196.607100 34 31 25
-1.695000 2.778100 196.606900 45 26 27
-1.695000 2.783000 196.606200 47 38 38
-1.694900 2.706800 196.609300 53 29 27
-1.694900 2.758900 196.607800 15 15 13
-1.694900 2.781800 196.608000 27 14 21
-1.694800 2.829000 196.606900 98 69 86
-1.694700 2.814900 196.606900 72 47 48
-1.694700 2.850700 196.606000 108 85 87
-1.694600 2.762600 196.607100 37 24 39
-1.694600 2.763700 196.607000 17 26 24
-1.694600 2.811400 196.607200 40 56 38
-1.694600 2.830200 196.606600 87 65 74
-1.694500 2.772200 196.607400 32 16 25
-1.694500 2.777000 196.606700 38 16 23
-1.694500 2.779500 196.606300 60 28 53
-1.694500 2.808100 196.607600 91 58 67
-1.694500 2.825500 196.607100 71 80 29
-1.694400 2.775900 196.608500 69 30 45
-1.694400 2.793800 196.607700 63 44 35
-1.694200 2.766200 196.608000 44 24 43
-1.694200 2.822000 196.607300 86 94 94
-1.694200 2.824400 196.607100 83 75 50
-1.694100 2.749600 196.607100 43 30 40
-1.694000 2.733500 196.607700 62 25 53
-1.694000 2.780800 196.605900 36 17 42
-1.694000 2.795200 196.607300 43 41 31
-1.694000 2.804700 196.607700 110 68 68
-1.693900 2.828000 196.606400 84 65 73
-1.693700 2.760400 196.606900 29 24 30
-1.693700 2.810500 196.606800 31 43 38
-1.693600 2.848600 196.605500 102 86 93
-1.693500 2.761700 196.606600 40 23 42
-1.693500 2.807100 196.607100 52 57 67
-1.693500 2.847400 196.605600 109 104 104
-1.693400 2.734900 196.607200 43 33 45
-1.693400 2.793000 196.607200 97 44 60
-1.693300 2.748600 196.606800 29 23 40
-1.693200 2.788300 196.606000 18 17 4
-1.693200 2.806000 196.607000 111 75 48
-1.693100 2.718900 196.607800 63 21 27
-1.693100 2.760600 196.608200 47 24 31
-1.692900 2.772600 196.608000 49 46 31
-1.692800 2.747500 196.606500 29 19 30
-1.692800 2.846400 196.605300 110 109 111
-1.692700 2.745100 196.606900 31 24 9
-1.692700 2.746300 196.606700 38 25 28
-1.692700 2.770100 196.606600 24 26 4
-1.692600 2.705000 196.608200 45 51 47
-1.692600 2.720300 196.607300 47 27 24
-1.692600 2.730100 196.607400 24 23 27
-1.692600 2.732600 196.607100 52 29 31
-1.692600 2.766600 196.608600 55 54 27
-1.692500 2.790700 196.606900 59 49 47
-1.692500 2.803800 196.606900 78 69 75
-1.692400 2.744000 196.606900 20 32 24
-1.692400 2.821100 196.606300 110 115 103
-1.692300 2.771400 196.607800 44 43 38
-1.692200 2.718000 196.607400 67 21 38
-1.692200 2.792000 196.606600 66 27 40
-1.692200 2.844100 196.605100 119 105 103
-1.692100 2.731500 196.606900 31 21 20
-1.692000 2.704000 196.608000 33 21 33
-1.692000 2.756000 196.608200 76 47 56
-1.692000 2.759600 196.607600 48 31 42
-1.691900 2.787300 196.607000 73 45 56
-1.691900 2.823700 196.605700 100 100 97
-1.691800 2.742900 196.606700 22 33 33
-1.691700 2.714700 196.607700 45 34 34
-1.691700 2.767900 196.607900 93 74 64
-1.691600 2.717000 196.607300 64 32 46
-1.691600 2.744200 196.608000 24 20 40
-1.691500 2.729200 196.607000 28 17 27
-1.691500 2.763300 196.606800 32 23 28
-1.691500 2.789900 196.606400 44 34 17
-1.691400 2.727900 196.607100 38 9 30
-1.691400 2.753900 196.606500 36 23 21
-1.691400 2.755000 196.606300 56 18 36
-1.691200 2.713600 196.607600 23 26 18
-1.691200 2.729200 196.608400 52 35 51
-1.691100 2.788700 196.606300 69 50 42
-1.691100 2.843200 196.604600 142 104 107
-1.691100 2.845500 196.604300 108 103 102
-1.691000 2.716000 196.607100 53 29 34
-1.690800 2.725700 196.607100 43 9 16
-1.690800 2.726900 196.606900 55 11 28
-1.690800 2.752900 196.607800 75 42 57
-1.690700 2.738200 196.608400 15 31 21
-1.690700 2.742000 196.606100 29 21 33
-1.690700 2.769400 196.607100 69 48 56
-1.690700 2.786300 196.606400 78 61 76
-1.690700 2.842000 196.604500 139 113 116
-1.690500 2.754100 196.607500 59 37 56
-1.690500 2.782700 196.606800 96 72 80
-1.690400 2.781600 196.606900 90 84 84
-1.690300 2.734400 196.608700 71 52 47
-1.690300 2.749300 196.608100 76 45 68
-1.690200 2.737000 196.608300 26 49 42
-1.690200 2.742100 196.607500 49 32 29
-1.690100 2.770700 196.606600 65 52 63
-1.690100 2.784100 196.606400 94 66 56
-1.690000 2.755300 196.607100 69 42 58
-1.690000 2.802000 196.605500 100 87 86
-1.690000 2.803200 196.605400 76 74 80
-1.689900 2.840900 196.604100 116 108 103
-1.689800 2.818100 196.605100 115 101 96
-1.689700 2.751900 196.607400 61 41 75
-1.689700 2.820400 196.604700 113 92 78
-1.689500 2.709400 196.607300 11 15 18
-1.689400 2.711800 196.606800 30 36 11
-1.689400 2.766100 196.606800 61 65 31
-1.689400 2.785400 196.605700 66 60 43
-1.689400 2.800800 196.605400 94 78 66
-1.689400 2.819200 196.604700 126 94 93
-1.689300 2.710600 196.606900 21 26 9
-1.689200 2.765000 196.606800 73 67 48
-1.689100 2.713000 196.606300 22 27 11
-1.689100 2.750800 196.607200 81 45 76
-1.688900 2.708400 196.607100 16 25 15
-1.688800 2.748500 196.607300 72 61 48
-1.688400 2.736200 196.607300 53 42 38
-1.688300 2.761700 196.606700 98 85 52
-1.688000 2.714400 196.607200 41 33 30
-1.688000 2.730100 196.608000 112 62 93
-1.687900 2.764100 196.606100 87 65 58
-1.687800 2.732600 196.607400 81 73 58
-1.687800 2.733900 196.607300 62 47 39
-1.687800 2.797700 196.604800 119 92 94
-1.687700 2.712300 196.607400 45 21 18
-1.687700 2.800000 196.604400 113 96 73
-1.687600 2.707600 196.606300 62 22 24
-1.687500 2.747500 196.606600 69 69 67
-1.687500 2.763100 196.606000 83 81 41
-1.687500 2.778600 196.605500 103 91 83
-1.687500 2.779800 196.605300 110 81 77
-1.687500 2.798900 196.604400 106 91 75
-1.687200 2.781100 196.605000 96 86 80
-1.687100 2.710100 196.607300 43 38 47
-1.687000 2.711200 196.607000 27 25 36
-1.687000 2.720500 196.607200 65 60 57
-1.686600 2.729100 196.607300 100 76 75
-1.686500 2.817700 196.603100 111 112 100
-1.686400 2.706700 196.605800 99 41 24
-1.686400 2.731700 196.606800 93 58 65
-1.686300 2.746700 196.606100 81 63 72
-1.686200 2.713800 196.606200 43 32 29
-1.686200 2.836800 196.602200 130 129 130
-1.685900 2.816600 196.602800 121 93 95
-1.685800 2.709200 196.606700 95 68 55
-1.685600 2.719700 196.606500 71 42 39
-1.685600 2.776700 196.604600 92 98 73
-1.685500 2.743300 196.606100 102 72 92
-1.685300 2.777900 196.604200 101 92 80
-1.685300 2.838100 196.601500 119 115 116
-1.685200 2.718700 196.606500 67 58 52
-1.685100 2.797100 196.603200 122 99 100
-1.684900 2.814500 196.602400 113 116 102
-1.684700 2.728400 196.606200 92 59 39
-1.684600 2.745900 196.605100 102 67 43
-1.684400 2.744700 196.605200 123 69 73
-1.684400 2.815800 196.602000 127 109 105
-1.684300 2.706100 196.604600 98 65 68
-1.684300 2.796000 196.602800 131 92 93
-1.684200 2.717800 196.606000 67 63 49
-1.684100 2.794900 196.602800 132 97 107
-1.683900 2.755700 196.604900 108 92 106
-1.683800 2.716800 196.605900 77 86 62
-1.683700 2.727600 196.605800 110 75 57
-1.683500 2.740000 196.605400 109 84 84
-1.683500 2.759300 196.604100 117 93 95
-1.683500 2.760500 196.604000 116 84 86
-1.683500 2.833500 196.601000 141 127 117
-1.683400 2.741300 196.605100 123 88 105
-1.683400 2.742500 196.604900 109 72 94
-1.683400 2.774700 196.603500 116 111 94
-1.682900 2.726500 196.605400 103 88 79
-1.682400 2.813900 196.601000 125 132 118
-1.681900 2.829100 196.600500 137 136 130
-1.681700 2.757300 196.603300 106 81 94
-1.681700 2.835000 196.599700 136 128 120
-1.681600 2.776400 196.602100 107 108 76
-1.681500 2.810700 196.600800 134 128 113
-1.681500 2.811900 196.600600 117 123 104
-1.681300 2.725600 196.604600 86 80 73
-1.681200 2.758600 196.602800 118 92 97
-1.680200 2.772900 196.601800 118 116 89
-1.680000 2.813300 196.599600 120 120 110
-1.679800 2.771900 196.601700 122 122 75
-1.678000 2.808000 196.599000 154 129 132
-1.677900 2.827600 196.598200 158 148 133
-1.677900 2.828700 196.598000 151 145 128
-1.677800 2.809200 196.598700 135 120 121
-1.677300 2.723100 196.602600 107 74 76
-1.677200 2.724400 196.602300 105 74 84
-1.677100 2.755000 196.600800 121 87 106
-1.677100 2.791800 196.598900 135 119 108
-1.676700 2.752700 196.600900 131 90 116
-1.676200 2.807200 196.598000 142 146 151
-1.676100 2.739400 196.600900 117 93 88
-1.676000 2.754000 196.600300 139 93 114
-1.675200 2.789800 196.598000 137 119 108
-1.675100 2.825700 196.596600 150 135 130
-1.674600 2.714600 196.600700 119 112 104
-1.673700 2.786000 196.603300 0 0 0
-1.673500 2.786300 196.601600 0 0 0
-1.673500 2.824800 196.595700 149 142 129
-1.673300 2.787800 196.597100 173 119 122
-1.673200 2.767600 196.598300 129 128 111
-1.672900 2.789000 196.596700 139 120 103
-1.672800 2.847600 196.594300 172 154 152
-1.672700 2.732700 196.599900 137 118 110
-1.672700 2.786700 196.596900 150 121 124
-1.672700 2.827500 196.594900 164 145 150
-1.672300 2.785600 196.596800 146 128 131
-1.672100 2.766700 196.597700 132 112 108
-1.671800 2.769100 196.597200 134 119 119
-1.671700 2.805800 196.595400 144 136 119
-1.671000 2.822900 196.594400 167 125 145
-1.670700 2.821900 196.594400 167 137 154
-1.670600 2.804800 196.594800 181 130 134
-1.670600 2.807200 196.594500 106 130 114
-1.670500 2.849200 196.592600 153 135 151
-1.670400 2.824200 196.593900 162 151 156
-1.670300 2.783600 196.595800 139 116 123
-1.670300 2.784900 196.595700 153 125 134
-1.670200 2.782500 196.595900 130 117 117
-1.670200 2.789800 196.601800 0 0 0
-1.669500 2.803900 196.594300 151 136 132
-1.668600 2.801700 196.593900 162 129 128
-1.668500 2.802900 196.593700 156 128 125
-1.667400 2.821500 196.592300 132 128 125
-1.667200 2.800900 196.593200 128 113 110
-1.666800 2.749100 196.595400 130 100 110
-1.666500 2.820500 196.591900 151 141 124
-1.666400 2.748000 196.595300 109 80 83
-1.666300 2.840500 196.591000 150 121 140
-1.665800 2.782400 196.593200 130 106 109
-1.665600 2.745800 196.595200 123 92 90
-1.665300 2.764800 196.593800 140 108 106
-1.664500 2.843200 196.589500 126 143 140
-1.664200 2.747300 196.594100 116 106 107
-1.664200 2.818700 196.590700 133 123 111
-1.664000 2.796200 196.603700 0 0 0
-1.663700 2.799400 196.591300 123 108 119
-1.663500 2.820000 196.590100 137 125 117
-1.662600 2.779500 196.591600 118 116 99
-1.662100 2.837600 196.588700 149 133 99
-1.661300 2.818200 196.588900 108 115 88
-1.661300 2.838900 196.588100 135 118 86
-1.660600 2.763500 196.591100 130 100 108
-1.660400 2.815000 196.588800 108 100 85
-1.660100 2.777600 196.590400 103 94 77
-1.660000 2.816300 196.588400 91 97 96
-1.659900 2.817400 196.588200 102 120 110
-1.659100 2.833500 196.587300 105 91 109
-1.658500 2.801900 196.605100 0 0 0
-1.658400 2.813200 196.587800 102 74 82
-1.657900 2.834900 196.586400 85 85 102
-1.657700 2.728300 196.591400 86 68 72
-1.657500 2.803100 196.603900 0 0 0
-1.657400 2.832700 196.586400 110 86 87
-1.657200 2.796200 196.587600 99 71 70
-1.657000 2.776000 196.588700 105 43 96
-1.656700 2.831700 196.586000 91 76 61
-1.656600 2.812500 196.586700 86 62 77
-1.656600 2.814700 196.586400 92 82 88
-1.656300 2.804400 196.602800 0 0 0
-1.656000 2.794000 196.587200 57 65 58
-1.656000 2.795200 196.587000 78 58 54
-1.655900 2.730000 196.590100 97 59 79
-1.655800 2.797700 196.586500 111 98 86
-1.655300 2.811600 196.586000 76 53 77
-1.655000 2.829700 196.585200 99 51 69
-1.655000 2.849700 196.584500 97 85 87
-1.654800 2.758000 196.588300 81 63 57
-1.654700 2.759200 196.588100 69 50 52
-1.654600 2.826200 196.585400 99 64 86
-1.654500 2.793100 196.586300 61 55 66
-1.654200 2.828600 196.584800 67 48 56
-1.654100 2.831100 196.584500 83 51 56
-1.654000 2.757000 196.587900 54 52 52
-1.653800 2.772200 196.587300 63 37 50
-1.653600 2.771100 196.587300 87 43 60
-1.653600 2.825300 196.584900 99 43 76
-1.653400 2.792200 196.585800 96 63 92
-1.652900 2.790000 196.585800 80 46 42
-1.652900 2.810900 196.584700 70 72 62
-1.652700 2.786500 196.586100 81 46 65
-1.652600 2.787600 196.585900 98 60 71
-1.652600 2.791200 196.585400 86 57 41
-1.652500 2.845400 196.583400 131 99 92
-1.652400 2.738000 196.588300 34 40 19
-1.652400 2.808400 196.603200 0 0 0
-1.652400 2.809900 196.584500 81 60 62
-1.652400 2.827800 196.583900 64 76 77
-1.652300 2.773600 196.586100 45 31 38
-1.652200 2.789000 196.585500 67 36 39
-1.652200 2.808700 196.584500 99 58 83
-1.652200 2.824600 196.584100 93 53 79
-1.652100 2.741700 196.587600 77 47 52
-1.652100 2.805300 196.584900 80 68 54
-1.651900 2.804200 196.584900 73 56 60
-1.651800 2.843200 196.583300 132 110 122
-1.651800 2.844400 196.583100 109 80 79
-1.651800 2.849100 196.582500 102 84 83
-1.651700 2.823500 196.583900 93 81 73
-1.651600 2.839600 196.583600 138 135 116
-1.651600 2.840700 196.583400 129 122 95
-1.651500 2.841900 196.583200 132 115 94
-1.651500 2.846800 196.582600 122 83 116
-1.651300 2.848000 196.582400 87 81 85
-1.651000 2.807800 196.583900 91 52 57
-1.650600 2.806700 196.583700 64 49 31
-1.650500 2.740900 196.586700 75 44 75
-1.650500 2.768300 196.585800 73 54 44
-1.650400 2.754400 196.586200 60 48 43
-1.650200 2.755600 196.585900 59 52 37
-1.650200 2.810800 196.598900 0 0 0
-1.650200 2.850600 196.583000 152 147 152
-1.650100 2.822700 196.583000 77 90 83
-1.650000 2.811000 196.602800 0 0 0
-1.650000 2.811100 196.600900 0 0 0
-1.650000 2.837600 196.582700 123 124 129
-1.649800 2.821600 196.582900 109 82 85
-1.649800 2.838800 196.582500 137 135 129
-1.649600 2.836500 196.582600 130 123 133
-1.649400 2.820600 196.582800 111 80 69
-1.649400 2.842300 196.583400 132 125 121
-1.649300 2.818500 196.583000 119 107 109
-1.649200 2.829600 196.583200 151 142 142
-1.649100 2.740100 196.585900 75 33 61
-1.649100 2.847200 196.589100 16 21 20
-1.649000 2.830800 196.582900 166 147 157
-1.649000 2.835400 196.582400 143 135 127
-1.648900 2.803600 196.583100 92 55 81
-1.648900 2.833200 196.582600 150 131 126
-1.648800 2.769900 196.584500 45 55 37
-1.648800 2.847300 196.582500 161 133 153
-1.648700 2.802600 196.583100 106 59 88
-1.648700 2.843800 196.582800 152 139 131
-1.648700 2.848400 196.582300 152 147 144
-1.648600 2.753600 196.585200 65 58 49
-1.648600 2.819700 196.582400 104 90 80
-1.648600 2.834400 196.582300 134 133 120
-1.648500 2.786300 196.583600 87 47 69
-1.648500 2.801400 196.583100 82 78 73
-1.648500 2.816400 196.582800 128 121 126
-1.648500 2.832200 196.582500 153 134 143
-1.648500 2.849700 196.582000 168 143 153
-1.648400 2.767700 196.584600 81 48 63
-1.648400 2.815300 196.582900 123 103 116
-1.648400 2.817500 196.582600 139 121 103
-1.648400 2.827400 196.582900 141 135 130
-1.648300 2.798100 196.583400 104 93 81
-1.648200 2.750200 196.585400 91 69 60
-1.648200 2.800400 196.583100 78 84 82
-1.648000 2.785200 196.583400 76 61 63
-1.647900 2.751400 196.585100 69 64 75
-1.647900 2.845100 196.582200 155 144 132
-1.647800 2.823200 196.583100 150 113 140
-1.647800 2.826500 196.582700 162 135 154
-1.647800 2.828700 196.582500 127 131 128
-1.647700 2.765500 196.584500 78 69 65
-1.647700 2.825500 196.582800 166 120 155
-1.647600 2.783000 196.583500 76 88 84
-1.647600 2.784100 196.583400 66 90 72
-1.647600 2.799500 196.582800 82 93 83
-1.647600 2.813200 196.582600 124 118 97
-1.647600 2.838000 196.582800 131 106 112
-1.647600 2.849900 196.583000 43 38 34
-1.647500 2.752800 196.584600 65 56 64
-1.647500 2.848600 196.583100 42 46 54
-1.647400 2.846400 196.583300 78 20 60
-1.647300 2.811000 196.582700 145 125 126
-1.647300 2.812100 196.582600 141 121 127
-1.647300 2.836900 196.582700 97 87 90
-1.647200 2.806300 196.583300 136 126 118
-1.647100 2.835800 196.582800 107 86 92
-1.647100 2.850000 196.584300 50 21 30
-1.647000 2.814500 196.582100 133 126 112
-1.647000 2.845300 196.583200 43 24 33
-1.646900 2.766900 196.583700 83 59 85
-1.646900 2.796000 196.582900 117 107 127
-1.646800 2.726700 196.585100 38 53 33
-1.646800 2.841600 196.583500 31 30 17
-1.646700 2.780700 196.583300 126 96 95
-1.646700 2.781900 196.583100 88 82 66
-1.646700 2.797300 196.582500 126 92 117
-1.646700 2.811100 196.584000 77 64 67
-1.646700 2.832500 196.582900 76 63 75
-1.646700 2.846500 196.587700 16 21 13
-1.646600 2.821200 196.582600 131 108 116
-1.646600 2.837100 196.583900 43 27 31
-1.646600 2.842900 196.583200 7 18 17
-1.646500 2.809900 196.582400 143 118 141
-1.646500 2.820100 196.582600 133 112 111
-1.646500 2.827800 196.583300 80 53 70
-1.646400 2.734800 196.585100 82 64 48
-1.646400 2.779600 196.583200 119 86 104
-1.646400 2.794900 196.582700 121 110 122
-1.646400 2.805400 196.582900 164 126 135
-1.646400 2.814600 196.589700 30 24 22
-1.646400 2.842900 196.584700 25 12 21
-1.646300 2.778500 196.583300 123 106 123
-1.646300 2.807600 196.582600 148 135 124
-1.646200 2.829000 196.583000 68 41 50
-1.646200 2.838300 196.583500 28 12 21
-1.646200 2.840600 196.584800 38 15 14
-1.646100 2.748200 196.584500 94 69 90
-1.646100 2.764900 196.583600 80 90 68
-1.646100 2.793800 196.582600 122 111 114
-1.646100 2.803100 196.583000 149 99 116
-1.646100 2.808800 196.582300 146 118 134
-1.646000 2.789100 196.583300 147 125 136
-1.646000 2.821300 196.583800 35 16 36
-1.645900 2.725700 196.584700 30 28 24
-1.645900 2.791500 196.582900 133 121 105
-1.645900 2.822400 196.582000 146 116 133
-1.645900 2.824600 196.583300 75 28 70
-1.645800 2.749500 196.584100 108 61 70
-1.645800 2.763800 196.583600 88 83 75
-1.645800 2.822400 196.583600 63 16 40
-1.645800 2.825800 196.583100 54 20 51
-1.645700 2.762600 196.583600 93 92 94
-1.645700 2.804300 196.582600 152 106 117
-1.645700 2.814700 196.582800 81 77 74
-1.645600 2.832800 196.583700 43 23 41
-1.645500 2.815900 196.582600 111 93 92
-1.645500 2.824700 196.584700 3 5 3
-1.645400 2.802100 196.589200 30 20 15
-1.645300 2.736300 196.584200 35 43 49
-1.645300 2.788200 196.582900 149 118 135
-1.645300 2.802100 196.582700 142 109 129
-1.645200 2.790500 196.582600 133 120 116
-1.645200 2.792800 196.582300 128 119 99
-1.645100 2.801000 196.582700 131 98 119
-1.645100 2.812500 196.582800 84 67 70
-1.645000 2.719300 196.583600 47 19 36
-1.645000 2.772000 196.583400 136 117 132
-1.645000 2.777600 196.582600 118 107 118
-1.645000 2.787000 196.582900 129 125 142
-1.645000 2.817100 196.583700 30 21 17
-1.644800 2.769700 196.583600 117 123 118
-1.644800 2.774300 196.583000 138 109 132
-1.644800 2.775400 196.582800 133 115 116
-1.644800 2.776600 196.582700 132 125 125
-1.644700 2.747300 196.583700 85 100 66
-1.644700 2.797700 196.582900 120 100 108
-1.644600 2.734200 196.584100 81 63 65
-1.644500 2.715900 196.582200 11 2 2
-1.644500 2.723900 196.584100 60 38 54
-1.644500 2.760600 196.583300 121 93 78
-1.644500 2.778900 196.587000 27 8 9
-1.644500 2.812700 196.583900 15 22 16
-1.644400 2.773300 196.582900 133 105 126
-1.644400 2.815000 196.585300 19 19 10
-1.644300 2.755900 196.583800 121 116 110
-1.644300 2.761800 196.582900 110 96 103
-1.644300 2.782500 196.583100 99 95 88
-1.644300 2.790700 196.588400 28 9 18
-1.644300 2.809200 196.582700 82 27 78
-1.644200 2.784900 196.582700 108 107 86
-1.644100 2.725100 196.583700 53 37 44
-1.644100 2.782500 196.591000 23 29 19
-1.644100 2.808100 196.582700 67 38 61
-1.644000 2.794300 196.582900 93 65 75
-1.644000 2.801300 196.583600 54 28 44
-1.644000 2.816200 196.583300 36 25 24
-1.643900 2.786100 196.582400 123 110 112
-1.643900 2.799100 196.583800 17 19 7
-1.643800 2.783800 196.582600 117 99 103
-1.643500 2.746400 196.583200 72 97 63
-1.643500 2.767700 196.583100 134 107 127
-1.643500 2.780300 196.582900 102 82 87
-1.643500 2.807100 196.585700 29 18 8
-1.643400 2.759700 196.582600 123 91 86
-1.643400 2.779100 196.583000 61 72 72
-1.643400 2.781500 196.582700 95 81 74
-1.643400 2.793200 196.582600 61 54 48
-1.643300 2.732100 196.583600 102 84 72
-1.643300 2.733300 196.583400 102 86 89
-1.643300 2.752500 196.583700 120 93 107
-1.643300 2.758400 196.582800 119 111 95
-1.643300 2.792100 196.582800 56 65 52
-1.643200 2.718500 196.582600 40 10 21
-1.643200 2.781400 196.628100 49 12 2
-1.643200 2.799200 196.585000 27 15 17
-1.643100 2.757400 196.582800 103 112 96
-1.643100 2.771300 196.582400 117 123 121
-1.643100 2.787500 196.583300 82 17 40
-1.643100 2.803800 196.584200 18 19 21
-1.643000 2.745300 196.583000 110 93 100
-1.643000 2.760900 196.591900 14 22 23
-1.643000 2.786300 196.583400 43 28 37
-1.643000 2.799200 196.586400 31 12 30
-1.643000 2.803800 196.589000 24 16 20
-1.642900 2.723200 196.583300 52 31 37
-1.642700 2.769100 196.582500 128 118 123
-1.642700 2.777100 196.582900 95 65 87
-1.642700 2.791100 196.582500 43 46 47
-1.642600 2.731200 196.583400 98 78 85
-1.642600 2.755100 196.582900 119 105 83
-1.642600 2.773700 196.583300 50 38 51
-1.642600 2.781600 196.583800 25 23 25
-1.642600 2.784100 196.583500 30 18 33
-1.642500 2.743000 196.583100 116 95 109
-1.642500 2.761000 196.589900 1 22 11
-1.642500 2.765700 196.582900 99 94 89
-1.642400 2.716500 196.582500 6 15 20
-1.642400 2.764600 196.582900 112 90 104
-1.642300 2.715300 196.581000 25 19 22
-1.642300 2.778300 196.582500 70 69 74
-1.642300 2.793500 196.586800 32 6 13
-1.642200 2.744300 196.582600 117 95 99
-1.642200 2.754100 196.582800 130 110 106
-1.642200 2.766800 196.582500 130 98 100
-1.642200 2.791200 196.583900 10 28 23
-1.642100 2.717700 196.582100 41 10 23
-1.642100 2.751700 196.583100 119 100 94
-1.642100 2.790000 196.585500 14 11 15
-1.642000 2.722400 196.582900 85 48 41
-1.641900 2.778400 196.583800 32 22 34
-1.641800 2.780700 196.586700 36 18 12
-1.641700 2.730300 196.583000 119 74 94
-1.641700 2.738500 196.583300 109 102 75
-1.641700 2.740800 196.582900 112 111 96
-1.641600 2.763600 196.582600 99 74 98
-1.641500 2.757800 196.583400 40 50 44
-1.641400 2.715500 196.582000 8 12 5
-1.641400 2.721400 196.582600 62 49 56
-1.641400 2.739700 196.582900 92 101 67
-1.641400 2.771700 196.582900 43 40 53
-1.641300 2.729300 196.582900 133 78 100
-1.641300 2.761300 196.582700 93 56 63
-1.641300 2.775100 196.583900 7 22 8
-1.641100 2.749400 196.582800 113 75 79
-1.641100 2.760200 196.582800 55 44 42
-1.641000 2.747000 196.591200 31 26 20
-1.641000 2.775200 196.585400 15 25 22
-1.640800 2.720400 196.582500 65 41 51
-1.640800 2.735200 196.583200 95 90 89
-1.640800 2.771800 196.585700 25 9 30
-1.640700 2.741000 196.590300 41 15 15
-1.640700 2.759100 196.582700 48 56 51
-1.640600 2.750800 196.582300 113 90 95
-1.640500 2.736400 196.582900 104 92 78
-1.640500 2.753300 196.583400 52 34 42
-1.640500 2.755600 196.583100 45 32 30
-1.640500 2.767200 196.587800 41 14 25
-1.640300 2.732900 196.583300 88 68 58
-1.640300 2.737600 196.582600 131 96 98
-1.640300 2.741100 196.591700 35 16 16
-1.640300 2.747200 196.582700 93 65 55
-1.640200 2.719300 196.582300 81 43 50
-1.640200 2.742400 196.581700 97 84 79
-1.640200 2.750900 196.583700 20 19 23
-1.640200 2.766300 196.582900 25 11 28
-1.640100 2.714600 196.579800 22 28 22
-1.640100 2.761600 196.583600 22 24 27
-1.640100 2.764000 196.583200 53 17 32
-1.640000 2.725200 196.589200 15 12 2
-1.640000 2.726200 196.582600 87 80 83
-1.640000 2.727300 196.582500 80 82 71
-1.640000 2.728600 196.582300 124 93 95
-1.640000 2.749700 196.583700 25 18 23
-1.639900 2.724000 196.582900 113 74 96
-1.639900 2.743700 196.582900 45 41 47
-1.639900 2.752200 196.583300 36 23 35
-1.639700 2.732000 196.583100 97 52 54
-1.639700 2.734300 196.582700 77 70 71
-1.639700 2.758200 196.583800 25 14 14
-1.639700 2.758200 196.588700 14 10 20
-1.639600 2.725300 196.582500 95 76 93
-1.639600 2.758300 196.585300 42 12 23
-1.639400 2.746200 196.583900 44 20 13
-1.639200 2.737900 196.583400 58 20 41
-1.639200 2.740300 196.583100 43 24 34
-1.639200 2.741400 196.582900 53 37 54
-1.639100 2.714900 196.580700 21 15 27
-1.639000 2.713700 196.577700 38 12 37
-1.639000 2.729900 196.583000 71 44 49
-1.638900 2.742800 196.582500 61 32 73
-1.638900 2.747600 196.586600 29 15 29
-1.638800 2.711500 196.554000 24 14 27
-1.638800 2.711500 196.555600 37 20 28
-1.638800 2.723200 196.582400 121 70 86
-1.638800 2.734500 196.583700 31 18 29
-1.638600 2.736900 196.583300 29 17 23
-1.638500 2.712700 196.569500 40 28 21
-1.638400 2.712700 196.574300 7 15 6
-1.638400 2.712800 196.563100 40 16 25
-1.638400 2.722200 196.582300 109 66 77
-1.638400 2.740500 196.585800 30 29 18
-1.638300 2.727800 196.582900 45 32 28
-1.638200 2.709200 196.574800 24 5 4
-1.638200 2.712800 196.564500 32 23 19
-1.638200 2.712800 196.567700 17 3 11
-1.638200 2.723400 196.583600 45 16 28
-1.638100 2.712800 196.575700 11 5 6
-1.638100 2.730100 196.584000 18 15 15
-1.638000 2.709300 196.557100 23 26 24
-1.638000 2.712900 196.570800 23 16 5
-1.638000 2.729100 196.582600 57 40 37
-1.637900 2.711800 196.551800 40 21 20
-1.637900 2.712900 196.572300 37 20 22
-1.637800 2.711800 196.570900 27 18 7
-1.637800 2.712900 196.565900 35 30 19
-1.637700 2.710600 196.561400 34 15 18
-1.637700 2.717700 196.582600 81 53 51
-1.637600 2.709400 196.545800 15 20 3
-1.637600 2.710600 196.559800 27 12 18
-1.637600 2.711900 196.567500 38 14 25
-1.637500 2.710600 196.539300 33 7 17
-1.637500 2.710600 196.550200 47 18 30
-1.637500 2.711900 196.556400 34 23 14
-1.637500 2.711900 196.559600 40 20 29
-1.637500 2.722400 196.583300 42 17 29
-1.637400 2.708300 196.544300 52 20 21
-1.637400 2.708500 196.465900 26 19 30
-1.637400 2.709500 196.502200 33 20 50
-1.637400 2.710600 196.558000 38 15 38
-1.637400 2.710700 196.537600 26 5 21
-1.637400 2.711900 196.565800 38 23 13
-1.637400 2.714200 196.578200 18 22 15
-1.637300 2.711900 196.568900 37 14 12
-1.637300 2.713000 196.576800 18 7 21
-1.637200 2.710700 196.543800 24 22 16
-1.637200 2.710700 196.556400 21 18 18
-1.637200 2.712000 196.545100 32 21 23
-1.637200 2.712000 196.546700 19 12 20
-1.637100 2.710700 196.551600 22 16 19
-1.637100 2.710800 196.535800 23 8 21
-1.637100 2.710800 196.540600 28 5 12
-1.637100 2.712000 196.543500 24 15 16
-1.637100 2.712000 196.557700 15 2 20
-1.637100 2.715500 196.582600 42 26 21
-1.637000 2.712000 196.541900 21 14 15
-1.637000 2.712100 196.538700 28 22 18
-1.636900 2.710800 196.534200 22 25 14
-1.636900 2.710800 196.542000 28 10 20
-1.636900 2.712000 196.571900 25 15 18
-1.636900 2.712100 196.537100 49 11 24
-1.636900 2.717900 196.583700 33 17 20
-1.636800 2.709700 196.500300 43 25 27
-1.636800 2.710900 196.475800 18 26 19
-1.636800 2.712100 196.548000 43 22 13
-1.636800 2.712100 196.549500 29 17 18
-1.636700 2.712200 196.540100 37 23 34
-1.636600 2.710900 196.532500 24 28 0
-1.636600 2.710900 196.548100 30 9 6
-1.636600 2.710900 196.554400 12 15 3
-1.636600 2.712100 196.563800 17 24 16
-1.636600 2.712200 196.529100 26 16 27
-1.636600 2.712200 196.560500 37 24 25
-1.636600 2.712300 196.490600 15 15 16
-1.636600 2.712300 196.492200 38 15 29
-1.636500 2.709800 196.503200 24 16 30
-1.636500 2.709800 196.512400 38 15 16
-1.636400 2.712200 196.573200 3 19 5
-1.636400 2.712200 196.579500 25 15 12
-1.636400 2.712300 196.533600 19 15 19
-1.636300 2.710900 196.552600 23 15 20
-1.636300 2.712300 196.530500 3 20 9
-1.636300 2.712300 196.535200 53 9 32
-1.636300 2.712400 196.481300 41 21 25
-1.636200 2.711000 196.544700 24 18 12
-1.636200 2.711200 196.464900 25 24 20
-1.636200 2.712300 196.532000 16 34 19
-1.636100 2.711100 196.482900 25 25 21
-1.636100 2.712300 196.561800 26 11 18
-1.636000 2.711100 196.522700 40 18 13
-1.636000 2.711100 196.524300 20 14 10
-1.636000 2.711200 196.470800 16 14 13
-1.636000 2.711200 196.476800 20 20 16
-1.636000 2.711200 196.485900 41 26 27
-1.636000 2.712500 196.470600 15 15 16
-1.636000 2.712500 196.482700 28 26 32
-1.635900 2.711200 196.484300 20 21 18
-1.635900 2.712400 196.517800 58 9 18
-1.635800 2.711200 196.505600 31 28 24
-1.635800 2.712400 196.522400 18 17 13
-1.635800 2.712400 196.524000 14 12 4
-1.635800 2.712400 196.527100 34 17 24
-1.635700 2.711200 196.511700 41 20 33
-1.635700 2.711200 196.517900 41 6 14
-1.635700 2.711300 196.481200 38 25 37
-1.635700 2.712500 196.519300 35 15 3
-1.635600 2.711200 196.527100 29 15 15
-1.635600 2.711300 196.490200 33 21 30
-1.635600 2.712500 196.497700 25 27 17
-1.635500 2.711200 196.525500 15 31 17
-1.635500 2.711300 196.466000 22 12 15
-1.635500 2.712600 196.465800 25 15 12
-1.635500 2.712600 196.479300 29 18 9
-1.635500 2.712600 196.486900 43 23 27
-1.635400 2.711200 196.516200 68 32 43
-1.635400 2.711200 196.520800 21 15 7
-1.635400 2.711200 196.545700 31 22 19
-1.635400 2.711300 196.479500 22 15 13
-1.635400 2.711300 196.487000 20 15 3
-1.635400 2.711300 196.497700 49 6 17
-1.635400 2.711400 196.478000 19 16 14
-1.635400 2.712600 196.468700 32 23 25
-1.635400 2.712600 196.499000 35 31 41
-1.635400 2.712600 196.516000 51 16 33
-1.635300 2.711300 196.519200 44 23 25
-1.635300 2.711300 196.530000 38 14 14
-1.635300 2.711400 196.467400 42 30 23
-1.635300 2.712600 196.485300 36 15 23
-1.635300 2.712600 196.492900 40 15 21
-1.635200 2.711300 196.528400 15 11 18
-1.635200 2.711400 196.491500 37 52 52
-1.635200 2.711400 196.496100 26 24 22
-1.635200 2.711400 196.506800 35 24 19
-1.635200 2.712600 196.488300 32 26 20
-1.635200 2.712600 196.495900 41 9 14
-1.635100 2.711400 196.488400 44 26 35
-1.635100 2.711400 196.512900 27 10 21
-1.635100 2.712600 196.506500 26 12 19
-1.635100 2.712600 196.514200 53 20 39
-1.635100 2.712700 196.467100 20 26 22
-1.635100 2.712700 196.474600 33 29 27
-1.635000 2.711400 196.514400 49 9 36
-1.635000 2.712600 196.520400 21 29 8
-1.635000 2.712700 196.511100 15 20 15
-1.634900 2.698200 196.606900 66 28 32
-1.634900 2.711400 196.492900 47 27 34
-1.634900 2.712800 196.483500 20 18 28
-1.634800 2.711500 196.471600 48 32 32
-1.634800 2.711500 196.473100 28 21 7
-1.634800 2.711500 196.503500 24 15 18
-1.634800 2.712800 196.494100 55 1 15
-1.634800 2.712800 196.504800 40 30 30
-1.634700 2.711500 196.494300 29 14 18
-1.634700 2.712800 196.471300 27 12 10
-1.634700 2.712800 196.475800 62 30 45
-1.634700 2.712800 196.509400 43 22 43
-1.634700 2.712800 196.512400 22 16 18
-1.634600 2.711500 196.498800 40 26 17
-1.634600 2.712800 196.500100 26 25 18
-1.634600 2.712800 196.501600 42 26 16
-1.634500 2.712800 196.503100 45 12 16
-1.634500 2.712800 196.524700 40 32 27
-1.634500 2.712900 196.477200 36 29 18
-1.634300 2.711600 196.500100 51 27 33
-1.634300 2.712900 196.472600 42 27 18
-1.634300 2.712900 196.507600 24 20 14
-1.634200 2.711600 196.501600 24 20 21
-1.634200 2.711600 196.509300 25 15 20
-1.633800 2.704500 196.608400 77 43 55
-1.633500 2.711800 196.507300 30 15 20
-1.632400 2.701300 196.601600 69 53 52
-1.632400 2.703700 196.607700 53 22 17
-1.632400 2.704900 196.605800 90 43 56
-1.632100 2.701300 196.606300 48 18 5
-1.631900 2.702600 196.607600 80 36 59
-1.631700 2.702600 196.604100 83 73 59
-1.631700 2.704000 196.603900 68 66 40
-1.631600 2.701500 196.602600 60 45 37
-1.631300 2.701600 196.604100 81 61 57
-1.630900 2.702900 196.605200 92 57 60
-1.630700 2.704200 196.604900 86 50 64
-1.712300 2.822000 196.630100 93 78 78
-1.712200 2.840200 196.629800 105 65 93
-1.710800 2.750400 196.633100 29 16 21
-1.710000 2.753300 196.632400 40 10 15
-1.709200 2.838800 196.629800 98 69 84
-1.709000 2.750200 196.633500 23 5 11
-1.708800 2.820600 196.630300 74 80 50
-1.708200 2.748900 196.633300 41 15 16
-1.708200 2.753200 196.632900 23 3 6
-1.707600 2.755900 196.632100 36 15 16
-1.706900 2.836400 196.629700 99 72 80
-1.706300 2.753000 196.633400 43 3 16
-1.705400 2.756100 196.632900 51 15 19
-1.705000 2.758600 196.632000 28 20 14
-1.703600 2.755900 196.633400 68 23 19
-1.702600 2.759100 196.632800 58 29 23
-1.702100 2.761700 196.632000 75 41 22
-1.700800 2.758900 196.633300 92 19 38
-1.699900 2.757600 196.633100 82 35 39
-1.699800 2.762100 196.632800 29 36 19
-1.699500 2.764500 196.631900 33 14 18
-1.698700 2.765400 196.630500 0 0 2
-1.698600 2.761200 196.632900 7 7 4
-1.698000 2.759600 196.632400 5 0 3
-1.697300 2.762600 196.631900 0 0 0
-1.697300 2.764800 196.632600 0 0 1
-1.696600 2.761100 196.631500 0 0 0
-1.696200 2.763800 196.630700 0 0 0
-1.696100 2.766000 196.631500 0 0 0
-1.647900 2.847300 196.635500 43 32 27
-1.645800 2.830100 196.637900 52 30 34
-1.645700 2.826800 196.638300 52 24 30
-1.645400 2.802000 196.629800 20 3 7
-1.644800 2.801000 196.631300 34 7 9
-1.644700 2.829100 196.638900 71 37 29
-1.644400 2.814900 196.637300 43 38 30
-1.644400 2.830400 196.638600 62 20 21
-1.644200 2.839700 196.637300 37 42 49
-1.643400 2.822700 196.638900 49 52 42
-1.642800 2.815200 196.637900 44 30 19
-1.642700 2.829600 196.639200 67 41 49
-1.642400 2.819700 196.638700 54 43 29
-1.642200 2.830800 196.638700 64 27 36
-1.642100 2.828500 196.639000 63 41 43
-1.642000 2.799400 196.636200 38 35 27
-1.638400 2.739300 196.633200 44 31 3
-1.638100 2.740500 196.634500 52 42 21
-1.638000 2.739400 196.634600 48 33 9
-1.554900 2.841600 196.636400 137 126 134
-1.554700 2.839600 196.636500 137 115 119
-1.554600 2.829000 196.636300 154 122 129
-1.554600 2.840600 196.636300 140 110 120
-1.554400 2.826900 196.636500 125 129 107
-1.554300 2.828000 196.636300 130 111 112
-1.554300 2.838600 196.636300 154 123 105
-1.554200 2.837700 196.636300 135 119 100
-1.554100 2.849200 196.636300 106 124 106
-1.554000 2.825900 196.636400 117 111 87
-1.554000 2.850400 196.636100 131 127 112
-1.553700 2.823800 196.636400 120 121 117
-1.553700 2.825000 196.636300 128 112 105
-1.553600 2.835700 196.636200 137 116 122
-1.553600 2.848100 196.636100 103 125 110
-1.553500 2.821700 196.636600 131 121 103
-1.553500 2.822800 196.636500 124 120 103
-1.553500 2.836700 196.636000 138 123 116
-1.553300 2.820700 196.636600 129 117 106
-1.553300 2.846000 196.636200 138 129 121
-1.553200 2.833700 196.636300 140 113 123
-1.553200 2.834700 196.636100 142 113 129
-1.553100 2.809800 196.636500 110 105 98
-1.553100 2.844100 196.636400 133 130 126
-1.553100 2.845100 196.636200 130 126 122
-1.553100 2.847200 196.635900 121 121 107
-1.553000 2.808800 196.636600 119 97 88
-1.553000 2.832600 196.636300 129 110 107
-1.552900 2.830500 196.636500 126 115 88
-1.552800 2.843100 196.636200 137 119 135
-1.552700 2.819900 196.636300 141 130 126
-1.552600 2.818800 196.636400 128 129 121
-1.552500 2.806700 196.636600 108 104 73
-1.552500 2.807800 196.636400 131 103 84
-1.552500 2.816600 196.636700 127 107 102
-1.552500 2.831700 196.636100 125 115 93
-1.552500 2.842100 196.636200 113 126 124
-1.552400 2.829400 196.636300 138 112 97
-1.552300 2.817700 196.636400 130 121 118
-1.552000 2.805700 196.636400 131 112 94
-1.552000 2.814500 196.636700 124 102 75
-1.551900 2.815600 196.636500 132 109 96
-1.551800 2.802400 196.636800 115 93 109
-1.551700 2.804700 196.636300 99 104 87
-1.551600 2.803600 196.636500 111 112 113
-1.551500 2.813500 196.636500 127 109 117
-1.551400 2.811300 196.636800 138 124 113
-1.551200 2.801400 196.636500 125 93 111
-1.551200 2.812400 196.636500 124 107 123
-1.550900 2.799400 196.636700 111 103 103
-1.550900 2.800400 196.636500 129 106 116
-1.550900 2.809300 196.636700 131 117 113
-1.550800 2.808200 196.636800 132 96 104
-1.550200 2.785600 196.636800 128 108 119
-1.550200 2.794200 196.637000 103 111 106
-1.550200 2.797400 196.636500 132 116 122
-1.550100 2.798500 196.636300 119 106 112
-1.550000 2.795300 196.636700 118 119 106
-1.550000 2.796400 196.636600 127 112 116
-1.549800 2.783600 196.636900 129 110 113
-1.549700 2.784600 196.636600 135 109 113
-1.549400 2.793300 196.636600 116 103 111
-1.549200 2.782600 196.636600 125 119 121
-1.549100 2.792300 196.636600 122 107 94
-1.549000 2.791300 196.636600 122 108 104
-1.548700 2.780500 196.636600 120 115 76
-1.548700 2.789200 196.636800 139 119 113
-1.548600 2.779400 196.636800 122 106 78
-1.548600 2.790300 196.636500 134 118 129
-1.548500 2.781600 196.636300 117 115 81
-1.548400 2.769300 196.636800 121 120 99
-1.548300 2.778400 196.636800 140 113 112
-1.548200 2.768200 196.636800 112 116 102
-1.548100 2.788300 196.636500 156 120 100
-1.548000 2.767100 196.636900 119 122 120
-1.547800 2.766100 196.636900 126 109 103
-1.547700 2.777500 196.636500 128 124 113
-1.547700 2.786200 196.636600 128 96 113
-1.547500 2.776400 196.636500 136 87 104
-1.547400 2.730200 196.636800 109 100 102
-1.547400 2.764000 196.637000 129 103 100
-1.547300 2.765000 196.636800 135 108 103
-1.547200 2.729100 196.636900 123 108 117
-1.547200 2.773000 196.636900 132 127 104
-1.547200 2.774200 196.636600 136 102 96
-1.547100 2.775400 196.636400 139 85 92
-1.546900 2.754300 196.636800 127 119 89
-1.546900 2.763100 196.636800 132 111 125
-1.546800 2.752200 196.637100 107 119 79
-1.546700 2.753400 196.636800 130 116 89
-1.546600 2.728200 196.636600 87 96 103
-1.546500 2.725900 196.637000 117 80 94
-1.546500 2.727000 196.636800 138 98 109
-1.546400 2.736000 196.636600 135 109 93
-1.546400 2.762000 196.636700 120 103 131
-1.546400 2.772100 196.636500 113 110 83
-1.546300 2.751300 196.636900 121 115 111
-1.546300 2.771000 196.636600 107 99 89
-1.546200 2.724900 196.637100 123 94 111
-1.546200 2.734900 196.636700 129 119 70
-1.546200 2.742800 196.636800 123 118 89
-1.546200 2.760900 196.636700 137 113 112
-1.546100 2.759900 196.636800 130 118 94
-1.546100 2.769900 196.636600 118 111 109
-1.546000 2.733900 196.636800 119 118 65
-1.545800 2.723900 196.636900 123 90 102
-1.545800 2.732800 196.636900 119 118 103
-1.545800 2.768800 196.636600 134 117 104
-1.545700 2.741800 196.636600 121 115 117
-1.545700 2.748400 196.637000 130 119 104
-1.545700 2.749300 196.636900 120 111 79
-1.545700 2.750400 196.636700 129 118 108
-1.545700 2.758900 196.636700 131 122 105
-1.545600 2.757800 196.636900 135 110 116
-1.545500 2.740700 196.636800 126 122 113
-1.545300 2.723000 196.636800 117 100 83
-1.545200 2.747400 196.636900 123 105 104
-1.545100 2.720800 196.637100 122 115 83
-1.545000 2.730900 196.636600 104 112 109
-1.545000 2.746400 196.636900 119 119 82
-1.545000 2.755800 196.636800 124 109 95
-1.544900 2.739700 196.636500 129 115 88
-1.544800 2.737600 196.636800 135 111 132
-1.544800 2.738600 196.636700 153 124 126
-1.544700 2.721900 196.636600 132 96 113
-1.544600 2.696400 196.636800 96 61 47
-1.544600 2.703000 196.637100 60 73 48
-1.544600 2.745400 196.636900 131 110 97
-1.544600 2.754900 196.636700 116 108 94
-1.544400 2.719800 196.636800 115 98 47
-1.544300 2.694400 196.637100 66 74 57
-1.544300 2.701000 196.637300 106 78 62
-1.544300 2.702000 196.637100 69 84 50
-1.544300 2.728900 196.636600 126 105 105
-1.544300 2.736600 196.636700 129 117 107
-1.544300 2.744400 196.636800 134 111 102
-1.544300 2.752800 196.636900 128 120 117
-1.544100 2.695600 196.636600 73 57 33
-1.544100 2.709700 196.637000 110 106 112
-1.544100 2.717800 196.637000 122 103 107
-1.544000 2.708600 196.637100 103 99 90
-1.544000 2.718800 196.636800 120 100 87
-1.544000 2.743400 196.636800 122 125 93
-1.543800 2.716700 196.637000 109 92 95
-1.543700 2.735600 196.636500 123 119 109
-1.543500 2.700100 196.636900 93 59 53
-1.543500 2.707600 196.637100 107 84 81
-1.543500 2.715600 196.637000 125 110 97
-1.543300 2.699000 196.637100 84 68 63
-1.543200 2.705700 196.637200 121 86 78
-1.543200 2.706700 196.637000 117 78 74
-1.542800 2.714600 196.636800 118 105 83
-1.542700 2.698100 196.636900 64 71 55
-1.542700 2.704700 196.637100 102 83 76
-1.542400 2.697100 196.636900 90 86 56
-1.542400 2.713600 196.636700 119 108 98
-1.542200 2.702700 196.637100 121 94 83
-1.542200 2.712500 196.636800 100 90 93
-1.542100 2.711400 196.636900 128 111 116
-1.542000 2.696200 196.636800 98 85 57
-1.542000 2.710300 196.637000 121 105 89
-1.542000 2.772000 196.636700 126 112 103
-1.541800 2.701800 196.637100 105 98 70
-1.541600 2.709300 196.637000 110 101 73
-1.659400 2.911500 195.410000 50 15 42
-1.659100 2.905000 195.410400 55 17 54
-1.658600 3.006600 195.370900 111 56 59
-1.658500 3.005500 195.370900 106 64 66
-1.658300 3.004200 195.425300 173 147 167
-1.658200 3.004300 195.370900 109 54 98
-1.658100 3.003100 195.425300 177 153 168
-1.658100 3.005300 195.425300 175 159 164
-1.658100 3.005500 195.369800 115 87 75
-1.658000 3.006400 195.425300 175 167 168
-1.658000 3.006600 195.369800 120 94 59
-1.657900 3.003300 195.370900 105 56 55
-1.657900 3.005300 195.424200 155 133 141
-1.657800 2.988600 195.424000 139 124 130
-1.657700 2.995200 195.425200 179 142 168
-1.657600 2.985000 195.423900 146 128 134
-1.657600 2.998500 195.425300 166 143 148
-1.657500 2.992000 195.425200 159 139 161
-1.657500 3.001900 195.425400 181 158 174
-1.657400 3.000800 195.425400 184 149 163
-1.657300 2.982900 195.377700 123 70 92
-1.657300 2.986200 195.424000 147 121 133
-1.657300 2.999700 195.425400 183 153 162
-1.657300 2.999900 195.372200 130 47 64
-1.657200 2.921100 195.409400 42 15 46
-1.657200 2.987400 195.424000 145 119 124
-1.657200 2.994300 195.425300 184 146 170
-1.657200 2.997400 195.425300 184 153 164
-1.657200 2.998800 195.372200 127 85 94
-1.657200 3.001000 195.372200 135 56 99
-1.657100 2.983900 195.424000 146 130 126
-1.657000 2.989700 195.425200 162 146 148
-1.657000 2.991000 195.375500 130 101 78
-1.657000 2.996600 195.373300 105 80 106
-1.656900 2.979200 195.423900 139 126 130
-1.656900 2.982800 195.424000 134 127 132
-1.656900 2.988600 195.425200 152 144 143
-1.656900 2.996400 195.425400 166 148 165
-1.656800 2.979400 195.377700 109 78 97
-1.656800 2.986400 195.376600 125 91 89
-1.656800 2.987400 195.425200 168 150 159
-1.656700 2.928100 195.409000 75 10 63
-1.656700 2.981600 195.424000 146 121 125
-1.656700 2.981800 195.377700 117 55 99
-1.656700 3.005600 195.373500 93 60 55
-1.656600 2.985200 195.376700 123 88 94
-1.656600 2.990900 195.425300 176 152 167
-1.656600 2.993000 195.425400 169 151 164
-1.656600 3.002200 195.371200 111 93 71
-1.656500 2.989900 195.375600 116 93 82
-1.656400 2.987600 195.376700 126 81 94
-1.656400 2.995500 195.373400 108 70 85
-1.656300 2.974800 195.424000 150 113 138
-1.656300 2.980400 195.424000 158 119 143
-1.656300 2.982800 195.425200 156 139 159
-1.656300 2.997700 195.372300 119 85 108
-1.656200 2.978000 195.424000 129 121 127
-1.656100 2.972600 195.424000 137 124 134
-1.656100 2.981600 195.425200 174 139 151
-1.656100 2.983000 195.376700 129 95 98
-1.656000 2.981800 195.376700 140 97 120
-1.656000 2.988900 195.375700 135 87 95
-1.655900 2.976100 195.377800 113 71 58
-1.655900 2.977000 195.424000 138 121 141
-1.655900 2.984100 195.376800 121 104 87
-1.655800 2.973700 195.424000 142 119 131
-1.655800 2.975900 195.424000 145 121 137
-1.655800 2.993300 195.374600 128 60 89
-1.655700 2.970400 195.424000 143 118 143
-1.655600 2.964800 195.423900 153 100 123
-1.655600 3.001200 195.371300 136 87 107
-1.655500 2.967100 195.424000 108 106 117
-1.655500 2.971500 195.424000 129 117 132
-1.655500 2.987700 195.375700 141 98 96
-1.655400 2.969400 195.424000 142 113 138
-1.655400 2.994600 195.373600 123 68 66
-1.655400 3.004600 195.370300 130 99 107
-1.655300 2.961500 195.423900 129 88 114
-1.655300 2.968300 195.424000 132 93 119
-1.655200 2.967300 195.375400 112 62 88
-1.655200 2.992300 195.374700 134 92 102
-1.655100 2.960400 195.423900 111 92 117
-1.655100 2.966100 195.375400 116 60 60
-1.655100 2.970600 195.376600 120 92 75
-1.655100 2.979500 195.376800 135 101 114
-1.655100 2.986600 195.375800 137 100 107
-1.655100 3.000100 195.371400 134 96 94
-1.655000 2.966000 195.424000 127 104 125
-1.655000 2.971700 195.376700 93 88 88
-1.655000 2.980700 195.376900 129 97 117
-1.654900 2.962700 195.424000 116 87 76
-1.654900 2.962800 195.374200 105 51 70
-1.654800 2.957000 195.423900 129 99 117
-1.654800 2.957200 195.373000 109 70 85
-1.654800 2.963800 195.424000 128 100 113
-1.654800 2.964000 195.374300 115 71 94
-1.654700 2.931300 195.412200 55 15 64
-1.654700 2.958200 195.423900 126 92 112
-1.654600 2.949100 195.423800 132 106 111
-1.654600 2.951300 195.423800 125 87 113
-1.654600 2.958400 195.373000 103 63 82
-1.654600 2.959300 195.424000 113 101 109
-1.654600 2.968500 195.375500 123 82 108
-1.654600 2.996800 195.372600 144 119 128
-1.654500 2.955900 195.423900 120 110 106
-1.654500 2.974000 195.378000 107 80 88
-1.654400 2.953800 195.371800 75 49 50
-1.654300 2.945600 195.423700 107 75 111
-1.654200 2.952500 195.423900 137 112 121
-1.654200 2.953600 195.423900 133 102 126
-1.654200 2.965200 195.374400 111 70 102
-1.654200 2.978400 195.377000 128 108 121
-1.654200 2.985500 195.375900 136 109 109
-1.654100 2.947900 195.423800 130 90 112
-1.654100 2.966300 195.374400 135 72 112
-1.654000 2.954800 195.424000 118 115 104
-1.654000 2.991300 195.374900 153 105 102
-1.653900 2.941000 195.423700 117 83 104
-1.653800 2.943400 195.423800 148 76 128
-1.653800 2.944500 195.423800 132 86 125
-1.653800 2.950300 195.423900 133 97 113
-1.653800 2.955000 195.371900 99 55 66
-1.653600 2.946900 195.423800 121 96 114
-1.653500 2.937400 195.423700 119 69 107
-1.653500 2.939900 195.423700 131 75 116
-1.653500 2.956200 195.372000 117 74 86
-1.653500 2.967500 195.374600 131 78 112
-1.653500 2.969700 195.375800 123 99 97
-1.653500 3.003700 195.370600 150 116 118
-1.653400 2.949400 195.369500 108 65 65
-1.653400 2.995800 195.372800 150 121 129
-1.653300 2.936300 195.423700 126 83 110
-1.653300 2.938700 195.423700 117 80 122
-1.653300 2.942200 195.423800 133 90 118
-1.653200 2.934100 195.423700 132 81 117
-1.653100 2.952800 195.370800 118 87 90
-1.653100 2.977400 195.377100 139 111 125
-1.653100 2.990200 195.375100 160 122 124
-1.653000 2.931900 195.423600 121 90 103
-1.653000 2.933100 195.423700 117 90 109
-1.653000 2.954000 195.370900 117 65 65
-1.653000 2.959700 195.373300 113 65 81
-1.653000 3.007000 195.369600 128 104 71
-1.652900 2.914700 195.413100 28 24 24
-1.652900 2.963000 195.373400 119 67 82
-1.652900 2.973100 195.377100 117 105 97
-1.652900 2.976400 195.377200 133 100 102
-1.652800 2.925100 195.423500 103 78 103
-1.652800 2.929800 195.423600 120 83 107
-1.652800 2.930700 195.423700 124 75 103
-1.652700 2.927300 195.423600 118 88 116
-1.652700 2.938700 195.422700 118 83 106
-1.652700 2.946000 195.369600 119 59 97
-1.652700 2.999100 195.371800 167 126 127
-1.652600 2.928600 195.423600 131 90 119
-1.652600 2.935300 195.423800 109 90 106
-1.652500 2.926200 195.423600 83 73 94
-1.652500 2.993600 195.374100 158 119 120
-1.652400 2.948200 195.368500 67 61 44
-1.652300 2.975300 195.377300 129 105 102
-1.652300 2.989200 195.375200 155 131 117
-1.652200 2.910400 195.413300 68 14 51
-1.652200 2.917500 195.423500 117 98 96
-1.652200 2.949500 195.368600 124 77 86
-1.652100 2.924100 195.423600 119 81 109
-1.652100 2.958600 195.372300 125 81 121
-1.652100 2.960900 195.373500 112 76 109
-1.652100 2.970900 195.376000 129 94 73
-1.652000 2.921900 195.423600 112 85 94
-1.652000 2.957500 195.372300 112 71 84
-1.651900 2.906200 195.424400 99 69 96
-1.651900 2.914300 195.423400 115 71 96
-1.651900 2.920800 195.423600 109 85 94
-1.651900 2.947300 195.368600 88 56 62
-1.651900 2.984500 195.376300 151 126 141
-1.651800 2.923100 195.423600 117 78 98
-1.651700 2.919800 195.423600 111 92 105
-1.651700 2.962100 195.373600 102 65 80
-1.651700 2.964300 195.373600 126 77 98
-1.651700 2.974300 195.377300 122 102 89
-1.651600 2.898400 195.424300 108 68 85
-1.651600 2.907500 195.424500 120 81 105
-1.651600 2.918700 195.423600 102 74 78
-1.651500 2.904000 195.424400 116 85 112
-1.651500 2.909700 195.424500 109 84 117
-1.651500 2.911000 195.424600 116 77 107
-1.651500 2.913200 195.424600 110 82 102
-1.651500 2.943800 195.370900 109 65 74
-1.651500 2.983500 195.376400 146 121 134
-1.651400 2.901900 195.424400 104 87 76
-1.651400 2.913200 195.423500 109 76 94
-1.651300 2.908700 195.424500 125 90 118
-1.651300 2.915400 195.423500 106 81 94
-1.651300 2.916500 195.423500 115 94 95
-1.651200 2.914400 195.424700 116 94 109
-1.651200 2.934500 195.368400 97 66 100
-1.651100 2.903000 195.424500 105 82 83
-1.651100 2.912200 195.423500 118 81 96
-1.651100 2.950800 195.368800 122 58 68
-1.651000 2.942600 195.371000 111 67 94
-1.651000 2.965500 195.373800 112 64 78
-1.651000 2.972100 195.376200 129 118 94
-1.650900 2.900700 195.424400 92 77 83
-1.650900 2.939100 195.370900 96 66 79
-1.650900 2.941500 195.370900 120 71 89
-1.650900 2.982300 195.376500 154 127 124
-1.650800 2.899800 195.424400 111 72 103
-1.650800 2.905300 195.424500 99 78 98
-1.650800 2.935700 195.368500 117 60 103
-1.650800 2.968900 195.375100 129 76 108
-1.650700 2.988100 195.375500 159 129 131
-1.650500 2.895100 195.424300 78 90 88
-1.650500 2.948500 195.367700 104 69 73
-1.650400 2.896400 195.424400 106 91 97
-1.650400 2.955400 195.371400 128 78 86
-1.650300 2.925600 195.368300 99 75 88
-1.650200 2.897500 195.424500 105 82 98
-1.650200 2.940500 195.371100 119 64 76
-1.650200 2.945100 195.370000 104 63 104
-1.650200 2.946300 195.368900 116 47 89
-1.650200 2.987000 195.375500 155 128 152
-1.650100 2.992700 195.374500 163 135 139
-1.650000 2.892800 195.424300 94 65 76
-1.650000 2.894100 195.424400 106 86 94
-1.650000 2.981200 195.376600 147 126 127
-1.649900 2.932400 195.367400 126 78 94
-1.649800 2.949800 195.367800 126 57 85
-1.649800 2.953200 195.370300 119 80 93
-1.649700 2.890500 195.424300 108 66 94
-1.649700 2.929100 195.367400 107 83 77
-1.649700 2.947500 195.367800 123 81 85
-1.649600 2.891700 195.424400 113 93 83
-1.649600 2.995100 195.373500 160 135 147
-1.649500 2.917000 195.368300 81 74 60
-1.649500 2.931300 195.367500 121 76 102
-1.649500 2.938100 195.370000 108 75 80
-1.649500 2.960100 195.372800 125 73 97
-1.649400 2.889400 195.424300 113 73 98
-1.649300 2.888300 195.423200 94 66 73
-1.649300 2.889400 195.423200 101 61 88
-1.649300 2.930400 195.367500 121 66 80
-1.649300 2.934800 195.367600 83 65 100
-1.649300 2.954400 195.370400 122 64 77
-1.649200 2.915900 195.368300 102 61 69
-1.649200 2.933700 195.367600 104 67 97
-1.649200 2.952100 195.369200 115 77 65
-1.649100 2.885900 195.423200 94 65 85
-1.649100 2.887200 195.423200 92 64 83
-1.649100 2.927900 195.367400 125 74 92
-1.649000 2.882600 195.423100 95 80 87
-1.649000 2.884800 195.423100 93 66 87
-1.649000 2.888300 195.424400 104 61 90
-1.648900 2.880300 195.423000 81 66 61
-1.648800 2.909200 195.368100 100 61 94
-1.648800 2.980100 195.376800 147 125 124
-1.648700 2.879100 195.423000 81 71 61
-1.648600 2.896800 195.369000 105 70 77
-1.648500 2.903500 195.368000 103 66 73
-1.648500 2.956700 195.371700 118 77 62
-1.648400 2.876900 195.423000 100 75 68
-1.648400 2.883900 195.422100 92 64 61
-1.648400 2.904700 195.368100 76 52 35
-1.648300 2.878000 195.423100 88 65 61
-1.648300 2.883900 195.423200 98 57 87
-1.648300 2.902500 195.368100 102 70 69
-1.648200 2.881500 195.423200 92 60 68
-1.648200 2.920500 195.368600 111 66 69
-1.648200 2.937100 195.369000 109 57 64
-1.648100 2.874700 195.423000 88 59 64
-1.648100 2.925900 195.367600 104 63 69
-1.648100 2.927000 195.367600 124 64 81
-1.648100 2.936100 195.367800 113 69 82
-1.648100 2.951100 195.368200 107 69 83
-1.648100 2.986000 195.375900 152 131 122
-1.648000 2.876000 195.423100 97 74 77
-1.647900 2.871300 195.423000 85 61 94
-1.647800 2.869200 195.424100 81 60 72
-1.647700 2.870400 195.424100 69 51 74
-1.647700 2.871400 195.424100 91 81 72
-1.647700 2.872600 195.423000 85 58 81
-1.647700 2.916100 195.367400 100 80 68
-1.647600 2.870400 195.423000 78 54 81
-1.647600 2.873800 195.423000 84 63 62
-1.647600 2.906000 195.368300 85 81 70
-1.647500 2.901400 195.368200 112 61 78
-1.647400 2.884200 195.370000 69 47 40
-1.647400 2.912800 195.368500 109 60 71
-1.647400 2.917300 195.367500 95 70 63
-1.647400 2.918400 195.367500 103 64 68
-1.647300 2.864700 195.424000 88 65 80
-1.647300 2.866900 195.424100 104 66 74
-1.647300 2.883100 195.370000 95 57 49
-1.647300 2.891100 195.369100 104 82 80
-1.647300 2.899300 195.368100 106 88 52
-1.647300 2.922700 195.367600 112 76 77
-1.647300 2.944300 195.370500 119 57 84
-1.647200 2.856600 195.423800 72 52 47
-1.647200 2.923900 195.367700 104 64 88
-1.647100 2.859000 195.423900 72 58 55
-1.647100 2.865800 195.424100 85 47 63
-1.647100 2.868200 195.424100 75 73 73
-1.647100 2.889900 195.369100 85 78 58
-1.647100 2.897000 195.368100 107 92 69
-1.647100 2.924900 195.367700 111 77 77
-1.647000 2.909500 195.367300 92 70 87
-1.647000 2.919600 195.367600 106 70 79
-1.647000 2.971400 195.375800 146 110 103
-1.647000 2.973700 195.377000 128 116 126
-1.646800 2.863600 195.424100 92 60 62
-1.646700 2.861300 195.424000 91 67 80
-1.646700 2.862400 195.424000 70 59 60
-1.646700 2.875100 195.371000 68 51 51
-1.646700 2.932900 195.366900 85 67 71
-1.646700 2.939700 195.370500 75 84 73
-1.646600 2.852000 195.423800 58 71 69
-1.646600 2.860200 195.424000 75 58 57
-1.646500 2.854500 195.423800 46 59 52
-1.646500 2.887800 195.369100 92 65 78
-1.646500 2.935100 195.366900 108 56 65
-1.646500 2.958100 195.372100 121 91 60
-1.646400 2.886500 195.369100 83 70 74
-1.646400 2.931800 195.366900 102 77 76
-1.646300 2.879700 195.370100 72 61 62
-1.646300 2.895900 195.368200 98 81 82
-1.646300 2.905000 195.367300 92 88 79
-1.646300 2.911900 195.367500 107 70 82
-1.646300 2.950200 195.367400 77 65 71
-1.646300 2.970500 195.374700 106 73 70
-1.646200 2.860200 195.422900 75 59 67
-1.646200 2.907200 195.367400 109 78 95
-1.646200 2.969400 195.374800 119 95 94
-1.646100 2.853400 195.423900 69 53 55
-1.646100 2.858000 195.422900 81 56 70
-1.646100 2.903900 195.367400 103 66 84
-1.646100 2.908400 195.367500 101 74 95
-1.646100 2.934100 195.367000 113 87 103
-1.646100 2.946700 195.368500 122 54 82
-1.646000 2.855700 195.424000 75 58 57
-1.646000 2.884400 195.369100 100 78 75
-1.646000 2.902900 195.367300 98 63 73
-1.645900 2.855700 195.422800 75 56 64
-1.645900 2.866100 195.370900 96 51 59
-1.645900 2.900700 195.367300 102 73 74
-1.645900 2.906300 195.367400 88 78 73
-1.645900 2.920800 195.367800 113 64 84
-1.645900 2.974900 195.377200 140 135 118
-1.645800 2.851000 195.423900 61 47 54
-1.645800 2.858100 195.424100 68 54 68
-1.645800 2.863900 195.370800 59 61 57
-1.645800 2.929600 195.366900 74 80 63
-1.645700 2.930900 195.367000 58 73 53
-1.645700 2.942200 195.370800 129 76 111
-1.645700 2.955900 195.371100 98 53 87
-1.645600 2.877500 195.370100 99 75 94
-1.645600 2.885600 195.369200 98 81 84
-1.645600 2.894900 195.368300 96 83 84
-1.645600 2.960500 195.372300 122 97 110
-1.645500 2.855900 195.371800 50 43 28
-1.645500 2.861700 195.370800 56 44 39
-1.645500 2.867400 195.371000 101 56 64
-1.645500 2.941100 195.370800 121 76 94
-1.645400 2.862800 195.370900 74 44 48
-1.645400 2.970500 195.372600 112 69 84
-1.645300 2.899600 195.367400 106 65 78
-1.645300 2.990900 195.375300 167 129 120
-1.645200 2.976000 195.377400 164 140 131
-1.645100 2.875400 195.370100 86 87 81
-1.645100 2.913200 195.367800 98 58 67
-1.645100 2.943300 195.370900 110 66 80
-1.645100 2.961700 195.372500 112 76 81
-1.645100 2.970600 195.373800 74 68 64
-1.645000 2.945700 195.369800 112 56 64
-1.645000 2.949100 195.367600 98 66 71
-1.645000 2.994200 195.374300 147 132 121
-1.644900 2.859500 195.370800 52 47 38
-1.644900 2.970600 195.371500 119 91 80
-1.644800 2.857200 195.370800 78 43 56
-1.644800 2.883400 195.369300 110 66 71
-1.644800 2.893800 195.368500 117 91 96
-1.644700 2.882300 195.369300 88 85 69
-1.644700 2.892600 195.368400 112 97 86
-1.644700 2.936500 195.367300 115 64 65
-1.644700 2.953800 195.370000 131 65 94
-1.644600 2.856100 195.370800 87 43 48
-1.644600 2.891500 195.368400 129 102 96
-1.644500 2.881100 195.369300 78 70 77
-1.644500 2.898500 195.367500 109 66 70
-1.644500 2.989900 195.375400 170 138 133
-1.644400 2.890300 195.368400 118 84 85
-1.644400 2.916500 195.366800 103 78 67
-1.644400 2.951600 195.367700 121 71 104
-1.644100 2.928600 195.367200 111 82 70
-1.644000 2.855100 195.370800 69 44 45
-1.644000 2.926500 195.367200 113 74 69
-1.644000 2.948200 195.367700 124 78 105
-1.644000 2.969600 195.371700 99 80 70
-1.643900 2.955000 195.370200 107 67 67
-1.643800 2.937700 195.368700 98 75 46
-1.643700 2.878900 195.369400 99 87 73
-1.643700 2.880100 195.369400 98 81 83
-1.643700 2.927500 195.367200 127 74 94
-1.643600 2.863100 195.370000 83 76 67
-1.643600 2.864300 195.370100 117 86 84
-1.643500 2.889400 195.368500 109 84 94
-1.643400 2.862000 195.370000 81 63 55
-1.643400 2.957300 195.371500 113 77 80
-1.643300 2.897600 195.367700 100 70 60
-1.643200 2.972900 195.376500 151 123 128
-1.643100 2.887000 195.368500 110 104 99
-1.643100 2.896400 195.367700 99 84 93
-1.643000 2.888300 195.368600 109 88 92
-1.643000 2.922200 195.367200 58 55 34
-1.643000 2.983000 195.376700 152 138 129
-1.642900 2.970800 195.370800 116 92 65
-1.642800 2.865600 195.370200 86 74 71
-1.642700 2.920100 195.367200 120 76 89
-1.642700 2.923300 195.367300 91 64 62
-1.642700 2.925500 195.367400 100 62 62
-1.642600 2.854200 195.371100 55 47 40
-1.642600 2.866700 195.370300 88 69 70
-1.642600 2.988800 195.375700 156 128 128
-1.642500 2.962000 195.371800 131 72 71
-1.642400 2.858800 195.370100 97 48 55
-1.642400 2.969800 195.370800 130 94 67
-1.642300 2.877000 195.369600 110 96 71
-1.642300 2.924500 195.367400 102 66 78
-1.642300 2.959700 195.371800 96 74 65
-1.642300 2.971900 195.372000 116 80 82
-1.642300 2.993400 195.374800 157 130 129
-1.642200 2.851800 195.371100 66 46 48
-1.642200 2.878100 195.369600 105 92 86
-1.642200 2.958600 195.371800 117 76 61
-1.642100 2.900000 195.366800 95 73 94
-1.642000 2.921300 195.367400 112 66 73
-1.642000 2.956400 195.370600 111 72 94
-1.641900 2.853100 195.371200 75 41 66
-1.641900 2.981900 195.376900 159 137 125
-1.641800 2.962000 195.368500 121 70 93
-1.641600 2.874900 195.369600 115 74 104
-1.641600 2.935700 195.366700 134 98 94
-1.641600 2.972000 195.375600 131 103 111
-1.641600 2.987800 195.375900 159 133 128
-1.641600 2.995800 195.373700 162 133 129
-1.641300 2.972000 195.373400 122 84 97
-1.641200 2.932400 195.366700 102 57 62
-1.641100 2.947300 195.368200 120 74 93
-1.641100 2.961000 195.368600 96 61 60
-1.641000 2.933600 195.366800 109 76 83
-1.641000 2.972000 195.371100 119 76 70
-1.640900 2.957600 195.370800 104 49 92
-1.640900 2.965400 195.372100 129 87 89
-1.640800 2.962100 195.367500 131 80 93
-1.640700 2.957600 195.369700 92 64 66
-1.640700 2.980900 195.377100 153 133 126
-1.640600 2.931500 195.366800 103 85 94
-1.640600 2.940400 195.370500 95 92 69
-1.640500 2.934800 195.366900 121 92 99
-1.640500 2.958700 195.368600 129 86 86
-1.640500 2.958700 195.370900 106 63 79
-1.640300 2.953100 195.368500 125 81 107
-1.640200 2.959900 195.368700 108 61 49
-1.640200 3.003500 195.371900 167 124 126
-1.640100 2.974300 195.377100 160 126 148
-1.640000 2.945200 195.370700 108 76 68
-1.640000 2.954400 195.369800 100 64 80
-1.639900 2.963400 195.368800 118 75 93
-1.639900 2.979700 195.377200 159 140 140
-1.639700 2.918300 195.366600 116 81 87
-1.639700 2.938100 195.368300 112 57 68
-1.639600 2.937100 195.367100 108 80 73
-1.639600 2.986800 195.376200 146 134 112
-1.639500 2.972200 195.374800 124 82 102
-1.639400 2.917200 195.366600 119 73 80
-1.639400 2.975500 195.377200 149 129 132
-1.639400 2.992600 195.375300 175 136 128
-1.639200 2.919500 195.366700 103 82 73
-1.639200 2.963500 195.367800 84 67 45
-1.639100 2.956700 195.370000 95 80 69
-1.639100 2.978800 195.377300 149 132 134
-1.639000 2.961200 195.367800 124 77 87
-1.638900 2.955500 195.370000 99 88 96
-1.638800 2.916300 195.366700 115 69 76
-1.638800 2.977700 195.377400 169 126 134
-1.638700 2.998100 195.373200 163 133 130
-1.638700 3.005900 195.371000 167 141 134
-1.638600 2.957800 195.368900 86 92 44
-1.638500 2.941900 195.370900 126 82 94
-1.638500 2.976700 195.377400 157 130 130
-1.638500 3.002500 195.372200 169 133 119
-1.638400 2.991500 195.375400 152 124 125
-1.638300 2.994800 195.374300 149 125 134
-1.638300 3.001400 195.372200 159 138 131
-1.638100 2.971300 195.370500 119 94 83
-1.638000 2.966900 195.371600 118 83 89
-1.638000 2.985800 195.376500 172 136 153
-1.638000 2.997100 195.373300 162 143 122
-1.637800 2.965800 195.371600 117 90 75
-1.637800 3.004900 195.371200 162 139 131
-1.637700 2.984700 195.376600 170 134 148
-1.637500 2.915400 195.366900 119 96 87
-1.637500 2.944200 195.371100 102 81 75
-1.637500 2.990500 195.375500 160 139 138
-1.637400 2.943200 195.371100 110 66 70
-1.637400 2.973500 195.376400 142 132 146
-1.637300 2.964700 195.370500 120 68 74
-1.637300 2.972400 195.370700 137 104 119
-1.637300 2.989300 195.375500 157 138 120
-1.637200 2.983600 195.376600 151 129 135
-1.637100 2.993900 195.374500 160 135 141
-1.637000 2.875700 195.369300 116 101 94
-1.636900 2.873300 195.369200 127 97 81
-1.636900 2.996100 195.373500 170 144 130
-1.636700 2.926300 195.367400 118 77 80
-1.636700 2.939700 195.370000 116 68 72
-1.636700 2.982400 195.376700 157 131 120
-1.636600 2.964800 195.369500 98 59 67
-1.636600 3.000400 195.372500 150 132 129
-1.636500 2.964800 195.368300 119 100 96
-1.636500 2.988300 195.375700 154 139 135
-1.636400 2.946800 195.369100 116 73 100
-1.636400 2.981300 195.376700 161 140 132
-1.636300 2.874600 195.369400 123 103 97
-1.636300 2.999300 195.372500 166 131 132
-1.636200 2.872500 195.369300 129 94 76
-1.636100 2.992800 195.374700 170 140 137
-1.636100 3.003800 195.371500 156 130 126
-1.636000 2.871300 195.369300 107 85 83
-1.636000 2.938600 195.367800 77 62 66
-1.635900 2.987100 195.375800 160 140 129
-1.635800 2.861200 195.367900 91 49 60
-1.635800 2.862200 195.367900 73 43 44
-1.635700 2.974800 195.376700 141 113 124
-1.635600 2.866800 195.369200 109 87 82
-1.635600 2.954800 195.369400 101 52 51
-1.635600 2.973700 195.373300 111 102 104
-1.635600 2.977000 195.376800 149 135 126
-1.635500 2.881400 195.368600 133 92 100
-1.635500 2.957100 195.369500 115 84 86
-1.635500 2.975900 195.376800 138 122 120
-1.635500 2.980100 195.376900 161 140 135
-1.635400 2.870400 195.369400 109 78 66
-1.635400 2.921100 195.367400 102 70 69
-1.635400 2.945700 195.370400 85 56 92
-1.635400 2.978100 195.376800 155 125 124
-1.635400 2.979100 195.376900 161 132 131
-1.635400 2.986000 195.375900 168 142 138
-1.635400 3.007300 195.370500 138 121 111
-1.635300 2.925500 195.367600 104 69 36
-1.635200 2.948000 195.368200 125 66 93
-1.635200 2.973700 195.374500 127 84 102
-1.635100 2.863500 195.368100 86 64 60
-1.635000 2.941100 195.370300 123 70 96
-1.635000 2.973700 195.375700 160 96 122
-1.634800 2.939900 195.369200 95 68 65
-1.634600 3.006200 195.370700 158 124 126
-1.634500 2.956100 195.369600 117 90 86
-1.634200 2.880500 195.368800 130 96 88
-1.634200 2.973800 195.372400 126 94 94
-1.634100 2.940000 195.368200 118 68 79
-1.634100 2.976000 195.375900 150 122 126
-1.633900 2.976100 195.372500 117 65 99
-1.633800 2.864900 195.368300 80 76 57
-1.633800 2.966200 195.371100 121 74 66
-1.633600 2.945900 195.369600 82 58 92
-1.633500 2.942500 195.370700 112 50 50
-1.633500 2.944700 195.370700 119 71 105
-1.633500 2.967300 195.371200 115 68 61
-1.633500 2.975000 195.376000 151 119 128
-1.633200 2.869500 195.368600 85 65 74
-1.633100 2.868400 195.368600 101 68 76
-1.633100 2.976200 195.371500 159 115 110
-1.632900 2.914900 195.366600 98 77 67
-1.632900 2.941300 195.369600 96 76 74
-1.632900 2.947200 195.368600 125 70 94
-1.632900 2.975100 195.375000 138 109 110
-1.632900 3.007400 195.369800 145 118 118
-1.632800 2.913800 195.366600 110 93 77
-1.632800 2.942600 195.369700 119 60 74
-1.632700 2.911500 195.366500 105 75 70
-1.632600 2.881900 195.368000 96 59 80
-1.632600 2.916100 195.366700 98 69 74
-1.632400 2.941400 195.368500 75 81 61
-1.632400 2.943800 195.370900 118 58 60
-1.632300 2.857200 195.368400 81 43 57
-1.632300 2.860600 195.367300 83 60 45
-1.632300 2.866300 195.368700 76 68 66
-1.632200 2.972900 195.370500 129 83 104
-1.632100 2.975100 195.372800 131 97 103
-1.632100 2.977300 195.372800 124 63 95
-1.632100 2.994300 195.368600 138 92 100
-1.632000 2.870900 195.368900 119 84 94
-1.632000 2.966400 195.369200 102 82 86
-1.632000 2.966400 195.370300 122 63 82
-1.631800 2.859600 195.367400 75 59 41
-1.631800 2.867500 195.368800 87 66 74
-1.631800 2.906000 195.366500 106 81 94
-1.631800 2.912700 195.366700 90 83 59
-1.631800 2.944900 195.369900 112 65 94
-1.631800 2.995400 195.368600 119 78 77
-1.631600 2.879800 195.369200 119 76 75
-1.631600 2.880900 195.368100 69 48 43
-1.631600 2.974100 195.371700 133 92 105
-1.631500 2.977400 195.371800 129 100 100
-1.631300 2.943900 195.370000 123 75 93
-1.631300 2.993300 195.368700 138 91 109
-1.631200 2.872200 195.369100 117 94 82
-1.631200 2.939200 195.367600 118 82 78
-1.631100 2.981800 195.372000 107 72 84
-1.631000 2.983000 195.372000 141 116 110
-1.630900 2.942800 195.368800 123 91 99
-1.630900 2.996700 195.368900 106 82 71
-1.630800 2.862000 195.367700 103 75 100
-1.630700 2.858600 195.367600 60 45 47
-1.630500 2.992200 195.368800 113 95 94
-1.630400 2.927100 195.367400 119 74 85
-1.630400 2.985400 195.371000 133 101 113
-1.630300 2.940500 195.367700 100 96 72
-1.630300 2.967700 195.370700 124 69 74
-1.630300 2.975300 195.372000 151 107 108
-1.630300 2.978600 195.373200 133 102 105
-1.630200 2.991200 195.368900 101 76 35
-1.630000 2.882300 195.367300 63 38 66
-1.630000 2.968800 195.370800 110 82 87
-1.630000 2.981900 195.371000 134 75 92
-1.629800 2.946400 195.369100 106 93 94
-1.629700 2.905300 195.366900 102 70 81
-1.629700 2.969900 195.370800 121 93 71
-1.629700 2.979700 195.373300 86 85 75
-1.629300 2.955500 195.369400 103 73 69
-1.629300 2.983200 195.371200 101 81 60
-1.629300 2.990100 195.369000 130 92 46
-1.629200 2.967800 195.369700 117 90 94
-1.629200 2.994600 195.368000 122 85 85
-1.629200 2.995600 195.368000 145 109 107
-1.629100 2.922000 195.367500 99 61 56
-1.629000 2.903200 195.367000 100 65 56
-1.628900 2.881400 195.367500 75 38 48
-1.628900 2.948800 195.368200 140 88 103
-1.628900 2.993500 195.368000 131 73 95
-1.628800 2.926300 195.367700 115 83 74
-1.628700 2.974400 195.371100 140 111 106
-1.628700 2.980800 195.372400 101 69 53
-1.628600 2.880300 195.368600 60 52 55
-1.628500 2.854300 195.367800 81 65 51
-1.628500 2.986700 195.370200 125 77 87
-1.628400 2.966800 195.368700 101 81 60
-1.628300 2.996900 195.368200 134 111 100
-1.628100 2.879400 195.369900 92 70 64
-1.628100 2.956700 195.369700 116 94 71
-1.628100 2.997900 195.368300 125 106 90
-1.628000 2.855600 195.367900 69 64 30
-1.627900 2.925300 195.367800 96 67 52
-1.627800 2.858000 195.368000 77 46 46
-1.627800 2.944300 195.369400 128 84 98
-1.627800 2.989000 195.369300 113 85 73
-1.627800 2.992400 195.368200 116 80 85
-1.627800 2.999000 195.369500 102 90 89
-1.627700 3.001100 195.369500 140 97 109
-1.627600 2.904400 195.367200 102 50 56
-1.627600 2.923300 195.367800 84 65 66
-1.627600 2.924300 195.367800 92 75 70
-1.627600 2.969000 195.370000 102 73 57
-1.627600 2.985700 195.370400 136 94 114
-1.627500 2.856900 195.368100 81 48 52
-1.627500 2.987900 195.369300 107 85 103
-1.627300 2.970200 195.370100 117 75 71
-1.627300 3.005700 195.368500 128 103 95
-1.627100 2.991500 195.368300 115 86 68
-1.626700 2.979000 195.372700 131 94 124
-1.626600 2.900200 195.366200 98 81 85
-1.626600 2.901200 195.366200 97 83 75
-1.626600 2.972500 195.370300 92 76 70
-1.626500 2.973500 195.370300 144 76 97
-1.626400 2.880700 195.367900 86 56 60
-1.626400 2.990300 195.368400 123 104 93
-1.626400 2.999100 195.368600 123 92 73
-1.626100 2.945600 195.369800 127 110 113
-1.626100 2.971400 195.370400 108 67 82
-1.626000 2.906900 195.366500 119 85 85
-1.625900 2.975700 195.371600 128 99 99
-1.625900 2.981100 195.371700 134 91 113
-1.625800 2.883000 195.366900 85 72 76
-1.625800 2.984700 195.370700 120 109 103
-1.625700 2.912500 195.366700 101 83 53
-1.625700 2.917000 195.366800 119 103 99
-1.625500 2.986900 195.369700 127 92 66
-1.625400 2.968200 195.369300 113 81 70
-1.625200 2.913600 195.366800 122 83 79
-1.625200 2.916000 195.366900 92 77 74
-1.625200 3.000300 195.368800 131 99 124
-1.625000 2.852600 195.368400 65 44 47
-1.625000 2.860800 195.367500 122 92 70
-1.625000 2.861900 195.367600 107 95 72
-1.625000 2.895700 195.366300 107 90 73
-1.625000 2.980200 195.373100 128 76 74
-1.624900 2.906000 195.366700 98 88 84
-1.624800 2.896900 195.366400 115 98 88
-1.624800 2.899200 195.366500 98 75 74
-1.624700 2.983600 195.370900 134 109 106
-1.624600 2.982400 195.370900 161 121 136
-1.624600 3.001400 195.369000 145 115 111
-1.624500 2.898200 195.366500 109 81 80
-1.624500 2.989300 195.368800 128 104 103
-1.624400 2.974800 195.370800 127 105 79
-1.624200 2.894700 195.366500 117 90 83
-1.624200 2.926900 195.367400 116 85 96
-1.624100 2.880000 195.369500 76 47 48
-1.624000 2.882100 195.367200 77 55 53
-1.624000 2.911700 195.367000 129 96 96
-1.623900 2.969400 195.369600 99 85 46
-1.623800 3.003700 195.368000 117 95 88
-1.623700 2.851800 195.368600 63 28 49
-1.623700 2.923800 195.367400 117 80 80
-1.623700 2.925900 195.367400 104 68 70
-1.623600 2.880100 195.368400 84 54 63
-1.623300 3.004800 195.368100 131 101 113
-1.623200 2.858900 195.367800 99 76 70
-1.623200 2.924900 195.367500 112 74 79
-1.622900 2.986100 195.370100 135 117 123
-1.622800 2.905100 195.367000 107 86 85
-1.622700 2.997400 195.368100 129 112 96
-1.622600 2.998400 195.368100 137 112 106
-1.622600 3.006100 195.368300 136 110 110
-1.622500 2.881400 195.367500 76 56 54
-1.622500 2.893700 195.366800 106 85 75
-1.622500 2.956300 195.369600 133 106 103
-1.622400 2.892700 195.366700 118 92 92
-1.622400 2.995200 195.368100 127 99 94
-1.622200 2.949600 195.368300 99 84 96
-1.622200 3.007100 195.368400 118 94 69
-1.622100 3.002800 195.368300 133 116 92
-1.622000 2.891600 195.366800 115 81 97
-1.621800 2.988400 195.369200 119 112 97
-1.621600 2.999500 195.368300 140 105 102
-1.621500 2.890500 195.366800 128 108 106
-1.621300 2.976200 195.371400 127 99 103
-1.621200 2.880500 195.367700 82 51 56
-1.621200 2.887300 195.366800 98 85 70
-1.621100 2.957500 195.369900 148 119 121
-1.621000 2.889500 195.366900 97 91 71
-1.620900 2.853400 195.368000 95 44 44
-1.620800 2.886200 195.366800 118 75 77
-1.620800 2.920900 195.367800 111 81 81
-1.620800 2.985100 195.370500 92 85 66
-1.620700 2.852300 195.368000 87 64 58
-1.620700 2.981600 195.371600 129 110 113
-1.620600 3.000600 195.368600 132 71 94
-1.620400 2.888500 195.367000 96 87 70
-1.620400 3.001700 195.368600 128 59 77
-1.620200 2.885100 195.366900 112 81 75
-1.620200 2.992100 195.368500 120 77 107
-1.620100 2.884000 195.366900 98 73 72
-1.620100 2.924300 195.366900 115 94 100
-1.620000 2.851100 195.368100 71 49 52
-1.619800 2.879600 195.370200 84 66 60
-1.619700 2.954400 195.368900 144 106 106
-1.619400 2.882900 195.367000 93 63 69
-1.619200 2.923300 195.367100 103 98 94
-1.619100 2.987500 195.369700 135 102 97
-1.619000 2.881900 195.367000 90 57 52
-1.618800 2.913500 195.366900 119 87 75
-1.618800 2.914500 195.366900 143 104 94
-1.618800 2.926500 195.367200 110 67 64
-1.618800 2.968900 195.369400 128 97 107
-1.618700 2.989900 195.368700 144 138 136
-1.618500 2.925500 195.367200 132 92 94
-1.618500 2.980800 195.373100 148 106 97
-1.618300 2.881000 195.367100 90 60 56
-1.618200 2.917000 195.367100 109 96 74
-1.618100 2.955600 195.369200 139 115 114
-1.618100 2.984200 195.371000 91 81 89
-1.617600 2.912600 195.367100 109 92 68
-1.617500 2.931000 195.368700 113 78 52
-1.617100 2.983200 195.371100 115 92 108
-1.617100 3.006500 195.368200 111 106 86
-1.617000 2.935500 195.367800 119 96 90
-1.616300 2.957000 195.369600 144 123 124
-1.616200 2.880200 195.367500 99 78 64
-1.615900 2.880300 195.369800 64 63 57
-1.615800 2.953700 195.368500 124 107 103
-1.615700 2.951500 195.368500 120 101 81
-1.615500 2.950400 195.368500 118 93 85
-1.615400 2.946900 195.370700 121 99 103
-1.615300 2.880400 195.368800 61 59 37
-1.615300 3.001100 195.368400 134 95 88
-1.615100 3.000000 195.368500 120 96 71
-1.615000 2.862600 195.368300 131 110 105
-1.615000 2.954900 195.368600 133 92 87
-1.614700 2.989000 195.369400 148 119 120
-1.614600 2.860400 195.368200 129 101 107
-1.614600 3.002200 195.368600 149 105 104
-1.614400 2.958300 195.370000 143 120 117
-1.614100 2.982200 195.371700 123 101 84
-1.613900 2.861600 195.368400 140 103 117
-1.613900 2.881800 195.366800 102 86 64
-1.613700 2.880600 195.366800 88 62 54
-1.613100 2.853700 195.368300 122 88 83
-1.613000 2.956200 195.369100 128 101 98
-1.613000 2.992700 195.368700 143 110 130
-1.612900 2.968400 195.369400 112 84 96
-1.612800 2.854900 195.368400 129 94 71
-1.612800 2.967300 195.369400 130 88 92
-1.612700 2.969500 195.369400 120 72 106
-1.612400 2.879800 195.367000 81 68 79
-1.612300 2.983600 195.370900 119 101 110
-1.612200 2.959700 195.370400 139 117 112
-1.612200 3.005700 195.368000 132 113 99
-1.612100 2.981400 195.373200 145 104 109
-1.612000 2.852600 195.368500 146 99 116
-1.612000 2.856200 195.368600 128 101 71
-1.611900 2.851500 195.368400 127 92 98
-1.611900 2.988200 195.370000 132 106 105
-1.611800 3.007000 195.368100 122 118 102
-1.611600 2.916800 195.367200 118 101 86
-1.611400 2.932900 195.368800 120 88 96
-1.611200 2.948600 195.370300 117 69 74
-1.611200 2.990600 195.369000 135 107 109
-1.611100 3.004700 195.368100 136 104 106
-1.611000 2.930800 195.368800 106 52 78
-1.610900 2.949800 195.369300 90 70 76
-1.610800 2.957600 195.369500 129 111 107
-1.610800 2.960900 195.370700 148 124 133
-1.610500 2.950900 195.368300 113 83 69
-1.610500 3.003700 195.368200 127 104 94
-1.610400 2.944100 195.369200 142 96 109
-1.610200 2.880200 195.370900 107 85 70
-1.610200 2.941800 195.368100 128 93 96
-1.610000 2.946500 195.370500 119 109 121
-1.610000 2.952100 195.368400 99 95 70
-1.609900 2.932000 195.369000 100 54 48
-1.609900 2.940800 195.368100 119 94 81
-1.609500 2.982700 195.371400 105 104 97
-1.609200 2.958900 195.369800 161 126 125
-1.609100 3.002600 195.368500 140 99 111
-1.608900 2.943100 195.368400 132 83 87
-1.608600 2.880400 195.370000 54 64 32
-1.608600 2.947700 195.370800 104 81 98
-1.608600 2.989600 195.369500 121 85 94
-1.608500 2.879300 195.367700 65 54 60
-1.608500 2.930000 195.368100 111 93 77
-1.608400 2.938900 195.368300 130 88 109
-1.608300 2.949000 195.369800 81 73 59
-1.608300 2.967800 195.369100 125 93 76
-1.608200 2.950100 195.368700 122 73 87
-1.608000 2.964600 195.370200 132 116 106
-1.608000 2.968900 195.369200 119 86 103
-1.607900 2.945600 195.369700 133 92 111
-1.607900 2.985200 195.370700 119 78 65
-1.607700 2.981800 195.372900 144 105 99
-1.607500 2.923800 195.368100 126 99 92
-1.607400 2.961300 195.370200 144 119 124
-1.607400 2.986400 195.370800 108 59 71
-1.607100 2.993200 195.368700 135 118 111
-1.607100 2.998700 195.368800 133 100 117
-1.607000 2.931300 195.368400 118 86 97
-1.607000 2.946900 195.370000 123 80 86
-1.607000 2.963500 195.370300 153 119 121
-1.606900 2.920700 195.368100 96 75 77
-1.606900 2.962400 195.370300 152 125 133
-1.606800 2.984100 195.370800 119 65 103
-1.606800 2.994300 195.368800 126 90 107
-1.606800 2.995400 195.368800 120 82 75
-1.606700 2.970100 195.369400 141 113 123
-1.606600 2.879600 195.369200 66 74 68
-1.606600 2.934700 195.368600 111 111 83
-1.606600 2.966900 195.369400 136 87 82
-1.606100 2.932400 195.368600 124 104 89
-1.606100 2.988700 195.369900 119 84 92
-1.606000 2.933500 195.368700 128 108 100
-1.605900 2.944600 195.369000 129 99 107
-1.605300 2.991100 195.369000 129 106 100
-1.605100 2.878700 195.368300 94 55 75
-1.605100 2.982100 195.372200 125 110 95
-1.605000 2.966000 195.369700 117 73 71
-1.604900 2.946000 195.369200 137 109 119
-1.604900 2.951600 195.368200 133 103 100
-1.604900 2.983100 195.371200 71 81 48
-1.604700 3.004200 195.368200 129 123 109
-1.604600 2.922100 195.368600 101 71 66
-1.604600 2.980000 195.373400 125 54 81
-1.604300 2.941500 195.368100 122 112 93
-1.604100 2.950600 195.368300 154 109 112
-1.603800 2.981100 195.373600 140 74 81
-1.603800 2.987800 195.370300 129 90 102
-1.603500 2.968300 195.368900 129 76 97
-1.603500 2.981200 195.372500 124 74 76
-1.603400 2.953900 195.368500 121 104 88
-1.603200 2.879100 195.369800 80 54 71
-1.603200 2.923300 195.368900 117 76 65
-1.603200 2.967300 195.368900 125 90 98
-1.603100 2.880200 195.367600 100 85 77
-1.603100 2.931800 195.368000 129 94 103
-1.603100 2.947300 195.368500 123 94 106
-1.603000 2.886800 195.367800 115 78 69
-1.603000 2.971500 195.370100 118 63 84
-1.602700 2.880300 195.371100 88 92 61
-1.602700 3.000000 195.368500 139 119 108
-1.602400 2.980200 195.372700 132 71 94
-1.602300 2.879200 195.371100 104 109 80
-1.602300 2.924500 195.368000 132 115 92
-1.602300 2.948500 195.368600 108 83 93
-1.602300 2.981300 195.371600 103 76 58
-1.602100 2.921400 195.367900 141 99 103
-1.602000 2.878300 195.371100 133 115 104
-1.602000 2.946300 195.368600 137 105 116
-1.602000 2.997900 195.368600 128 113 111
-1.601900 2.877200 195.371100 132 121 111
-1.601900 2.945100 195.368600 137 102 114
-1.601800 2.938600 195.368500 119 82 93
-1.601800 2.969500 195.369200 136 83 99
-1.601700 2.934100 195.368300 127 109 88
-1.601600 2.878400 195.368900 98 48 79
-1.601500 2.996900 195.368700 133 117 114
-1.601300 2.999200 195.368800 129 107 99
-1.601100 2.937500 195.368600 140 107 116
-1.601000 2.935400 195.368500 115 90 85
-1.600900 2.963100 195.369200 142 119 118
-1.600600 2.878500 195.370300 100 55 64
-1.600600 2.970800 195.369500 105 96 100
-1.600500 2.936600 195.368600 118 98 99
-1.600500 2.979400 195.373000 129 78 100
-1.600400 2.879500 195.368100 94 75 62
-1.600400 2.995900 195.368900 130 101 77
-1.600300 2.922600 195.368300 122 86 90
-1.600200 2.958800 195.368100 139 109 109
-1.600000 2.959900 195.368200 139 116 103
-1.599900 2.956600 195.368100 146 113 116
-1.599800 2.923800 195.368400 120 106 102
-1.599800 2.957700 195.368200 142 110 110
-1.599800 2.961100 195.368300 143 117 118
-1.599600 2.955600 195.368200 160 104 111
-1.599500 2.973000 195.371900 127 76 79
-1.599300 2.966600 195.368500 140 97 120
-1.599300 2.976200 195.372100 100 104 87
-1.599000 2.962200 195.368500 136 103 85
-1.598900 2.965500 195.368500 144 101 119
-1.598800 2.975300 195.372200 108 99 109
-1.598700 2.940100 195.368000 135 110 87
-1.598500 2.900900 195.368000 99 97 93
-1.598500 2.974200 195.372200 110 66 77
-1.598400 2.877800 195.369600 66 50 41
-1.598400 2.877800 195.370700 75 63 60
-1.598400 2.878900 195.368500 108 62 103
-1.598400 2.951300 195.368300 122 107 94
-1.597900 2.883300 195.367600 108 72 74
-1.597900 2.887600 195.367700 108 83 72
-1.597600 2.954600 195.368500 138 117 119
-1.597500 2.886500 195.367700 92 73 58
-1.597500 2.939100 195.368100 137 111 109
-1.597500 2.964600 195.368800 132 116 111
-1.597500 2.977500 195.372400 82 55 54
-1.597400 2.950200 195.368500 141 113 112
-1.597200 2.946900 195.368400 123 98 105
-1.597200 2.948000 195.368400 129 111 109
-1.597200 2.973300 195.371300 103 57 78
-1.597000 2.949100 195.368500 126 109 98
-1.597000 2.963500 195.368900 136 123 105
-1.596800 2.888900 195.368000 119 85 81
-1.596800 2.938100 195.368300 145 103 114
-1.596700 2.933700 195.368100 121 107 111
-1.596700 2.936000 195.368200 126 116 99
-1.596700 3.000500 195.368600 133 108 96
-1.596600 2.897800 195.368300 125 102 103
-1.596600 2.987400 195.369400 147 110 120
-1.596500 2.979700 195.372700 120 84 94
-1.596400 2.890100 195.368000 127 116 100
-1.596300 2.881400 195.367800 93 81 73
-1.596300 2.934800 195.368300 131 111 111
-1.596300 2.937200 195.368300 131 107 104
-1.596300 2.988600 195.369500 126 103 82
-1.596200 2.978700 195.372700 119 75 84
-1.596100 2.877000 195.371100 78 81 60
-1.596100 2.998400 195.368600 136 123 110
-1.596000 2.891300 195.368200 136 110 88
-1.595900 2.999600 195.368700 125 121 102
-1.595800 2.997400 195.368700 127 121 116
-1.595400 2.909200 195.368800 117 91 64
-1.595300 2.876000 195.371200 119 101 108
-1.595200 2.897000 195.368500 98 84 78
-1.595100 2.994300 195.368700 140 111 102
-1.594900 2.895900 195.368500 109 72 78
-1.594800 2.924500 195.368300 109 119 85
-1.594700 2.908300 195.368900 115 91 61
-1.594700 2.970300 195.369400 136 83 104
-1.594500 2.995400 195.368900 143 113 105
-1.594500 2.996500 195.368900 120 103 80
-1.594100 2.971400 195.369600 111 78 99
-1.593400 2.880700 195.368300 100 76 62
-1.593400 2.985400 195.370000 143 113 103
-1.593400 2.991000 195.369000 134 116 120
-1.593200 2.972600 195.369800 140 111 126
-1.593100 2.967300 195.368500 151 105 124
-1.592800 2.877700 195.370600 57 51 40
-1.592800 2.879800 195.368400 106 66 70
-1.592800 2.960700 195.368500 133 111 116
-1.592700 2.901800 195.368000 109 108 86
-1.592700 2.962900 195.368500 132 101 77
-1.592400 2.965200 195.368600 144 119 123
-1.591900 2.899700 195.368100 98 102 81
-1.591900 2.986700 195.369200 135 110 106
-1.591800 2.876600 195.370700 84 46 45
-1.591600 2.964100 195.368800 123 111 88
-1.591600 2.968500 195.368900 126 85 110
-1.591500 2.982400 195.370300 131 70 122
-1.591400 2.969600 195.368900 118 93 110
-1.591400 2.987800 195.369300 138 98 122
-1.591200 2.976000 195.370200 118 66 94
-1.591000 2.990100 195.369400 131 97 99
-1.590700 2.882300 195.367700 131 93 103
-1.590700 2.898700 195.368300 115 82 86
-1.590700 2.909800 195.368600 126 106 102
-1.590600 2.886600 195.367900 136 108 111
-1.590600 2.985600 195.369400 140 112 116
-1.590500 2.876900 195.369900 83 62 41
-1.590500 2.883500 195.367800 129 94 107
-1.590500 2.896600 195.368200 98 83 79
-1.590500 2.977100 195.370400 124 96 116
-1.590400 2.875700 195.370900 78 45 55
-1.590400 2.909000 195.368600 117 108 88
-1.590300 2.892200 195.368100 83 87 65
-1.590200 2.884600 195.367900 143 107 112
-1.590200 2.978200 195.370500 121 96 94
-1.590100 2.907800 195.368700 116 94 83
-1.590100 2.981400 195.370500 129 94 94
-1.589900 2.906700 195.368600 125 101 103
-1.589800 2.989200 195.369700 124 76 69
-1.589600 2.980400 195.370600 127 104 94
-1.589400 2.984500 195.369600 140 119 111
-1.589300 2.934700 195.368500 124 108 116
-1.589100 2.873800 195.371100 140 117 118
-1.589100 2.983600 195.369700 140 115 105
-1.589000 2.970900 195.369400 143 98 114
-1.589000 2.974100 195.369500 142 104 103
-1.588900 2.972000 195.369400 151 105 110
-1.588900 2.975300 195.369500 136 118 77
-1.588600 2.875000 195.371200 111 77 93
-1.588600 2.894700 195.368500 87 83 71
-1.588600 2.895700 195.368600 105 86 71
-1.588400 2.927500 195.368400 132 111 117
-1.588100 2.881600 195.368200 123 101 90
-1.588000 2.973100 195.369700 145 101 103
-1.587900 2.893700 195.368600 109 92 89
-1.587800 2.880700 195.368200 128 107 69
-1.586900 2.932900 195.368900 137 107 121
-1.586800 2.879700 195.368400 120 80 74
-1.586800 2.982800 195.370100 120 86 90
-1.586600 2.976500 195.370000 134 116 107
-1.586000 2.878800 195.368500 119 100 80
-1.586000 2.987200 195.369200 141 112 107
-1.585600 2.863300 195.370300 149 125 124
-1.585300 2.870100 195.370600 140 127 118
-1.585100 2.877800 195.368600 119 95 99
-1.585100 2.986200 195.369400 143 121 127
-1.584600 2.981900 195.370500 124 100 103
-1.584600 2.990700 195.369600 139 118 107
-1.584500 2.859100 195.370300 124 106 94
-1.584500 2.872400 195.370800 128 122 106
-1.584500 2.957300 195.368800 129 105 96
-1.584400 2.873500 195.370900 119 100 86
-1.584200 2.977700 195.370500 123 83 111
-1.583900 2.862500 195.370600 134 108 109
-1.583900 2.871400 195.370900 142 121 114
-1.583900 2.909900 195.368800 120 109 103
-1.583800 2.981000 195.370600 119 81 108
-1.583800 2.985100 195.369600 129 123 99
-1.583700 2.979900 195.370600 111 82 69
-1.583500 2.876900 195.368900 108 97 55
-1.583300 2.989700 195.369800 141 100 108
-1.583200 2.875900 195.368900 99 56 53
-1.583000 2.978900 195.370700 96 75 90
-1.582400 2.896700 195.368600 125 98 102
-1.582200 2.875000 195.369100 78 55 48
-1.582200 2.895700 195.368700 124 96 94
-1.581900 2.941100 195.368900 131 117 93
-1.581800 2.861800 195.370900 147 116 117
-1.581500 2.894700 195.368800 105 83 84
-1.581200 2.977000 195.369900 136 97 110
-1.580600 2.874200 195.370500 49 37 38
-1.580400 2.871000 195.370400 121 94 95
-1.580300 2.983500 195.370200 119 99 94
-1.579800 2.874300 195.369500 67 56 46
-1.579500 2.920100 195.368800 126 106 105
-1.578600 2.978300 195.370500 125 104 106
-1.578500 2.864600 195.370500 138 112 106
-1.578400 2.873500 195.369700 59 63 45
-1.578200 2.869200 195.370800 118 107 75
-1.578000 2.867000 195.370700 117 109 98
-1.577900 2.865900 195.370700 130 118 99
-1.577800 2.868100 195.370800 110 118 94
-1.577700 2.990300 195.369800 133 111 120
-1.577600 2.863700 195.370700 141 123 128
-1.577300 2.860400 195.370600 128 118 107
-1.577000 2.979500 195.370800 119 98 92
-1.576900 2.980600 195.370800 122 104 109
-1.576800 2.861600 195.370800 129 116 95
-1.576700 2.981700 195.370900 115 82 77
-1.576300 2.874900 195.369100 97 95 68
-1.576100 2.862800 195.370900 134 116 117
-1.575800 2.910000 195.369200 125 96 93
-1.575700 2.859400 195.370900 143 120 111
-1.575500 2.977600 195.369900 136 123 116
-1.575200 2.858300 195.370900 141 117 92
-1.575200 2.957200 195.369500 136 95 97
-1.575000 2.874100 195.369300 94 92 80
-1.574800 2.873000 195.369300 96 81 93
-1.574400 2.871000 195.370400 60 55 29
-1.574400 2.978700 195.370100 145 125 123
-1.574200 2.857400 195.371100 139 117 110
-1.574200 2.984000 195.370300 141 112 129
-1.573800 2.947400 195.370600 122 81 86
-1.573200 2.856500 195.371200 138 118 119
-1.573100 2.872300 195.369600 121 88 89
-1.572800 2.946500 195.370800 108 61 72
-1.572600 2.854500 195.371200 128 112 100
-1.572600 2.982100 195.370600 125 112 90
-1.572500 2.855500 195.371300 137 121 112
-1.572300 2.870200 195.370800 105 60 41
-1.572300 2.981100 195.370600 131 105 112
-1.572300 2.983200 195.370700 136 129 102
-1.571600 2.871500 195.369900 68 73 50
-1.571500 3.000500 195.370000 135 109 128
-1.571100 2.948900 195.370100 143 107 119
-1.570900 2.853700 195.371600 138 124 107
-1.570900 2.989800 195.370000 128 126 94
-1.570700 2.947800 195.370100 119 86 97
-1.570500 2.869400 195.370000 77 63 45
-1.570500 2.996500 195.370100 133 113 105
-1.570400 2.868400 195.370000 95 78 60
-1.570300 3.005800 195.370400 138 123 108
-1.570100 2.921400 195.369500 146 115 109
-1.570100 2.995300 195.370200 145 101 130
-1.569800 2.852800 195.371700 135 121 103
-1.569800 2.945800 195.370200 124 107 103
-1.569700 2.946800 195.370300 131 110 107
-1.569500 2.870700 195.370200 81 69 50
-1.569500 2.994300 195.370300 141 110 110
-1.569200 2.851800 195.371800 132 107 99
-1.569200 2.932200 195.370000 130 111 114
-1.568700 2.850900 195.371900 146 116 114
-1.568700 2.985600 195.370300 117 84 94
-1.568400 2.978400 195.370200 125 105 109
-1.568300 2.919700 195.369800 119 111 94
-1.568300 2.923900 195.369900 128 111 108
-1.568100 2.984600 195.370400 119 84 94
-1.567800 2.954900 195.369800 108 103 90
-1.567600 2.910100 195.369700 140 118 118
-1.567600 2.971100 195.370200 137 109 114
-1.567300 2.961400 195.370000 119 110 84
-1.567300 2.974200 195.370300 111 94 97
-1.567200 2.917700 195.370000 127 107 114
-1.567200 2.973200 195.370300 131 97 87
-1.567000 2.957200 195.370000 137 108 90
-1.566800 2.869000 195.369600 133 98 78
-1.566700 2.870100 195.369600 134 109 82
-1.566700 2.951700 195.369900 136 112 119
-1.566700 2.956100 195.370000 128 104 88
-1.566600 2.975300 195.370500 126 113 110
-1.566500 2.953900 195.370000 120 112 104
-1.566500 2.976400 195.370500 129 116 116
-1.566300 2.872400 195.369700 76 77 52
-1.566200 2.977600 195.370600 122 104 106
-1.566100 2.871300 195.369800 111 92 71
-1.566100 2.952800 195.370000 132 109 103
-1.566100 2.962700 195.370300 127 115 119
-1.565900 2.950700 195.370000 142 124 131
-1.565600 2.944300 195.369900 142 103 116
-1.565500 2.937800 195.369700 132 103 102
-1.565400 2.868200 195.369800 123 87 90
-1.565300 2.946400 195.370000 136 105 97
-1.565200 2.916800 195.370300 127 102 116
-1.565100 2.864800 195.369700 101 90 68
-1.565100 2.942100 195.369900 123 92 105
-1.565000 2.863700 195.369700 105 101 70
-1.564900 2.947400 195.370100 122 82 96
-1.564800 2.945400 195.370100 135 99 114
-1.564800 3.001000 195.370200 125 99 98
-1.564700 2.941200 195.370000 131 103 108
-1.564700 2.997900 195.370200 136 97 114
-1.564600 2.938900 195.370000 120 87 80
-1.564500 2.862800 195.369700 129 105 104
-1.564200 2.999100 195.370300 143 111 126
-1.564200 3.000100 195.370300 145 105 110
-1.564200 3.003200 195.370400 122 104 128
-1.564100 2.990400 195.370200 136 116 123
-1.564100 2.995800 195.370300 130 98 114
-1.564000 2.994800 195.370300 123 88 104
-1.563900 2.993700 195.370300 150 109 118
-1.563900 3.002300 195.370500 124 125 126
-1.563700 2.988200 195.370200 112 124 97
-1.563700 2.989300 195.370200 126 119 90
-1.563700 2.992600 195.370300 137 109 107
-1.563500 2.991500 195.370300 129 117 125
-1.563300 2.986100 195.370200 130 119 119
-1.563300 2.997100 195.370500 127 108 112
-1.563000 2.929900 195.370000 119 85 81
-1.563000 2.931000 195.370000 129 81 96
-1.562800 2.987100 195.370300 119 103 119
-1.562700 2.970500 195.370000 123 108 93
-1.562700 2.979900 195.370200 123 108 119
-1.562500 2.979000 195.370300 137 110 118
-1.562500 2.983100 195.370300 135 109 110
-1.562400 2.968400 195.370000 136 122 117
-1.562100 2.969500 195.370100 136 126 137
-1.562100 2.978000 195.370300 129 110 113
-1.562000 2.925900 195.370100 128 101 104
-1.562000 2.927000 195.370100 126 91 108
-1.561900 2.974800 195.370300 126 117 112
-1.561800 2.929000 195.370200 131 103 87
-1.561800 2.964200 195.370000 129 111 120
-1.561800 2.965300 195.370100 127 100 112
-1.561800 2.971700 195.370200 133 117 114
-1.561700 2.955600 195.369900 132 127 95
-1.561700 2.962100 195.370000 125 98 94
-1.561600 2.958800 195.370000 133 110 106
-1.561500 2.921700 195.370000 122 102 108
-1.561500 2.928000 195.370200 124 69 82
-1.561500 2.966300 195.370100 122 103 98
-1.561400 2.960000 195.370000 130 104 109
-1.561400 2.961000 195.370000 136 107 111
-1.561400 2.963200 195.370100 121 111 107
-1.561100 2.851200 195.370000 90 74 70
-1.561000 2.918600 195.370100 113 83 94
-1.561000 2.924000 195.370200 122 100 88
-1.561000 2.957900 195.370000 129 113 104
-1.560900 2.908900 195.369800 133 107 106
-1.560900 2.920700 195.370100 124 107 109
-1.560800 2.914300 195.370000 117 101 72
-1.560800 2.956800 195.370000 127 101 87
-1.560700 2.907900 195.369800 124 95 92
-1.560700 2.952500 195.370000 123 97 94
-1.560700 2.954600 195.370000 142 119 105
-1.560600 2.853500 195.370100 119 96 53
-1.560600 2.911200 195.369900 131 111 110
-1.560400 2.953500 195.370000 137 106 112
-1.560300 2.912300 195.370000 127 82 93
-1.560300 2.951400 195.370000 130 107 112
-1.560200 2.916500 195.370100 102 87 84
-1.560100 2.945000 195.369900 135 107 103
-1.560000 2.878900 195.370100 102 92 81
-1.560000 2.913500 195.370100 117 97 94
-1.559900 2.917600 195.370200 116 97 85
-1.559900 2.947100 195.370000 130 113 116
-1.559900 2.950300 195.370000 122 99 103
-1.559800 2.949100 195.370000 137 119 120
-1.559700 2.880000 195.370100 124 95 85
-1.559600 2.946000 195.370000 136 108 104
-1.559300 2.876800 195.370100 118 105 81
-1.559100 2.869300 195.369900 116 101 84
-1.559100 2.936600 195.369900 129 108 100
-1.558300 2.865000 195.369900 118 95 90
-1.558200 2.868300 195.370000 110 92 82
-1.558000 2.905000 195.370200 104 80 65
-1.557900 2.866200 195.370000 112 92 64
-1.557600 2.864100 195.370000 123 98 111
-1.557400 2.903900 195.370300 105 102 86
-1.557300 2.867400 195.370200 108 94 74
-1.557000 2.903000 195.370300 126 90 98
-1.556800 2.862900 195.370100 118 91 78
-1.556600 2.890200 195.370000 101 84 78
-1.556500 2.859700 195.370000 91 99 69
-1.556500 2.860800 195.370100 90 91 69
-1.556300 2.886000 195.369900 96 93 71
-1.556200 2.857600 195.370000 109 92 88
-1.556200 2.858600 195.370000 112 104 92
-1.556100 2.887000 195.370000 118 102 92
-1.556100 2.888100 195.370000 105 84 92
-1.555900 2.862000 195.370200 96 81 60
-1.555900 2.885000 195.370000 119 85 92
-1.555900 2.889300 195.370100 119 100 108
-1.555800 2.855500 195.370000 101 67 31
-1.555700 2.856600 195.370100 122 99 78
-1.555600 2.884000 195.370000 120 87 87
-1.555500 2.852300 195.369900 105 87 85
-1.555400 2.851100 195.369900 87 81 64
-1.555400 2.853500 195.370000 104 61 98
-1.555400 2.854500 195.370000 122 91 87
-1.555300 2.882900 195.370000 92 92 69
-1.554900 2.880900 195.370000 115 90 97
-1.554800 2.881900 195.370000 112 81 83
-1.554700 2.879800 195.370000 125 98 103
-1.554600 2.877700 195.369900 119 101 105
-1.554200 2.874600 195.369900 120 90 103
-1.554100 2.878800 195.370100 112 105 64
-1.553900 2.871400 195.369900 97 103 70
-1.553900 2.875700 195.370000 124 105 103
-1.553700 2.873600 195.370000 123 100 110
-1.713300 2.997800 196.606300 66 65 71
-1.713300 3.003500 196.606100 77 43 52
-1.713200 2.990400 196.612300 49 42 38
-1.713200 2.990900 196.606600 91 59 76
-1.713200 2.993200 196.606500 77 56 77
-1.713000 2.962300 196.629300 81 66 16
-1.713000 2.995500 196.606300 71 56 82
-1.712900 2.982900 196.606800 56 70 72
-1.712900 2.989700 196.606500 84 51 75
-1.712900 3.006800 196.605700 48 48 67
-1.712800 2.981700 196.606900 61 54 67
-1.712800 2.994400 196.606200 86 56 82
-1.712800 2.996700 196.606100 83 57 75
-1.712800 2.997500 196.609900 37 48 29
-1.712700 2.987400 196.606500 43 59 56
-1.712600 2.916900 196.609300 75 54 71
-1.712500 2.980600 196.606700 75 50 61
-1.712500 2.984000 196.606600 52 69 74
-1.712500 3.005000 196.629300 86 56 32
-1.712400 2.920400 196.609000 110 80 103
-1.712400 2.985300 196.606500 93 51 57
-1.712300 2.988600 196.606200 77 68 75
-1.712200 2.992100 196.606000 70 60 71
-1.712200 3.002500 196.607100 50 28 36
-1.712200 3.004700 196.607000 49 23 15
-1.712200 3.005600 196.614900 54 43 50
-1.712100 2.915700 196.609100 88 52 77
-1.712100 2.919300 196.608900 82 62 80
-1.711900 2.974600 196.606700 46 70 69
-1.711800 2.877400 196.629200 92 74 85
-1.711800 2.978200 196.606400 66 61 63
-1.711700 2.975800 196.606500 53 55 77
-1.711600 2.999400 196.628400 77 37 22
-1.711500 2.912400 196.609000 58 63 63
-1.711500 2.969800 196.606700 59 46 35
-1.711400 3.007000 196.618900 76 37 51
-1.711300 2.873800 196.610700 76 54 81
-1.711300 2.977100 196.606200 71 53 70
-1.711300 3.000000 196.614100 70 34 54
-1.711100 2.958200 196.628800 80 67 23
-1.711000 2.993800 196.616700 45 44 37
-1.710900 2.913600 196.608600 65 69 73
-1.710900 2.967500 196.606500 54 60 45
-1.710900 2.973600 196.606000 56 55 67
-1.710900 2.986900 196.611900 35 48 28
-1.710800 2.966000 196.612100 51 37 58
-1.710800 2.966400 196.606400 33 35 46
-1.710800 2.972300 196.606100 54 44 49
-1.710800 2.994200 196.627700 69 52 44
-1.710700 2.875100 196.610200 80 53 75
-1.710700 2.938900 196.629100 69 68 44
-1.710700 2.994400 196.620400 65 35 39
-1.710600 2.958500 196.606800 59 42 56
-1.710600 2.964200 196.606400 40 36 42
-1.710600 2.971100 196.606000 52 31 32
-1.710600 2.987400 196.615700 86 30 55
-1.710500 2.959600 196.606600 43 33 48
-1.710400 2.980500 196.610900 64 35 59
-1.710400 2.987700 196.608500 66 38 42
-1.710300 2.911500 196.608300 33 56 54
-1.710300 2.948000 196.607300 32 33 40
-1.710300 2.960700 196.606500 46 33 52
-1.710200 2.953000 196.628000 92 50 35
-1.710200 2.953100 196.610000 76 31 35
-1.710200 2.967000 196.608700 72 28 31
-1.710200 2.974200 196.609900 48 34 45
-1.710200 2.974200 196.613500 49 34 51
-1.710200 2.988000 196.619400 53 43 29
-1.710200 3.003700 196.607400 64 57 69
-1.710100 2.910300 196.608300 58 61 71
-1.710100 2.914800 196.608000 93 64 83
-1.710100 2.963100 196.606200 59 56 48
-1.710100 2.980800 196.629100 74 40 23
-1.710000 2.995500 196.624300 43 43 40
-1.710000 2.998100 196.607500 60 59 69
-1.710000 3.002200 196.625500 68 40 36
-1.709900 2.876300 196.609600 80 61 74
-1.709900 2.957400 196.606400 43 32 54
-1.709900 2.967500 196.616000 44 35 39
-1.709900 2.968700 196.605800 66 58 38
-1.709900 2.974700 196.617200 51 40 42
-1.709900 3.002200 196.618200 38 49 29
-1.709900 3.002200 196.621800 53 38 53
-1.709800 2.856000 196.629200 86 76 69
-1.709800 3.002600 196.607200 55 53 62
-1.709700 2.962000 196.606000 47 38 44
-1.709600 2.965400 196.605800 48 43 59
-1.709600 2.981700 196.614800 64 31 44
-1.709500 2.908200 196.608200 58 53 75
-1.709400 2.956200 196.606200 48 43 40
-1.709300 2.872800 196.609600 80 62 82
-1.709300 2.949400 196.606600 36 43 46
-1.709300 2.951700 196.606400 34 38 36
-1.709300 2.975700 196.628300 46 42 33
-1.709300 2.978500 196.608100 56 55 62
-1.709300 2.999200 196.607100 80 52 67
-1.709300 3.007100 196.606700 61 62 56
-1.709200 2.914600 196.628700 84 88 58
-1.709200 2.985500 196.607700 73 45 56
-1.709200 2.988800 196.605900 24 22 25
-1.709100 2.955200 196.606000 56 45 48
-1.709100 2.993500 196.607200 64 47 60
-1.709100 3.000500 196.606900 65 58 65
-1.709000 2.934900 196.628600 75 68 15
-1.709000 2.955000 196.614000 94 27 39
-1.709000 2.961700 196.611500 43 36 74
-1.709000 2.961700 196.625900 68 36 24
-1.709000 2.995800 196.607000 57 46 58
-1.708900 2.876000 196.629200 92 73 74
-1.708900 2.895100 196.628900 101 78 59
-1.708900 2.990000 196.627100 56 38 33
-1.708800 2.871800 196.609400 42 43 35
-1.708800 2.942400 196.606700 37 20 27
-1.708800 2.948500 196.627300 55 37 22
-1.708800 2.954000 196.606000 63 42 41
-1.708800 2.969300 196.620000 84 27 39
-1.708800 2.983200 196.607500 50 50 54
-1.708800 2.990300 196.623600 30 45 34
-1.708800 2.997000 196.606900 49 61 70
-1.708800 3.001500 196.606600 43 53 56
-1.708700 2.950600 196.606100 19 42 32
-1.708700 2.983200 196.626000 54 35 51
-1.708600 2.904900 196.607800 65 31 63
-1.708600 2.947000 196.606300 77 38 59
-1.708600 2.983300 196.618800 84 31 36
-1.708500 2.909500 196.607400 53 47 78
-1.708400 2.889600 196.628000 87 83 54
-1.708400 2.907200 196.607500 65 40 41
-1.708400 2.962800 196.619000 43 43 31
-1.708400 2.983600 196.622500 60 34 44
-1.708400 2.994800 196.606700 64 47 53
-1.708300 2.948300 196.607600 30 24 30
-1.708300 2.962900 196.622600 47 35 42
-1.708300 2.970100 196.627400 103 18 60
-1.708300 2.986700 196.607100 87 47 58
-1.708300 3.006100 196.606100 69 62 68
-1.708200 2.937600 196.606700 29 33 50
-1.708200 2.945900 196.606100 55 36 50
-1.708200 2.952900 196.605700 76 45 60
-1.708200 2.975000 196.607600 58 65 75
-1.708200 2.977500 196.621500 92 28 41
-1.708200 2.982100 196.607200 81 53 68
-1.708100 2.868400 196.609300 42 33 50
-1.708100 2.910000 196.628000 74 72 55
-1.708100 2.949800 196.609600 58 29 37
-1.708100 2.987800 196.606900 70 50 67
-1.708100 2.990100 196.606700 73 50 67
-1.708000 2.943400 196.615800 47 38 40
-1.708000 2.991300 196.606600 58 45 50
-1.707900 2.902700 196.607600 44 42 58
-1.707900 2.906100 196.607300 74 34 46
-1.707900 2.938900 196.606400 38 24 56
-1.707900 2.940100 196.606300 41 23 48
-1.707900 2.941200 196.606200 33 31 44
-1.707900 2.944800 196.606000 67 38 55
-1.707900 2.956700 196.625200 67 36 29
-1.707800 2.934200 196.606700 52 18 40
-1.707800 2.943600 196.612200 42 36 31
-1.707800 2.979900 196.607000 31 58 59
-1.707700 2.943600 196.605900 46 26 29
-1.707700 2.950400 196.613400 95 31 37
-1.707600 2.933000 196.606700 30 17 27
-1.707600 2.957300 196.618100 42 41 35
-1.707600 2.964000 196.615600 58 31 49
-1.707600 2.971300 196.624100 59 29 41
-1.707600 2.992400 196.606300 67 49 55
-1.707500 2.930800 196.628000 92 72 40
-1.707500 2.930900 196.610100 65 31 36
-1.707500 2.935400 196.606400 51 33 59
-1.707400 2.936600 196.606200 22 36 51
-1.707400 2.950900 196.624300 52 27 46
-1.707400 2.951000 196.620700 18 40 46
-1.707400 2.970200 196.607400 59 58 57
-1.707400 2.976200 196.607000 38 46 44
-1.707400 2.977400 196.606900 63 60 55
-1.707400 2.989000 196.606300 67 47 68
-1.707300 2.900500 196.607400 56 36 73
-1.707300 2.903900 196.607100 53 42 55
-1.707300 2.934200 196.608000 36 43 39
-1.707300 2.972600 196.607200 65 52 70
-1.707300 2.981000 196.606700 62 50 60
-1.707200 2.870900 196.608400 57 41 63
-1.707200 2.872200 196.628700 92 71 81
-1.707200 2.931800 196.606500 47 22 43
-1.707100 2.885000 196.627400 98 80 59
-1.707100 2.901700 196.607200 48 35 53
-1.707100 2.951400 196.617200 61 24 40
-1.707100 2.979200 196.625500 63 35 47
-1.707000 2.938300 196.625800 58 37 59
-1.707000 2.938400 196.611400 65 37 29
-1.707000 2.956500 196.607900 90 62 81
-1.706900 2.925200 196.627100 80 56 23
-1.706800 2.928200 196.606500 62 42 49
-1.706800 2.933000 196.607700 35 31 19
-1.706800 2.966800 196.607200 62 63 71
-1.706700 2.898900 196.612000 44 32 40
-1.706700 2.930700 196.606300 51 22 45
-1.706700 2.958700 196.622100 31 46 42
-1.706600 2.945500 196.619800 29 38 34
-1.706600 2.958900 196.607500 73 74 88
-1.706600 2.974000 196.606600 81 65 78
-1.706500 2.919000 196.611800 25 41 21
-1.706400 2.869800 196.608000 49 28 67
-1.706400 2.932700 196.614100 60 29 23
-1.706400 2.957700 196.607500 84 62 82
-1.706300 2.925800 196.606400 33 27 37
-1.706200 2.865000 196.608400 38 27 21
-1.706200 2.929500 196.606000 47 43 46
-1.706200 2.946200 196.627200 22 41 39
-1.706100 2.906000 196.627500 92 57 49
-1.706100 2.913400 196.610900 36 40 28
-1.706100 2.919600 196.626300 74 38 16
-1.706100 2.922500 196.606500 25 17 20
-1.706100 2.955500 196.607400 92 68 90
-1.706100 2.960100 196.607100 64 57 65
-1.706100 2.963500 196.606900 49 55 43
-1.706100 2.969100 196.606600 48 81 69
-1.706000 2.899600 196.606700 49 43 65
-1.706000 2.924800 196.606300 43 23 34
-1.705900 2.893700 196.607100 47 16 35
-1.705900 2.920000 196.615600 62 32 27
-1.705900 2.923600 196.606300 24 25 7
-1.705900 2.927100 196.606000 38 30 23
-1.705900 2.940000 196.615400 57 35 29
-1.705900 2.940100 196.622600 43 38 40
-1.705800 2.925900 196.607700 46 30 19
-1.705800 2.949700 196.607600 87 73 78
-1.705800 2.971600 196.606300 76 51 70
-1.705700 2.868900 196.628300 93 66 61
-1.705700 2.894800 196.606900 68 38 45
-1.705700 2.927200 196.613300 65 31 28
-1.705600 2.867500 196.607700 44 52 46
-1.705600 2.940600 196.619100 49 33 34
-1.705500 2.864100 196.608100 34 38 35
-1.705500 2.927600 196.616900 51 37 25
-1.705500 2.934100 196.625200 67 22 42
-1.705500 2.954400 196.607100 77 59 71
-1.705400 2.863000 196.627300 81 62 43
-1.705400 2.900800 196.616000 46 33 41
-1.705400 2.907100 196.613500 56 26 52
-1.705400 2.914500 196.614700 85 21 39
-1.705400 2.952100 196.607200 96 67 83
-1.705300 2.881900 196.627000 87 68 52
-1.705300 2.947700 196.623900 31 43 44
-1.705200 2.866400 196.607600 58 55 48
-1.705100 2.898400 196.606200 43 43 65
-1.705100 2.914900 196.625600 35 42 27
-1.705100 2.934700 196.618200 53 29 40
-1.705100 2.934700 196.621700 42 36 36
-1.705000 2.896100 196.606300 44 42 23
-1.705000 2.928400 196.620700 12 43 25
-1.705000 2.948600 196.607200 99 75 98
-1.705000 2.962400 196.606300 54 66 40
-1.705000 2.968100 196.606000 45 54 69
-1.704900 2.907900 196.617200 28 31 34
-1.704800 2.890300 196.606700 56 23 32
-1.704800 2.897300 196.606100 32 45 51
-1.704800 2.901700 196.626900 74 46 24
-1.704800 2.951000 196.606900 95 72 73
-1.704700 2.857600 196.626500 91 50 47
-1.704700 2.889100 196.606800 56 37 41
-1.704700 2.928900 196.624400 63 31 27
-1.704700 2.941600 196.607400 81 71 79
-1.704600 2.863100 196.607600 19 43 41
-1.704600 2.895800 196.625900 82 36 20
-1.704600 2.953300 196.606600 78 51 65
-1.704500 2.961300 196.606000 63 73 57
-1.704400 2.916000 196.618700 42 30 31
-1.704400 2.965900 196.605700 59 53 55
-1.704300 2.964800 196.605700 57 60 65
-1.704200 2.888200 196.606500 37 31 27
-1.704200 2.889700 196.610600 57 27 39
-1.704200 2.908900 196.621000 80 27 42
-1.704200 2.922800 196.623400 91 19 38
-1.704100 2.853100 196.625800 73 52 27
-1.704100 2.889900 196.614300 51 28 34
-1.704100 2.923000 196.619900 52 29 23
-1.704000 2.877400 196.626400 51 50 7
-1.704000 2.892700 196.606000 60 50 57
-1.703900 2.887000 196.606500 29 43 33
-1.703900 2.891600 196.606100 52 22 34
-1.703900 2.897000 196.611900 81 23 40
-1.703900 2.916800 196.622400 55 24 36
-1.703900 2.947500 196.606600 95 64 81
-1.703700 2.878000 196.612300 19 36 31
-1.703700 2.884400 196.609800 12 32 43
-1.703700 2.909800 196.624800 98 24 28
-1.703700 2.942900 196.606800 71 72 84
-1.703600 2.872500 196.611400 65 25 25
-1.703500 2.884800 196.613500 54 36 51
-1.703400 2.884700 196.606400 81 29 45
-1.703400 2.891000 196.625200 88 30 23
-1.703400 2.914600 196.607100 57 32 45
-1.703300 2.904100 196.620300 57 33 37
-1.703300 2.944100 196.606400 106 77 95
-1.703200 2.885200 196.624300 40 30 27
-1.703200 2.891300 196.618200 64 29 30
-1.703200 2.945300 196.606200 90 73 88
-1.703100 2.879800 196.606600 60 23 41
-1.703000 2.861100 196.606800 61 20 64
-1.702900 2.873500 196.615200 55 32 32
-1.702900 2.877400 196.606800 24 22 27
-1.702900 2.882400 196.606300 26 23 12
-1.702900 2.885700 196.617300 28 40 24
-1.702900 2.920500 196.606300 25 26 15
-1.702800 2.858700 196.606900 40 35 43
-1.702800 2.882400 196.607900 18 21 33
-1.702800 2.886000 196.605900 47 38 44
-1.702700 2.859900 196.606800 59 28 56
-1.702700 2.867500 196.610600 82 19 29
-1.702700 2.881100 196.606300 57 37 35
-1.702700 2.905200 196.624100 81 25 28
-1.702500 2.886400 196.621000 6 41 20
-1.702500 2.904600 196.607300 72 45 61
-1.702500 2.910300 196.606800 43 28 18
-1.702400 2.867900 196.624900 72 22 23
-1.702400 2.874300 196.626000 88 29 20
-1.702400 2.883700 196.605800 76 36 38
-1.702400 2.906900 196.607000 54 44 49
-1.702400 2.911400 196.606600 63 40 27
-1.702400 2.913600 196.606500 60 37 9
-1.702300 2.912500 196.606500 52 30 17
-1.702300 2.934800 196.606500 102 94 112
-1.702300 2.940800 196.606000 85 68 96
-1.702200 2.862300 196.606200 43 32 37
-1.702200 2.880300 196.616400 46 25 41
-1.702200 2.899600 196.623200 61 28 33
-1.702200 2.903600 196.607200 53 42 47
-1.702200 2.946600 196.605600 76 77 85
-1.702100 2.902400 196.607300 81 43 50
-1.702000 2.875000 196.619100 51 25 37
-1.702000 2.893200 196.622200 16 35 37
-1.701900 2.877600 196.607700 61 42 45
-1.701900 2.878900 196.606000 60 19 34
-1.701800 2.862300 196.624000 94 23 37
-1.701800 2.868800 196.614500 62 30 27
-1.701800 2.876500 196.606200 17 17 29
-1.701800 2.915900 196.606000 46 32 38
-1.701700 2.900400 196.616300 34 41 31
-1.701700 2.933700 196.606200 101 95 103
-1.701600 2.855400 196.606600 33 41 37
-1.701600 2.869300 196.621700 63 28 29
-1.701600 2.881300 196.623800 74 21 54
-1.701600 2.900600 196.619900 56 24 10
-1.701500 2.931300 196.606200 128 93 104
-1.701400 2.853000 196.606700 28 28 52
-1.701400 2.854200 196.606500 27 34 46
-1.701400 2.857900 196.606200 26 33 41
-1.701400 2.869400 196.618200 46 24 28
-1.701400 2.873000 196.606200 16 17 19
-1.701400 2.875800 196.622800 68 27 40
-1.701400 2.930100 196.606200 129 98 122
-1.701400 2.936100 196.605700 99 73 103
-1.701300 2.857500 196.623300 72 25 27
-1.701300 2.863100 196.620700 51 28 36
-1.701300 2.937300 196.605600 104 96 84
-1.701300 2.939700 196.605500 107 85 94
-1.701200 2.856700 196.606100 21 28 18
-1.701200 2.881900 196.620300 72 18 51
-1.701000 2.863600 196.617200 47 33 34
-1.701000 2.870700 196.606200 36 32 36
-1.701000 2.906000 196.606200 75 40 61
-1.700900 2.852200 196.611800 46 25 51
-1.700900 2.863800 196.613700 51 25 28
-1.700900 2.908300 196.606000 43 47 52
-1.700800 2.938500 196.605200 92 84 59
-1.700700 2.927700 196.605900 128 101 125
-1.700600 2.858600 196.612900 61 28 56
-1.700600 2.901500 196.606400 101 40 73
-1.700500 2.852700 196.622500 125 5 34
-1.700500 2.909400 196.605700 30 35 29
-1.700500 2.926500 196.605900 119 101 90
-1.700300 2.870800 196.607400 34 32 21
-1.700300 2.894500 196.606800 61 75 63
-1.700300 2.925500 196.605900 130 113 93
-1.700100 2.852100 196.606000 28 20 38
-1.700100 2.864900 196.607900 66 65 40
-1.700100 2.896800 196.606500 53 54 51
-1.700000 2.850900 196.606000 31 22 17
-1.700000 2.859600 196.616700 50 20 65
-1.700000 2.859600 196.620200 30 31 43
-1.700000 2.872100 196.607100 35 32 17
-1.700000 2.924400 196.605800 126 99 97
-1.699900 2.852100 196.607400 60 17 33
-1.699800 2.853900 196.615700 55 18 68
-1.699700 2.867300 196.607400 72 52 60
-1.699700 2.874300 196.606700 55 37 41
-1.699700 2.899200 196.606000 77 50 67
-1.699700 2.923300 196.605700 127 100 103
-1.699600 2.868500 196.607200 28 14 27
-1.699600 2.929100 196.605100 123 87 90
-1.699600 2.932700 196.604900 121 93 77
-1.699300 2.898100 196.605800 93 58 65
-1.699200 2.900500 196.605600 81 38 72
-1.699100 2.854900 196.619500 41 26 40
-1.699000 2.860500 196.607700 86 65 73
-1.698800 2.889000 196.606400 102 85 81
-1.698700 2.883000 196.606900 84 92 89
-1.698700 2.891200 196.606200 108 72 86
-1.698500 2.892400 196.605900 93 56 71
-1.698500 2.893500 196.605700 74 86 76
-1.698300 2.864100 196.606800 68 66 42
-1.698300 2.895900 196.605500 66 67 66
-1.698000 2.863000 196.606800 46 55 52
-1.698000 2.890200 196.605800 105 87 88
-1.697500 2.879500 196.606400 121 97 107
-1.697500 2.884400 196.606000 123 88 119
-1.697400 2.862000 196.606500 40 48 61
-1.697300 2.859600 196.606700 86 56 59
-1.696800 2.885700 196.605400 83 91 114
-1.696700 2.882000 196.605700 101 106 94
-1.696400 2.976000 196.601700 172 154 155
-1.696300 2.857500 196.606300 62 78 75
-1.696300 2.878500 196.605900 125 105 106
-1.696200 2.880900 196.605500 113 102 85
-1.695900 2.852800 196.606500 103 88 77
-1.695500 2.887100 196.604500 76 90 72
-1.695200 2.999200 196.599700 151 150 149
-1.695000 2.858900 196.605300 96 86 88
-1.694800 2.988900 196.600000 168 146 150
-1.694800 2.995900 196.599600 173 147 163
-1.694700 2.982100 196.600300 176 157 164
-1.694500 2.856700 196.605200 70 76 78
-1.694500 2.877700 196.604700 139 101 116
-1.694400 2.960200 196.601300 174 151 154
-1.694300 2.977400 196.600200 172 145 146
-1.694200 2.975100 196.600300 168 159 155
-1.694200 2.987900 196.599600 168 145 158
-1.694000 2.986900 196.599500 171 152 166
-1.693800 2.852000 196.605300 98 84 82
-1.693800 2.971500 196.600300 169 161 158
-1.693700 2.888500 196.603200 105 81 72
-1.693700 2.979900 196.599800 172 153 145
-1.693700 3.007100 196.598400 169 156 154
-1.693600 2.854400 196.604900 110 78 74
-1.693600 2.985600 196.599400 162 148 147
-1.693600 2.993600 196.599000 170 151 149
-1.693500 2.992500 196.598900 168 153 155
-1.693400 2.970300 196.600100 163 163 158
-1.693400 3.000500 196.598500 152 148 155
-1.693300 2.978700 196.599600 179 151 147
-1.693200 2.974000 196.599800 184 158 163
-1.693000 2.920700 196.601600 119 126 133
-1.692800 2.855700 196.604300 93 63 68
-1.692500 2.870900 196.604100 137 122 128
-1.692500 2.874400 196.603800 130 115 109
-1.692200 2.968300 196.599500 169 150 147
-1.692100 2.959200 196.600000 183 168 167
-1.691900 2.872200 196.603700 135 126 128
-1.691900 2.873300 196.603500 135 133 107
-1.691700 2.972900 196.598900 184 156 158
-1.691500 2.958100 196.599600 171 166 145
-1.691300 2.967200 196.598900 176 159 150
-1.691200 2.957000 196.599500 179 168 164
-1.690400 2.965100 196.598500 187 163 159
-1.690300 2.875800 196.602300 130 103 93
-1.689800 2.969600 196.597800 161 149 155
-1.689500 2.952700 196.598700 192 156 173
-1.689300 2.866700 196.602600 132 146 124
-1.689300 2.964000 196.597800 171 157 157
-1.689200 2.870200 196.602100 149 127 128
-1.689200 2.947300 196.607400 24 16 27
-1.689100 2.867800 196.602300 127 132 97
-1.689000 2.953900 196.598300 192 161 183
-1.689000 2.987900 196.607000 43 15 24
-1.688900 2.962900 196.597700 159 159 159
-1.688600 2.956200 196.597900 152 146 146
-1.688500 2.869200 196.601800 154 126 119
-1.688200 2.950500 196.598000 194 163 176
-1.688100 2.915500 196.599000 166 139 150
-1.688100 2.966400 196.596900 173 158 158
-1.688000 2.914500 196.599000 177 144 153
-1.687900 2.917800 196.598600 159 148 127
-1.687800 2.916700 196.598700 168 148 143
-1.687700 2.943200 196.606900 28 17 27
-1.687600 2.949400 196.597700 192 161 174
-1.687200 2.913400 196.598500 179 143 145
-1.687100 2.910100 196.598800 155 149 140
-1.687000 2.955200 196.596900 181 170 177
-1.686900 2.866000 196.601200 135 143 129
-1.686700 2.904600 196.599000 168 149 155
-1.686500 2.947200 196.597200 208 171 181
-1.686400 2.905800 196.598700 179 148 154
-1.686400 2.912500 196.598100 173 153 146
-1.686000 2.946100 196.596900 194 170 171
-1.685700 2.909200 196.598000 162 150 137
-1.685700 2.945000 196.596800 180 161 171
-1.685400 2.943900 196.596700 175 164 165
-1.685300 2.908100 196.597800 168 140 135
-1.685300 2.987200 196.607200 46 20 36
-1.685100 2.920500 196.607000 28 15 15
-1.684900 2.903700 196.597900 171 142 154
-1.684800 2.864100 196.600000 142 137 142
-1.684700 2.948600 196.595900 192 168 174
-1.684600 2.862900 196.600000 177 146 142
-1.684400 2.911700 196.597000 170 146 136
-1.683800 2.902700 196.597300 162 145 151
-1.683500 2.940500 196.595700 180 155 150
-1.683400 2.935900 196.596000 186 166 157
-1.683300 2.942900 196.607300 12 18 27
-1.683200 2.943000 196.595400 176 150 158
-1.683100 2.964000 196.607200 22 17 29
-1.683000 2.865500 196.598800 149 136 139
-1.683000 2.926500 196.596500 184 157 151
-1.682900 2.939500 196.595400 168 168 146
-1.682700 2.932400 196.595800 190 166 172
-1.682600 2.937200 196.595400 177 180 153
-1.682200 2.897100 196.596900 162 148 143
-1.682200 2.931200 196.595600 195 166 171
-1.682200 2.933700 196.595500 190 168 148
-1.682200 2.938400 196.595100 179 174 160
-1.682200 2.941900 196.594800 176 144 145
-1.682000 2.934800 196.595200 187 169 153
-1.682000 2.985800 196.607300 43 18 19
-1.681900 2.927800 196.595600 193 159 155
-1.681800 2.928900 196.595500 203 167 161
-1.681700 2.898300 196.596400 156 151 143
-1.681700 2.930100 196.595400 197 158 165
-1.681500 3.007100 196.607200 10 26 23
-1.681200 2.899600 196.596000 164 147 148
-1.681100 2.901800 196.595700 158 151 158
-1.681100 2.920900 196.607500 26 14 21
-1.680900 2.896100 196.596100 168 145 140
-1.680900 2.900800 196.595600 160 147 143
-1.680300 2.941400 196.607400 32 15 35
-1.679900 2.892800 196.595800 173 152 143
-1.679800 2.891900 196.595800 181 151 150
-1.679700 2.873800 196.606900 19 8 17
-1.679500 2.894100 196.595400 169 150 145
-1.679500 2.895200 196.595300 174 149 140
-1.679200 2.963400 196.607500 9 18 23
-1.678800 2.893500 196.606700 10 16 16
-1.678800 3.004700 196.607100 16 20 21
-1.678700 2.899200 196.607700 36 8 25
-1.678500 2.886200 196.595500 176 163 149
-1.678100 2.889700 196.594800 160 149 131
-1.678100 2.919100 196.607500 20 15 22
-1.678000 2.985700 196.607700 36 22 27
-1.677800 2.939100 196.607200 29 15 27
-1.677000 2.856200 196.595900 169 152 154
-1.677000 2.960600 196.607300 27 17 31
-1.676800 2.887600 196.594300 177 160 145
-1.676800 2.888800 196.594200 143 150 141
-1.676400 2.853900 196.595800 183 164 159
-1.676300 2.981800 196.607200 42 16 30
-1.676100 2.852800 196.595800 173 145 158
-1.676000 2.855200 196.595500 168 149 149
-1.676000 2.884100 196.594100 190 163 156
-1.675900 2.857500 196.595200 167 150 147
-1.675900 2.985000 196.589700 243 211 228
-1.675600 3.003100 196.607100 25 20 22
-1.675500 2.892600 196.606900 11 18 13
-1.675400 2.851800 196.595400 172 149 166
-1.675200 2.891300 196.592900 188 148 150
-1.675200 2.917900 196.607500 19 20 28
-1.675000 2.992800 196.588800 219 210 220
-1.674800 2.858800 196.594300 168 146 140
-1.674800 2.937100 196.607200 31 14 18
-1.674800 2.996200 196.588500 230 199 197
-1.674800 2.999700 196.588300 236 205 201
-1.674700 2.986200 196.588900 225 209 210
-1.674500 2.875100 196.607700 24 14 27
-1.674500 3.007400 196.587800 233 204 212
-1.674400 2.998600 196.588100 227 205 211
-1.674300 2.957500 196.607000 24 15 31
-1.674300 2.991800 196.588300 214 202 214
-1.674200 2.982900 196.588700 228 208 205
-1.674200 2.984000 196.588700 255 215 234
-1.674100 3.003100 196.587700 228 200 216
-1.674000 2.850900 196.594700 167 151 153
-1.674000 3.005300 196.587600 214 199 198
-1.673800 3.006400 196.587400 233 207 216
-1.673700 3.004200 196.587400 234 205 205
-1.673600 2.978200 196.588600 206 188 177
-1.673600 3.000900 196.587500 225 205 208
-1.673500 2.995200 196.587700 233 215 207
-1.673400 2.979900 196.607100 29 15 32
-1.673400 2.994100 196.587700 219 203 202
-1.673300 2.997600 196.587500 237 207 209
-1.673200 2.914800 196.607300 3 21 31
-1.673100 2.979400 196.588300 220 209 207
-1.673100 2.981800 196.588100 221 199 181
-1.673000 2.977100 196.588300 227 195 189
-1.673000 2.990800 196.587600 217 189 202
-1.672800 2.874100 196.593100 162 144 150
-1.672700 2.974800 196.588300 243 198 221
-1.672500 2.988700 196.587400 214 197 196
-1.672300 2.877700 196.592400 173 151 153
-1.672300 2.962500 196.588700 196 174 175
-1.672200 2.989800 196.587100 215 195 200
-1.672100 2.980700 196.587600 215 197 192
-1.672000 2.973600 196.587900 231 202 200
-1.671900 2.972400 196.587900 208 189 179
-1.671800 2.976000 196.587600 246 207 230
-1.671800 3.002600 196.607400 27 17 17
-1.671700 2.876600 196.592100 156 158 127
-1.671700 2.936000 196.607300 26 14 19
-1.671700 2.963600 196.588300 169 168 161
-1.671600 2.955500 196.606900 36 9 35
-1.671600 3.002200 196.586200 226 205 219
-1.671500 2.987600 196.586800 231 217 207
-1.671400 2.893000 196.607400 26 6 30
-1.671200 2.961400 196.588100 198 180 189
-1.671100 2.969200 196.587600 202 183 178
-1.670500 2.875700 196.591400 155 151 144
-1.670300 2.977900 196.607100 14 19 28
-1.669800 2.889500 196.606900 32 3 32
-1.669800 2.960400 196.587300 189 177 176
-1.669800 2.971500 196.586600 215 202 200
-1.669700 2.873400 196.591200 169 143 142
-1.669700 2.970500 196.586600 215 185 198
-1.669600 2.913900 196.607400 19 15 29
-1.669600 2.959300 196.587300 190 176 177
-1.669300 2.966100 196.586600 243 199 209
-1.669200 2.964900 196.586600 191 174 170
-1.669100 2.967200 196.586400 231 198 216
-1.669000 2.879300 196.590200 173 143 152
-1.668800 2.909500 196.606800 12 15 20
-1.668600 2.934200 196.607300 27 15 24
-1.668300 2.920400 196.587600 175 158 148
-1.668100 2.968500 196.585700 208 188 194
-1.668000 2.921500 196.587300 167 161 144
-1.667900 2.872600 196.590100 175 136 133
-1.667900 2.955200 196.607300 30 15 29
-1.667800 3.002400 196.607800 35 12 15
-1.667700 2.955100 196.586300 181 161 153
-1.667700 2.957300 196.586200 184 171 171
-1.667600 2.871400 196.590100 164 133 146
-1.667500 2.916100 196.587500 180 159 151
-1.667500 2.958400 196.586000 196 181 194
-1.667300 2.956200 196.586000 192 168 166
-1.667100 2.918300 196.587000 191 149 146
-1.667000 2.952800 196.586000 167 153 153
-1.667000 2.976800 196.607300 34 12 28
-1.666900 2.870500 196.589700 130 117 114
-1.666800 2.951700 196.586000 163 137 147
-1.666800 2.997300 196.607000 51 12 27
-1.666500 2.917400 196.586800 188 147 162
-1.666500 2.948300 196.586000 135 133 133
-1.666500 2.954100 196.585600 164 154 146
-1.666400 2.869500 196.589500 134 125 119
-1.666400 2.949500 196.585900 149 150 140
-1.666200 2.919600 196.586300 188 151 162
-1.666100 2.909700 196.587100 153 127 125
-1.666100 2.913100 196.586800 151 148 129
-1.665900 2.907900 196.606800 33 11 17
-1.665300 2.933900 196.607600 50 1 22
-1.665300 2.950700 196.585100 164 150 167
-1.665100 2.867500 196.588900 126 105 108
-1.665100 2.910900 196.586400 155 140 130
-1.665100 2.914300 196.586100 168 142 137
-1.665100 2.947400 196.585200 153 138 141
-1.664900 2.907700 196.586600 146 134 134
-1.664900 2.942700 196.585400 124 105 103
-1.664900 2.972700 196.606800 20 12 34
-1.664800 2.915400 196.585900 179 145 158
-1.664700 3.003800 196.583300 135 116 143
-1.664500 2.953600 196.607300 36 12 24
-1.664400 2.931100 196.585900 137 93 140
-1.664200 2.908900 196.586000 155 132 128
-1.664100 2.941700 196.585000 142 125 111
-1.664000 2.905500 196.586200 155 130 135
-1.664000 2.906700 196.586000 158 116 150
-1.663900 3.007100 196.582600 140 116 140
-1.663800 2.939400 196.584900 125 109 109
-1.663700 2.938300 196.584900 143 119 120
-1.663700 2.940600 196.584800 111 96 92
-1.663700 2.986000 196.583500 130 111 125
-1.663600 2.984900 196.583500 128 125 144
-1.663500 2.912300 196.585300 132 139 124
-1.663500 2.933500 196.585200 146 122 116
-1.663500 2.946400 196.584300 146 119 125
-1.663500 2.997200 196.582800 153 124 135
-1.663400 3.005000 196.582400 146 118 142
-1.663300 2.864400 196.588100 100 81 106
-1.663300 2.944100 196.584300 127 102 117
-1.663300 2.987200 196.583200 119 106 127
-1.663200 2.945300 196.584200 148 118 134
-1.663200 2.990600 196.582900 141 118 134
-1.663200 2.998400 196.582600 134 120 126
-1.663100 2.993800 196.582700 123 116 125
-1.663100 3.006100 196.582100 131 118 133
-1.662900 2.868900 196.587300 126 107 109
-1.662900 3.000600 196.582300 144 118 135
-1.662800 2.929100 196.585000 123 100 110
-1.662800 2.991700 196.582600 136 117 120
-1.662800 2.995000 196.582500 132 133 135
-1.662700 2.928000 196.585100 127 100 119
-1.662700 2.992700 196.582500 123 121 122
-1.662500 2.930300 196.584800 111 105 123
-1.662500 3.001800 196.582000 133 116 132
-1.662300 2.983900 196.582700 129 124 128
-1.662300 2.999500 196.581900 126 113 123
-1.662300 3.002900 196.581800 140 122 150
-1.662200 2.936100 196.584200 110 101 88
-1.662200 2.996100 196.582000 145 111 128
-1.662100 2.865600 196.587300 93 87 116
-1.662100 2.937300 196.584000 127 115 113
-1.662100 2.988400 196.582400 129 121 127
-1.662000 2.903500 196.585100 150 110 149
-1.662000 2.932600 196.584300 129 110 122
-1.662000 2.932700 196.607700 8 16 14
-1.662000 2.975800 196.583000 135 121 143
-1.662000 2.980400 196.582700 113 95 110
-1.661900 2.935000 196.584000 125 112 111
-1.661800 2.899000 196.585400 131 110 94
-1.661700 2.952000 196.607300 22 12 23
-1.661700 2.977000 196.582800 127 115 140
-1.661700 2.982800 196.582400 127 109 114
-1.661700 2.989600 196.582000 135 117 129
-1.661700 3.004000 196.587700 28 18 21
-1.661700 3.007300 196.587600 45 30 32
-1.661600 3.004000 196.589300 25 16 17
-1.661500 2.908800 196.607400 38 11 33
-1.661300 2.979300 196.582400 129 95 116
-1.661200 2.972400 196.582700 123 100 131
-1.661200 2.974600 196.582600 118 120 124
-1.661200 2.981700 196.582200 123 118 120
-1.661100 2.904700 196.584400 149 118 140
-1.661100 2.927000 196.584200 128 113 118
-1.661100 2.978200 196.582300 136 103 119
-1.661100 3.001900 196.590700 18 26 16
-1.661000 2.901300 196.584700 145 113 112
-1.661000 2.924900 196.584300 117 103 118
-1.660900 2.965800 196.582900 117 118 130
-1.660800 2.900300 196.584700 153 118 116
-1.660800 3.006300 196.582300 204 200 205
-1.660700 2.969200 196.582500 127 116 125
-1.660600 2.966900 196.582600 136 116 125
-1.660400 2.894800 196.584900 119 98 104
-1.660400 2.959200 196.583000 123 103 123
-1.660400 2.968100 196.582500 129 116 137
-1.660300 2.902600 196.584100 126 102 108
-1.660300 2.961400 196.582800 140 119 118
-1.660200 2.970300 196.582200 131 117 130
-1.660200 2.971400 196.582100 126 109 128
-1.660100 2.929000 196.607300 34 10 20
-1.660100 2.962600 196.582600 120 109 117
-1.660100 2.964800 196.582400 133 129 122
-1.660000 2.984100 196.587700 47 27 42
-1.660000 2.986400 196.582700 202 196 183
-1.660000 2.994100 196.582300 218 204 205
-1.660000 2.995200 196.582300 200 207 197
-1.659900 2.973600 196.581800 120 104 127
-1.659900 2.989800 196.582500 208 190 193
-1.659800 2.892500 196.584700 119 98 96
-1.659800 2.963800 196.582300 119 115 123
-1.659700 2.954800 196.582900 136 129 144
-1.659600 2.949100 196.583200 130 118 141
-1.659600 2.958200 196.582600 131 119 121
-1.659600 2.988600 196.582400 208 186 193
-1.659500 2.895900 196.584200 120 98 110
-1.659500 2.926100 196.583300 128 109 118
-1.659500 2.957100 196.582500 115 109 108
-1.659500 2.960400 196.582400 142 118 127
-1.659500 2.984200 196.582500 207 193 193
-1.659400 2.885500 196.585100 70 68 93
-1.659400 2.981800 196.582600 188 163 163
-1.659400 2.983000 196.582500 214 183 191
-1.659400 3.006400 196.582900 106 102 113
-1.659300 2.889100 196.584700 102 83 79
-1.659300 2.971500 196.583100 192 172 163
-1.659300 2.999800 196.581600 230 200 219
-1.659300 3.002000 196.583100 127 110 132
-1.659200 2.898200 196.583800 118 116 79
-1.659100 2.897200 196.583800 149 120 135
-1.659100 2.950300 196.582800 132 139 142
-1.659100 2.953700 196.582500 134 130 126
-1.659000 2.921600 196.583200 92 63 87
-1.659000 2.956000 196.582400 131 120 143
-1.659000 3.000900 196.582900 120 105 114
-1.658900 2.973600 196.589100 19 19 16
-1.658900 2.973600 196.590800 27 11 9
-1.658900 2.977200 196.582500 202 177 186
-1.658700 2.884400 196.584800 42 51 75
-1.658700 2.890300 196.584200 105 82 76
-1.658700 2.907100 196.607400 38 11 34
-1.658700 2.948100 196.582600 146 119 135
-1.658700 2.988700 196.583300 123 77 121
-1.658600 2.858200 196.585800 111 88 92
-1.658600 2.951500 196.582400 112 123 114
-1.658500 2.888000 196.584300 111 92 80
-1.658500 2.952600 196.582200 138 136 127
-1.658500 2.970500 196.587400 24 16 21
-1.658500 2.992000 196.583100 77 104 106
-1.658400 2.862900 196.585200 104 81 74
-1.658400 2.943500 196.582800 147 118 131
-1.658400 2.976100 196.582300 185 189 186
-1.658400 2.987600 196.583300 144 87 122
-1.658400 2.994200 196.582900 112 95 110
-1.658400 2.999900 196.582600 116 111 103
-1.658300 2.893900 196.583700 123 99 100
-1.658300 2.942400 196.582800 155 116 136
-1.658300 2.944700 196.582600 139 131 132
-1.658200 2.922800 196.582600 81 78 77
-1.658100 2.860600 196.585300 93 73 96
-1.658100 2.981900 196.583300 100 86 94
-1.658000 2.918500 196.582900 88 62 69
-1.658000 2.947000 196.582300 138 118 131
-1.657900 2.891700 196.583600 101 86 88
-1.657800 2.861800 196.584900 106 86 104
-1.657800 2.886900 196.584000 76 65 94
-1.657800 2.924100 196.582300 77 91 102
-1.657800 2.932000 196.583300 166 157 164
-1.657800 2.940200 196.582600 149 143 143
-1.657800 2.959400 196.589300 25 21 35
-1.657800 2.985400 196.586200 19 19 24
-1.657800 2.987700 196.584400 63 23 35
-1.657700 2.859600 196.585100 87 67 80
-1.657700 2.941300 196.582500 138 120 118
-1.657700 2.966000 196.629300 33 16 12
-1.657500 2.917500 196.582700 78 53 47
-1.657500 2.946000 196.582000 112 117 109
-1.657400 2.968400 196.582100 192 180 184
-1.657400 2.973800 196.581700 215 176 193
-1.657300 2.919700 196.582300 81 57 66
-1.657300 2.934300 196.582800 175 153 157
-1.657300 2.965100 196.582200 214 193 198
-1.657300 2.966100 196.582200 205 164 185
-1.657200 2.856200 196.585100 120 81 105
-1.657200 2.982000 196.585900 22 15 27
-1.657100 2.907700 196.583300 37 54 44
-1.657100 2.960700 196.582400 207 176 193
-1.657000 2.915400 196.582500 65 43 59
-1.657000 2.916500 196.582400 67 54 65
-1.657000 2.958300 196.629400 16 16 15
-1.657000 2.958400 196.582500 181 171 148
-1.656900 2.857400 196.584800 113 83 87
-1.656900 2.912100 196.582700 52 59 73
-1.656900 2.976200 196.582900 95 97 103
-1.656800 2.855100 196.585000 106 77 99
-1.656800 2.970600 196.583100 96 77 79
-1.656700 2.914300 196.582400 70 58 52
-1.656600 2.904300 196.583200 116 80 82
-1.656600 2.913200 196.582400 46 46 50
-1.656600 2.925500 196.583000 179 153 157
-1.656600 2.935600 196.591800 20 15 21
-1.656600 2.972800 196.582900 100 69 79
-1.656500 2.939100 196.588300 37 20 7
-1.656400 2.910000 196.582600 60 53 60
-1.656400 2.931000 196.582500 171 161 151
-1.656400 2.933200 196.582300 163 151 152
-1.656400 2.982100 196.583800 34 32 35
-1.656300 2.876800 196.584000 96 80 108
-1.656300 2.935700 196.582000 148 132 146
-1.656300 2.936900 196.582000 146 147 135
-1.656300 2.938000 196.581900 155 132 144
-1.656200 2.911100 196.582400 38 46 40
-1.656200 2.920900 196.581500 102 65 76
-1.656100 2.853000 196.584800 118 83 96
-1.656100 2.883800 196.583300 81 53 84
-1.656100 2.926500 196.582600 174 171 164
-1.656100 2.951800 196.582300 192 157 170
-1.656100 2.965200 196.583100 70 43 64
-1.656100 2.966300 196.583000 93 64 94
-1.656000 2.924300 196.582700 186 174 178
-1.656000 2.927700 196.582500 167 159 130
-1.656000 2.939200 196.581600 147 124 141
-1.656000 2.955200 196.582000 199 163 182
-1.656000 2.968500 196.582800 102 72 80
-1.655900 2.880300 196.583400 81 58 60
-1.655900 2.922100 196.582800 191 176 178
-1.655800 2.918800 196.583100 168 169 156
-1.655800 2.930000 196.582200 174 152 153
-1.655800 2.935700 196.592900 29 18 34
-1.655800 2.948400 196.582400 172 163 146
-1.655800 2.960800 196.583100 74 69 80
-1.655600 2.906700 196.582400 50 61 66
-1.655600 2.949600 196.582200 174 147 155
-1.655500 2.854200 196.584400 103 71 92
-1.655500 2.901100 196.582800 92 78 82
-1.655400 2.926700 196.587000 50 22 31
-1.655400 2.945000 196.582400 156 139 146
-1.655300 2.909100 196.582000 59 50 64
-1.655300 2.923200 196.582400 183 174 165
-1.655300 2.946200 196.582200 149 144 146
-1.655200 2.875800 196.583400 104 76 79
-1.655200 2.882800 196.582700 75 37 49
-1.655200 2.940500 196.582600 141 137 144
-1.655200 2.941600 196.582500 167 148 144
-1.655200 2.956400 196.583100 76 53 73
-1.655200 2.957500 196.586200 33 10 23
-1.655100 2.881500 196.582800 83 58 59
-1.655100 2.929000 196.581800 177 160 156
-1.655000 2.852000 196.584200 92 73 93
-1.655000 2.899900 196.582600 97 91 68
-1.655000 2.902200 196.582400 94 82 87
-1.655000 2.951900 196.583200 67 49 61
-1.655000 2.955300 196.583000 48 45 52
-1.654900 2.878200 196.583000 66 72 82
-1.654900 2.879400 196.582900 81 77 69
-1.654900 2.956400 196.584400 12 22 24
-1.654700 2.850900 196.584200 74 76 77
-1.654700 2.874700 196.583200 98 69 75
-1.654700 2.934600 196.582700 144 132 133
-1.654700 2.935900 196.582600 147 136 147
-1.654600 2.937100 196.582500 128 133 140
-1.654600 2.938100 196.582400 164 141 148
-1.654600 2.948600 196.583200 43 48 43
-1.654500 2.901200 196.583800 154 124 140
-1.654500 2.920000 196.582100 192 171 159
-1.654400 2.916800 196.582400 173 167 159
-1.654400 2.917900 196.588600 43 23 17
-1.654300 2.940600 196.583600 53 46 63
-1.654200 2.905700 196.581600 84 56 35
-1.654100 2.873600 196.583000 105 92 103
-1.653900 2.886400 196.583100 126 131 145
-1.653900 2.891100 196.582700 136 118 118
-1.653900 2.921200 196.581700 184 159 162
-1.653800 2.892300 196.582500 119 122 106
-1.653800 2.897900 196.582000 97 76 60
-1.653800 2.899000 196.581900 117 97 88
-1.653800 2.940600 196.586500 35 7 18
-1.653700 2.893400 196.582400 113 103 104
-1.653700 2.911400 196.582400 152 136 135
-1.653600 2.888700 196.582800 148 130 134
-1.653600 2.890000 196.582600 140 122 116
-1.653600 2.903600 196.581400 98 66 80
-1.653500 2.871600 196.582800 129 106 109
-1.653500 2.887600 196.582800 138 122 138
-1.653400 2.930300 196.583800 57 42 59
-1.653300 2.864900 196.583400 141 126 145
-1.653300 2.895800 196.581900 115 92 107
-1.653300 2.922400 196.582700 117 99 99
-1.653300 2.923400 196.582700 103 100 93
-1.653300 2.940700 196.587800 24 18 15
-1.653200 2.870500 196.582700 141 108 120
-1.653200 2.896900 196.581700 106 80 103
-1.653200 2.920200 196.582800 119 107 110
-1.653200 2.921300 196.582800 93 82 87
-1.653200 2.929200 196.582200 119 116 113
-1.653200 2.929200 196.583700 59 30 51
-1.653000 2.885300 196.582700 120 139 134
-1.653000 2.903700 196.582600 155 141 148
-1.653000 2.925900 196.582300 132 101 114
-1.652900 2.894700 196.581700 133 109 120
-1.652900 2.913800 196.583200 83 56 55
-1.652900 2.916000 196.583000 87 54 83
-1.652800 2.912700 196.583300 83 60 58
-1.652700 2.905900 196.582200 164 151 135
-1.652500 2.917100 196.582700 102 65 84
-1.652500 2.923600 196.583800 35 38 27
-1.652400 2.863900 196.582900 151 126 139
-1.652400 2.868400 196.582400 138 117 116
-1.652400 2.923600 196.585300 46 31 27
-1.652300 2.872900 196.581900 104 92 87
-1.652300 2.902600 196.582200 157 141 147
-1.652200 2.859400 196.583300 168 148 142
-1.652200 2.866300 196.582500 140 135 138
-1.652200 2.890200 196.589800 44 15 33
-1.652200 2.909500 196.583200 56 38 51
-1.652200 2.910600 196.583100 55 51 58
-1.652100 2.882000 196.582500 169 150 146
-1.652100 2.892600 196.583000 113 120 119
-1.652000 2.861600 196.582900 158 147 160
-1.651900 2.878700 196.582700 158 145 146
-1.651900 2.880900 196.582400 164 147 144
-1.651900 2.890300 196.583100 121 103 112
-1.651800 2.869700 196.581900 121 116 117
-1.651800 2.884500 196.582000 158 152 146
-1.651700 2.875200 196.582900 184 156 153
-1.651700 2.897100 196.582400 146 125 150
-1.651700 2.908400 196.582900 51 33 48
-1.651600 2.862900 196.582500 173 146 158
-1.651600 2.894900 196.582500 150 126 141
-1.651400 2.860600 196.582600 175 164 161
-1.651300 2.856100 196.583000 177 152 164
-1.651300 2.896100 196.582200 140 121 140
-1.651200 2.883400 196.581800 168 145 141
-1.651100 2.908500 196.584100 35 23 36
-1.651000 2.868600 196.586300 43 22 23
-1.650900 2.852800 196.583200 154 154 158
-1.650900 2.853900 196.583000 160 147 151
-1.650900 2.908500 196.585600 32 23 29
-1.650800 2.857300 196.582600 184 148 154
-1.650800 2.858500 196.582500 187 152 155
-1.650800 2.872100 196.582600 166 164 156
-1.650500 2.867600 196.581400 122 125 105
-1.650500 2.880100 196.581600 164 148 142
-1.650400 2.855200 196.582600 173 154 166
-1.650400 2.873200 196.582300 176 158 146
-1.650300 2.871000 196.582400 197 150 167
-1.650200 2.851700 196.582900 160 154 155
-1.650200 2.880100 196.583000 81 68 65
-1.650200 2.888100 196.583900 29 28 42
-1.650200 2.892800 196.586600 53 14 31
-1.650100 2.861900 196.591300 28 18 30
-1.650000 2.868800 196.582500 143 138 130
-1.649900 2.877800 196.583100 67 55 79
-1.649900 2.883600 196.582500 88 67 81
-1.649900 2.891700 196.588100 25 12 21
-1.649800 2.870000 196.582200 158 139 134
-1.649700 2.867700 196.582400 131 132 111
-1.649600 2.854100 196.590200 21 23 22
-1.649600 2.866700 196.582400 127 119 117
-1.649600 2.879100 196.582700 92 69 85
-1.649500 2.855300 196.586800 30 17 16
-1.649400 2.863300 196.582700 144 111 128
-1.649300 2.862100 196.582800 118 119 105
-1.649200 2.859900 196.582900 129 97 104
-1.649200 2.873400 196.583100 51 43 33
-1.649100 2.861000 196.582700 117 100 98
-1.649100 2.879200 196.584000 35 14 36
-1.648900 2.871300 196.583100 66 32 47
-1.648900 2.873500 196.584500 25 20 24
-1.648700 2.865700 196.583600 38 19 39
-1.648500 2.870200 196.591000 45 44 42
-1.648400 2.853200 196.583200 43 59 75
-1.648400 2.863400 196.583600 26 24 30
-1.648300 2.854400 196.583000 70 70 69
-1.648300 2.857700 196.582600 81 72 87
-1.646800 2.852300 196.585500 24 19 30
-1.713600 2.989500 196.630200 78 67 22
-1.712600 2.942400 196.629500 61 78 29
-1.712300 2.903100 196.630000 99 73 90
-1.712100 2.984800 196.629500 95 47 24
-1.711600 2.924100 196.630000 97 77 79
-1.711200 2.860200 196.629800 85 76 70
-1.710300 2.899200 196.629500 129 72 92
-1.709900 2.920200 196.629500 90 84 71
-1.660100 3.005000 196.635300 44 38 28
-1.659900 3.004000 196.635300 37 32 21
-1.659000 2.996200 196.635000 47 28 35
-1.658600 2.995200 196.634800 51 27 24
-1.658500 2.997400 196.636300 44 29 30
-1.658400 2.996300 196.636300 43 26 29
-1.658100 2.988500 196.634800 31 31 23
-1.657900 2.988500 196.636300 44 30 23
-1.657800 2.989800 196.634600 62 44 40
-1.657800 2.989800 196.636200 43 21 21
-1.657800 2.995200 196.635900 30 21 10
-1.657500 2.986400 196.636200 43 25 28
-1.657500 2.987500 196.636200 42 27 27
-1.657500 2.999700 196.630600 57 40 29
-1.657300 2.980700 196.636400 34 27 15
-1.657100 2.969400 196.635300 43 29 27
-1.657100 2.979500 196.636300 61 31 33
-1.657000 2.998700 196.630300 63 43 44
-1.656900 2.996400 196.630300 38 46 33
-1.656800 2.997500 196.630200 65 55 56
-1.656700 2.962700 196.635500 40 34 46
-1.656700 2.996400 196.636800 46 32 29
-1.656400 2.967200 196.636600 41 49 36
-1.656400 2.970500 196.636400 40 46 34
-1.656300 2.989900 196.636800 38 36 31
-1.656200 2.987700 196.630300 63 49 49
-1.656000 2.961700 196.636700 65 38 28
-1.656000 2.962800 196.636700 60 41 30
-1.655400 2.957300 196.636600 49 41 41
-1.655200 2.956200 196.636600 33 26 40
-1.654900 2.938000 196.636100 45 24 15
-1.654700 2.933300 196.636300 36 28 31
-1.654300 2.931100 196.636200 45 22 20
-1.654100 2.939200 196.637100 32 40 14
-1.654100 2.958600 196.637300 50 34 34
-1.653700 2.927800 196.636100 35 30 31
-1.653300 2.920000 196.636500 43 27 22
-1.652900 2.902400 196.631200 27 23 25
-1.652400 2.939500 196.637600 40 34 30
-1.652100 2.903600 196.635500 31 29 22
-1.652100 2.904800 196.635400 54 28 27
-1.651400 2.875100 196.631300 17 16 20
-1.651100 2.890200 196.636200 34 30 21
-1.651100 2.908400 196.631100 29 41 21
-1.650800 2.889000 196.636100 15 29 29
-1.650700 2.878700 196.635400 30 15 28
-1.650500 2.896100 196.636800 52 38 17
-1.650200 2.861800 196.630400 30 23 16
-1.650100 2.860700 196.630400 12 5 0
-1.650000 2.880000 196.636500 38 21 30
-1.649900 2.878900 196.636500 45 17 37
-1.649600 2.855200 196.630800 14 11 11
-1.649000 2.859800 196.636400 38 22 6
-1.648800 2.858600 196.636400 69 7 35
-1.647900 2.853100 196.636500 37 31 23
-1.647800 2.858800 196.637400 53 32 46
-1.568900 3.006600 196.635100 133 124 116
-1.568700 3.005600 196.635000 122 109 103
-1.566400 3.003600 196.635100 134 112 127
-1.566400 3.005800 196.634900 119 117 102
-1.566200 3.002600 196.635000 143 119 132
-1.566200 3.006800 196.634800 147 119 122
-1.566100 3.000500 196.635100 132 118 113
-1.566100 3.001500 196.635000 133 121 120
-1.566000 2.999500 196.635100 130 113 107
-1.566000 3.004700 196.634800 127 126 120
-1.564400 2.973300 196.635500 131 123 112
-1.564400 2.977400 196.635300 138 121 129
-1.564400 2.984700 196.634800 133 119 112
-1.564400 2.988000 196.634600 132 123 117
-1.564300 2.978500 196.635100 135 119 110
-1.564200 2.974300 196.635400 126 125 114
-1.564200 2.976400 196.635300 136 106 128
-1.564100 2.975400 196.635200 132 115 119
-1.564100 2.980500 196.634800 139 113 114
-1.564000 2.979500 196.634800 146 119 120
-1.563800 2.971200 196.635300 117 113 103
-1.563700 2.970200 196.635300 123 123 107
-1.563600 2.972300 196.635100 130 105 112
-1.563600 2.999700 196.634900 127 119 111
-1.563400 2.998700 196.634800 120 123 106
-1.563300 2.965100 196.635400 129 125 97
-1.563300 2.966100 196.635300 127 116 87
-1.563300 2.969200 196.635100 133 120 110
-1.563100 2.962900 196.635400 135 115 109
-1.563100 2.995600 196.634800 119 120 76
-1.563100 2.996600 196.634800 125 121 97
-1.563000 2.968200 196.635000 132 115 111
-1.563000 2.997700 196.634600 126 125 114
-1.562900 2.960900 196.635400 130 119 112
-1.562900 2.961900 196.635400 134 117 110
-1.562900 2.964000 196.635200 131 125 114
-1.562900 2.967200 196.634900 128 116 110
-1.562900 2.991400 196.634900 120 113 110
-1.562900 2.993500 196.634800 127 127 120
-1.562800 2.994600 196.634600 126 127 116
-1.562500 2.955600 196.635500 137 117 107
-1.562500 2.981700 196.635200 148 119 122
-1.562400 2.958800 196.635300 119 110 111
-1.562400 2.959800 196.635100 118 107 99
-1.562400 2.983800 196.635000 141 129 125
-1.562400 2.989200 196.634700 134 113 99
-1.562400 2.990300 196.634600 129 127 116
-1.562300 2.984900 196.634900 131 118 121
-1.562300 2.987200 196.634700 128 121 109
-1.562200 2.956700 196.635300 133 111 95
-1.562200 2.957700 196.635200 130 117 108
-1.562200 2.977600 196.635400 131 120 127
-1.562200 2.986000 196.634800 129 118 117
-1.562100 2.953500 196.635400 126 111 100
-1.562100 2.978700 196.635100 135 119 112
-1.561900 2.950200 196.635500 135 111 107
-1.561900 2.954500 196.635200 126 121 107
-1.561800 2.973600 196.635300 125 125 107
-1.561700 2.951400 196.635300 136 120 112
-1.561600 2.945900 196.635700 128 115 103
-1.561600 2.947000 196.635600 133 119 111
-1.561600 2.952400 196.635200 127 116 106
-1.561500 2.949200 196.635400 136 112 116
-1.561400 2.928200 196.635500 127 131 120
-1.561400 2.929200 196.635500 140 128 122
-1.561400 2.948200 196.635400 134 123 116
-1.561100 2.925100 196.635700 139 126 122
-1.561100 2.926200 196.635600 139 127 124
-1.561000 2.924100 196.635700 138 127 124
-1.561000 2.927200 196.635400 131 130 125
-1.561000 2.944800 196.635400 138 127 133
-1.560900 2.943800 196.635400 142 136 123
-1.560700 2.941700 196.635400 144 126 121
-1.560600 2.922100 196.635600 138 119 114
-1.560600 2.942800 196.635300 146 126 116
-1.560500 2.938600 196.635500 141 125 129
-1.560500 2.939700 196.635500 139 123 122
-1.560300 2.937700 196.635500 140 126 125
-1.560300 2.940800 196.635200 125 119 114
-1.560000 2.935400 196.635500 134 121 118
-1.560000 2.936600 196.635400 123 120 111
-1.559900 2.934400 196.635500 131 118 114
-1.559900 2.953700 196.635500 129 106 103
-1.559800 2.932400 196.635600 140 119 123
-1.559700 2.930400 196.635800 123 111 108
-1.559700 2.933500 196.635500 127 126 124
-1.559300 2.931500 196.635400 136 108 108
-1.558500 2.923500 196.635600 141 126 128
-1.558200 2.921400 196.635600 138 122 105
-1.558200 2.922500 196.635500 142 123 118
-1.558000 2.918200 196.635700 133 119 116
-1.558000 2.920400 196.635500 149 132 118
-1.557900 2.916100 196.635800 145 122 116
-1.557800 2.919300 196.635500 132 118 117
-1.557700 2.917200 196.635700 136 122 121
-1.557400 2.898100 196.635800 138 119 120
-1.557200 2.913100 196.635700 138 126 126
-1.557200 2.915200 196.635500 139 120 110
-1.557100 2.912100 196.635800 139 124 119
-1.557000 2.895900 196.635800 139 119 114
-1.556900 2.892800 196.636100 145 123 120
-1.556900 2.894900 196.635800 128 128 117
-1.556900 2.911000 196.635700 139 128 107
-1.556800 2.891700 196.636100 127 119 104
-1.556800 2.893900 196.635900 136 124 121
-1.556800 2.910100 196.635700 141 132 121
-1.556800 2.914200 196.635400 139 129 123
-1.556500 2.909000 196.635600 142 127 126
-1.556400 2.861900 196.636300 143 123 120
-1.556400 2.890700 196.636000 127 120 95
-1.556300 2.874900 196.636200 145 133 127
-1.556300 2.876000 196.636000 128 127 114
-1.556300 2.905800 196.635800 132 124 124
-1.556300 2.908000 196.635600 130 118 124
-1.556100 2.907000 196.635600 128 124 122
-1.556000 2.886600 196.636200 104 119 102
-1.556000 2.904800 196.635700 134 125 121
-1.555900 2.859700 196.636200 146 124 104
-1.555900 2.860900 196.636100 145 123 106
-1.555900 2.873900 196.636000 127 119 108
-1.555900 2.887700 196.635900 126 121 107
-1.555900 2.889700 196.635700 138 119 106
-1.555800 2.903600 196.635700 129 125 117
-1.555700 2.884500 196.636200 116 128 110
-1.555700 2.885600 196.636100 117 120 114
-1.555700 2.888700 196.635700 137 119 112
-1.555600 2.858600 196.636100 140 127 116
-1.555600 2.872900 196.635900 130 123 106
-1.555500 2.857500 196.636200 145 133 112
-1.555500 2.883500 196.636200 119 120 103
-1.555500 2.902600 196.635600 130 123 113
-1.555400 2.855400 196.636500 138 130 111
-1.555400 2.870800 196.636000 132 126 110
-1.555400 2.871900 196.635900 143 124 119
-1.555300 2.882600 196.636100 134 123 111
-1.555300 2.900500 196.635700 138 119 120
-1.555300 2.901600 196.635600 126 119 109
-1.555200 2.899500 196.635700 149 130 127
-1.555100 2.856500 196.636100 150 133 119
-1.555100 2.868700 196.636100 135 124 127
-1.555100 2.869800 196.636000 134 129 118
-1.555000 2.867700 196.636200 137 123 129
-1.555000 2.881500 196.636100 145 122 105
-1.555000 2.897300 196.635800 154 126 125
-1.554800 2.854400 196.636200 140 136 112
-1.554800 2.866600 196.636200 133 122 125
-1.554500 2.879400 196.636000 144 127 128
-1.554500 2.892000 196.636000 138 121 103
-1.554500 2.893200 196.635900 130 119 103
-1.554500 2.894200 196.635800 122 129 111
-1.554400 2.853400 196.636000 139 130 123
-1.554400 2.864400 196.636100 127 124 126
-1.554400 2.880600 196.635700 145 126 118
-1.554300 2.852400 196.636100 134 116 122
-1.554300 2.865500 196.636000 124 125 127
-1.554200 2.851400 196.636100 134 119 112
-1.554200 2.877400 196.636000 145 118 112
-1.554200 2.878400 196.635900 138 119 117
-1.554000 2.863400 196.636000 143 125 127
-1.553900 2.862400 196.636100 139 123 138
-1.553900 2.876400 196.635900 118 125 98
-1.553800 2.888000 196.636000 134 117 116
-1.553700 2.887000 196.636100 127 122 116
-1.552400 2.854900 196.636000 127 122 123
-1.552200 2.852800 196.636100 141 122 126
-1.661800 3.047800 195.423000 171 141 145
-1.661800 3.047800 195.424100 193 154 166
-1.661800 3.048900 195.425300 206 170 183
-1.661700 3.036400 195.424000 173 157 166
-1.661700 3.042200 195.425200 219 177 189
-1.661600 3.039900 195.425200 206 181 204
-1.661600 3.042200 195.420600 150 136 151
-1.661500 3.038800 195.424100 174 153 171
-1.661500 3.038800 195.425200 194 172 200
-1.661500 3.039900 195.424100 164 148 164
-1.661500 3.041000 195.422900 158 144 149
-1.661500 3.043400 195.417200 173 144 151
-1.661400 3.039900 195.422900 166 150 156
-1.661400 3.041000 195.420700 145 135 147
-1.661400 3.041000 195.424100 185 156 163
-1.661400 3.042200 195.416100 179 150 160
-1.661400 3.043400 195.416100 181 147 159
-1.661300 3.034000 195.425200 201 181 174
-1.661300 3.041000 195.421800 142 128 139
-1.661300 3.041100 195.413800 160 125 134
-1.661200 3.038900 195.411500 163 148 157
-1.661200 3.041100 195.414900 163 125 138
-1.661200 3.043400 195.413800 154 119 133
-1.661200 3.043400 195.414900 166 124 146
-1.661100 3.037600 195.424100 177 148 160
-1.661100 3.039900 195.409100 156 150 149
-1.661100 3.041000 195.425300 215 184 194
-1.661100 3.041100 195.409200 156 142 148
-1.661000 3.037600 195.408000 153 147 150
-1.660900 3.028300 195.425200 175 167 179
-1.660900 3.036500 195.406800 161 135 144
-1.660900 3.036500 195.408000 153 140 147
-1.660900 3.039900 195.408100 158 137 147
-1.660800 3.028400 195.424100 162 149 163
-1.660800 3.035400 195.403400 170 124 135
-1.660800 3.035400 195.408000 164 149 155
-1.660800 3.037600 195.425300 206 190 207
-1.660800 3.037700 195.403400 171 135 143
-1.660700 3.031800 195.401100 154 90 112
-1.660700 3.034200 195.402200 136 93 108
-1.660700 3.034200 195.403400 143 127 124
-1.660700 3.035300 195.424100 180 156 168
-1.660700 3.038900 195.402300 133 75 109
-1.660600 3.023900 195.424000 149 158 155
-1.660600 3.025200 195.424100 187 143 163
-1.660600 3.031800 195.399900 150 81 103
-1.660600 3.033000 195.424100 167 156 163
-1.660500 3.029500 195.424100 168 144 161
-1.660500 3.033000 195.399900 143 60 97
-1.660500 3.033000 195.401100 150 81 114
-1.660500 3.033000 195.402200 156 103 117
-1.660500 3.033000 195.425300 180 184 178
-1.660500 3.151700 195.365800 120 97 86
-1.660500 3.154000 195.365800 122 84 108
-1.660500 3.159700 195.365800 118 60 89
-1.660400 3.027300 195.424100 168 152 161
-1.660400 3.027400 195.395200 144 78 105
-1.660400 3.028500 195.396400 153 88 86
-1.660400 3.028500 195.397600 141 99 114
-1.660400 3.029500 195.425300 188 172 187
-1.660400 3.030700 195.399900 132 71 76
-1.660400 3.143700 195.365900 123 96 53
-1.660400 3.152900 195.365900 119 81 94
-1.660300 3.022700 195.424100 151 157 154
-1.660300 3.026100 195.424100 179 150 157
-1.660300 3.029600 195.396500 144 83 94
-1.660300 3.029600 195.397600 144 103 94
-1.660300 3.118500 195.370500 97 74 96
-1.660300 3.157500 195.365900 125 81 88
-1.660200 3.025300 195.394100 148 101 129
-1.660200 3.029600 195.398800 147 120 121
-1.660200 3.031700 195.425400 185 158 166
-1.660100 3.022900 195.391800 138 81 80
-1.660100 3.024000 195.391800 126 63 89
-1.660100 3.160800 195.365900 88 47 78
-1.660000 3.024100 195.388300 151 95 116
-1.660000 3.035400 195.425400 216 170 185
-1.660000 3.121900 195.371700 126 65 96
-1.660000 3.124200 195.370600 108 67 53
-1.660000 3.150700 195.366000 106 85 78
-1.659900 3.019600 195.387100 139 113 118
-1.659900 3.020800 195.387100 152 104 116
-1.659900 3.020800 195.388300 146 113 106
-1.659900 3.021900 195.386000 139 94 94
-1.659900 3.021900 195.388300 124 103 86
-1.659900 3.021900 195.389500 146 78 97
-1.659900 3.022800 195.425300 193 173 186
-1.659900 3.022900 195.392900 144 123 125
-1.659800 3.017300 195.385900 143 76 76
-1.659800 3.019500 195.425200 191 168 174
-1.659800 3.020600 195.425300 186 161 172
-1.659800 3.021900 195.384900 122 72 56
-1.659800 3.021900 195.387200 138 109 117
-1.659800 3.024100 195.393000 143 120 124
-1.659800 3.024100 195.394100 144 110 102
-1.659800 3.025300 195.395300 130 57 75
-1.659800 3.158500 195.366000 133 85 94
-1.659700 3.016100 195.424100 146 147 147
-1.659700 3.017300 195.383600 124 47 70
-1.659700 3.018300 195.425200 190 164 177
-1.659700 3.030600 195.425400 194 164 188
-1.659700 3.084300 195.366900 108 76 94
-1.659700 3.086500 195.367000 105 86 82
-1.659700 3.089800 195.365800 120 93 79
-1.659600 3.014200 195.382400 120 55 104
-1.659600 3.015200 195.382500 100 58 87
-1.659600 3.016300 195.382500 103 64 78
-1.659600 3.022000 195.381400 100 58 105
-1.659600 3.090900 195.365800 92 72 61
-1.659600 3.142600 195.366000 125 81 72
-1.659600 3.149400 195.366000 102 81 82
-1.659500 3.018500 195.379000 74 44 41
-1.659500 3.066400 195.366800 129 83 71
-1.659500 3.068500 195.366800 106 57 99
-1.659500 3.073900 195.366900 85 63 68
-1.659500 3.106400 195.366000 96 64 67
-1.659500 3.138100 195.366000 129 66 74
-1.659400 3.010700 195.424000 166 137 149
-1.659400 3.011800 195.424100 158 144 142
-1.659400 3.013000 195.379000 71 55 87
-1.659400 3.013000 195.380100 93 67 106
-1.659400 3.013100 195.377800 68 62 57
-1.659400 3.017200 195.424100 142 148 144
-1.659400 3.021800 195.425400 206 164 186
-1.659400 3.055100 195.367900 113 85 87
-1.659400 3.058500 195.367900 43 57 57
-1.659400 3.067400 195.366900 136 61 80
-1.659400 3.080900 195.367000 130 92 94
-1.659400 3.101000 195.366000 95 90 86
-1.659300 3.013100 195.375500 109 56 61
-1.659300 3.014200 195.381300 96 58 48
-1.659300 3.036700 195.367700 108 84 81
-1.659300 3.037900 195.367700 102 59 52
-1.659300 3.044900 195.367800 116 96 85
-1.659300 3.065200 195.366900 119 76 89
-1.659300 3.140300 195.366100 117 93 84
-1.659300 3.144900 195.366100 120 76 94
-1.659200 3.012000 195.379000 106 54 89
-1.659200 3.014000 195.424100 159 140 152
-1.659200 3.014200 195.380200 74 52 35
-1.659200 3.020900 195.369800 119 92 88
-1.659200 3.020900 195.372200 102 63 84
-1.659200 3.022000 195.371000 84 50 62
-1.659200 3.048100 195.366700 130 94 108
-1.659200 3.052800 195.367900 96 55 88
-1.659200 3.056200 195.368000 124 83 93
-1.659200 3.083100 195.367000 129 77 95
-1.659200 3.105400 195.366000 117 71 80
-1.659200 3.107600 195.366000 102 71 82
-1.659200 3.110800 195.366000 117 99 58
-1.659200 3.117400 195.367200 104 72 72
-1.659200 3.137000 195.366100 121 85 89
-1.659200 3.139300 195.366100 119 59 57
-1.659200 3.161800 195.366100 120 66 108
-1.659100 3.012900 195.424100 169 143 158
-1.659100 3.016100 195.425300 196 169 188
-1.659100 3.017500 195.368600 103 69 103
-1.659100 3.019700 195.371000 104 60 78
-1.659100 3.088600 195.365900 123 81 85
-1.659100 3.162800 195.366100 127 97 102
-1.659000 3.014200 195.369800 122 75 102
-1.659000 3.016400 195.368600 113 97 105
-1.659000 3.017200 195.425300 188 166 182
-1.659000 3.020900 195.367500 108 77 50
-1.659000 3.020900 195.371000 77 54 69
-1.659000 3.022000 195.367600 105 76 56
-1.659000 3.024000 195.425400 179 172 180
-1.659000 3.034400 195.367700 129 90 103
-1.659000 3.047000 195.366700 140 48 96
-1.659000 3.049200 195.366800 120 101 121
-1.659000 3.054000 195.368000 99 78 70
-1.659000 3.095400 195.366000 112 81 60
-1.659000 3.103300 195.366000 110 66 84
-1.659000 3.108500 195.366000 101 69 71
-1.659000 3.109600 195.366000 115 83 75
-1.659000 3.163800 195.366100 111 69 72
-1.658900 3.009600 195.425300 183 153 173
-1.658900 3.013100 195.374400 120 75 90
-1.658900 3.017500 195.373300 104 65 71
-1.658900 3.078600 195.365900 110 77 103
-1.658900 3.104300 195.366100 121 77 81
-1.658900 3.111800 195.366100 75 69 50
-1.658900 3.113000 195.366100 104 66 87
-1.658900 3.115200 195.366100 123 81 77
-1.658900 3.141400 195.366100 124 68 88
-1.658800 3.013200 195.369800 92 65 76
-1.658800 3.016400 195.373300 108 62 88
-1.658800 3.019800 195.372200 108 56 56
-1.658800 3.033300 195.367700 123 65 73
-1.658800 3.119600 195.371900 101 81 93
-1.658700 3.007700 195.370900 88 67 74
-1.658700 3.009600 195.424100 172 145 161
-1.658700 3.015100 195.424200 154 140 140
-1.658700 3.018600 195.373400 111 90 92
-1.658700 3.019800 195.367600 125 94 105
-1.658700 3.029800 195.367700 124 72 83
-1.658700 3.030900 195.367700 122 92 74
-1.658700 3.079700 195.365900 120 73 94
-1.658700 3.096500 195.366000 133 84 85
-1.658600 3.015300 195.373300 110 69 62
-1.658600 3.017500 195.372200 98 72 54
-1.658600 3.018600 195.372200 107 49 49
-1.658600 3.028700 195.367700 129 93 100
-1.658600 3.077400 195.365900 112 62 90
-1.658600 3.126500 195.367400 117 74 98
-1.658500 3.011800 195.425400 193 159 178
-1.658500 3.027600 195.367700 81 76 72
-1.658500 3.061800 195.367000 103 68 71
-1.658500 3.148300 195.366200 112 94 88
-1.658400 3.025500 195.367700 118 80 80
-1.658400 3.032100 195.367800 126 88 73
-1.658300 3.008800 195.369800 120 85 88
-1.658300 3.010800 195.425400 196 157 180
-1.658300 3.015300 195.368800 116 86 88
-1.658300 3.026500 195.367700 97 68 68
-1.658300 3.046000 195.366800 109 75 88
-1.658300 3.050500 195.366900 112 78 95
-1.658300 3.071700 195.366000 122 70 86
-1.658200 3.035700 195.366700 101 83 70
-1.658200 3.072900 195.366000 98 69 33
-1.658200 3.146000 195.366300 120 70 90
-1.658100 3.009900 195.369900 106 81 64
-1.658100 3.076300 195.366000 126 66 89
-1.658100 3.082000 195.366100 113 71 62
-1.658000 3.023100 195.367800 116 96 85
-1.658000 3.087700 195.366100 118 81 78
-1.658000 3.120700 195.372100 119 48 90
-1.657900 3.011100 195.369900 130 91 93
-1.657900 3.036800 195.366800 100 75 70
-1.657900 3.051600 195.367000 115 72 77
-1.657900 3.057300 195.367000 133 84 95
-1.657900 3.114100 195.366300 129 78 87
-1.657800 3.007600 195.425400 184 166 182
-1.657800 3.007700 195.369900 128 92 86
-1.657800 3.014300 195.368800 128 91 97
-1.657800 3.038000 195.366800 92 77 73
-1.657800 3.040300 195.366900 117 92 84
-1.657800 3.070600 195.366000 112 68 82
-1.657800 3.129900 195.366300 145 92 99
-1.657800 3.147200 195.366300 118 68 79
-1.657700 3.059700 195.367100 103 65 92
-1.657700 3.102200 195.366300 105 81 66
-1.657700 3.116200 195.366300 87 70 63
-1.657600 3.039300 195.366900 121 84 82
-1.657600 3.074000 195.366100 121 86 102
-1.657500 3.060800 195.367100 104 67 75
-1.657500 3.075200 195.366100 113 104 110
-1.657500 3.125300 195.368700 105 61 60
-1.657500 3.128800 195.366400 110 85 61
-1.657400 3.058500 195.367100 109 84 80
-1.657400 3.069600 195.366100 85 67 56
-1.657400 3.135800 195.366500 118 95 86
-1.657200 3.086600 195.366300 99 83 70
-1.657100 3.123000 195.371100 105 61 55
-1.657000 3.018700 195.367800 143 109 116
-1.656900 3.159600 195.365400 129 91 95
-1.656800 3.045000 195.367100 95 106 71
-1.656800 3.099900 195.365200 91 70 65
-1.656700 3.127700 195.366600 121 84 85
-1.656700 3.133500 195.366600 115 63 68
-1.656600 3.012200 195.369000 136 119 129
-1.656600 3.013300 195.369000 138 116 117
-1.656600 3.118500 195.370000 119 64 89
-1.656600 3.157300 195.365400 122 85 97
-1.656500 3.093100 195.365300 106 94 61
-1.656500 3.131200 195.366600 113 81 94
-1.656400 3.089900 195.365300 122 82 102
-1.656300 3.017600 195.368000 136 113 114
-1.655900 3.011200 195.369100 124 109 99
-1.655900 3.092100 195.365400 101 77 69
-1.655900 3.153900 195.365500 130 93 119
-1.655800 3.021100 195.366900 128 96 100
-1.655700 3.088700 195.365400 122 77 90
-1.655600 3.016600 195.368100 123 108 84
-1.655600 3.087700 195.365400 113 73 76
-1.655600 3.107600 195.365500 118 93 94
-1.655500 3.094200 195.365500 95 99 49
-1.655400 3.009100 195.369200 145 116 103
-1.655300 3.101100 195.365500 71 90 77
-1.655300 3.124100 195.370300 113 70 72
-1.655300 3.151600 195.365700 105 69 67
-1.655300 3.152700 195.365700 118 77 89
-1.655200 3.091000 195.365500 125 100 104
-1.655100 3.022300 195.367100 134 118 109
-1.655100 3.160600 195.365700 110 84 96
-1.655000 3.010100 195.369300 123 115 96
-1.655000 3.106500 195.365600 119 87 93
-1.654900 3.117400 195.366900 97 55 58
-1.654900 3.121900 195.371500 100 52 57
-1.654800 3.020000 195.367100 123 84 113
-1.654800 3.025700 195.367200 121 68 81
-1.654800 3.148200 195.365800 108 99 69
-1.654700 3.008000 195.369300 141 113 108
-1.654700 3.125300 195.368100 116 84 94
-1.654500 3.119600 195.371600 126 82 100
-1.654500 3.163700 195.365800 113 95 79
-1.654300 3.015600 195.368300 134 100 103
-1.654300 3.140300 195.365800 119 108 119
-1.654200 3.115200 195.365800 125 73 76
-1.654200 3.126500 195.367000 90 45 70
-1.654100 3.105400 195.365800 132 104 103
-1.654000 3.034700 195.366300 107 74 57
-1.654000 3.118500 195.369300 117 59 92
-1.653900 3.120700 195.371700 112 55 78
-1.653600 3.147100 195.366000 97 62 84
-1.653500 3.045200 195.366600 115 73 67
-1.653400 3.024600 195.367500 140 110 119
-1.653300 3.014700 195.368500 133 93 88
-1.653200 3.114100 195.366000 115 85 103
-1.653100 3.124100 195.369500 96 60 78
-1.652900 3.162600 195.366100 123 94 65
-1.652700 3.061000 195.365700 119 98 95
-1.652700 3.116200 195.366100 116 81 64
-1.652700 3.118500 195.368400 124 91 77
-1.652700 3.135700 195.366100 130 107 122
-1.652700 3.161600 195.366100 107 80 80
-1.652600 3.104400 195.366100 119 92 69
-1.652600 3.125300 195.367300 112 66 66
-1.652500 3.044100 195.366700 134 70 86
-1.652400 3.029100 195.366500 98 84 87
-1.652400 3.041700 195.366700 126 91 90
-1.652400 3.059900 195.365800 126 98 98
-1.652400 3.123000 195.370800 124 70 77
-1.652400 3.131100 195.366200 123 117 103
-1.652400 3.134500 195.366200 106 101 102
-1.652300 3.033600 195.366600 128 84 109
-1.652300 3.102200 195.366100 121 87 94
-1.652200 3.019000 195.367600 107 83 95
-1.652200 3.133400 195.366200 127 96 99
-1.651900 3.128700 195.366300 124 102 97
-1.651800 3.028000 195.366600 105 62 65
-1.651800 3.124100 195.368600 108 58 66
-1.651700 3.058800 195.365900 133 92 97
-1.651600 3.031300 195.366700 105 68 54
-1.651600 3.119600 195.370900 119 72 89
-1.651500 3.050800 195.365800 152 111 133
-1.651500 3.132200 195.366400 106 84 78
-1.651300 3.030300 195.366800 106 75 73
-1.651300 3.032500 195.366800 128 92 110
-1.651300 3.046300 195.365800 120 91 95
-1.651300 3.049600 195.365800 137 100 123
-1.651300 3.117400 195.366400 95 85 59
-1.651300 3.121900 195.371000 113 66 86
-1.651300 3.149300 195.365200 110 85 84
-1.651200 3.052000 195.365900 149 107 119
-1.651200 3.055400 195.365900 124 98 74
-1.651200 3.056500 195.366000 126 92 83
-1.651100 3.088800 195.365100 120 88 68
-1.651100 3.118500 195.367600 101 70 58
-1.651000 3.087800 195.365100 126 102 78
-1.650900 3.057600 195.366000 121 91 49
-1.650900 3.127600 195.366500 104 99 84
-1.650700 3.027000 195.366800 130 91 100
-1.650700 3.053100 195.366000 133 86 89
-1.650700 3.119600 195.368800 83 54 58
-1.650700 3.124100 195.367700 104 54 72
-1.650600 3.074200 195.365100 115 95 102
-1.650600 3.086800 195.365200 135 118 83
-1.650600 3.120700 195.371100 111 74 80
-1.650600 3.123000 195.370000 122 66 68
-1.650500 3.073100 195.365100 134 105 106
-1.650500 3.079900 195.365100 129 85 83
-1.650400 3.037200 195.365800 125 87 96
-1.650400 3.075300 195.365100 120 104 83
-1.650400 3.078800 195.365200 120 108 75
-1.650400 3.119600 195.370000 97 67 68
-1.650300 3.036100 195.365900 140 93 113
-1.650200 3.071900 195.365100 141 104 100
-1.650200 3.085500 195.365200 135 92 98
-1.650100 3.045300 195.366000 135 90 105
-1.650100 3.069900 195.365100 118 88 86
-1.650000 3.084500 195.365300 127 85 103
-1.650000 3.119600 195.367800 119 74 81
-1.649800 3.077600 195.365200 130 94 94
-1.649800 3.125300 195.366700 125 103 79
-1.649700 3.121900 195.370100 113 58 77
-1.649600 3.070900 195.365200 135 91 89
-1.649600 3.076500 195.365300 130 99 68
-1.649600 3.083300 195.365300 124 88 71
-1.649600 3.092200 195.365400 117 92 94
-1.649600 3.120700 195.370100 93 73 69
-1.649500 3.018100 195.368100 111 92 98
-1.649500 3.068800 195.365200 132 72 85
-1.649500 3.124100 195.366700 92 73 79
-1.649400 3.142500 195.365600 123 74 67
-1.649400 3.148100 195.365600 133 117 117
-1.649100 3.107700 195.365600 96 73 63
-1.649100 3.118500 195.366800 115 92 71
-1.649100 3.126400 195.366800 92 70 59
-1.649000 3.009600 195.369200 126 80 94
-1.648900 3.121900 195.369100 104 52 53
-1.648800 3.010600 195.369200 121 91 103
-1.648700 3.054400 195.366400 130 91 69
-1.648700 3.144700 195.365700 123 57 60
-1.648600 3.035000 195.366100 88 83 74
-1.648600 3.044200 195.366300 139 87 103
-1.648600 3.139100 195.365800 115 98 77
-1.648400 3.008500 195.369300 118 78 73
-1.648400 3.067800 195.365400 139 92 95
-1.648400 3.141200 195.365800 133 99 84
-1.648400 3.147000 195.365800 118 104 90
-1.648400 3.163500 195.365800 138 86 94
-1.648200 3.017100 195.368300 123 65 68
-1.648200 3.119600 195.366900 127 75 82
-1.648000 3.066800 195.365500 132 93 93
-1.647900 3.043200 195.366400 132 93 103
-1.647900 3.065600 195.365500 127 81 93
-1.647600 3.120700 195.365900 134 88 99
-1.647400 3.063400 195.365600 122 92 89
-1.647300 3.064500 195.365600 139 86 83
-1.647300 3.117400 195.366000 100 93 90
-1.647200 3.131100 195.366000 120 86 83
-1.647100 3.123000 195.366000 121 101 84
-1.646900 3.040800 195.366600 121 84 69
-1.646900 3.118500 195.366000 86 75 70
-1.646900 3.121900 195.366000 121 74 104
-1.646800 3.019400 195.367400 110 113 97
-1.646800 3.042000 195.366600 120 97 84
-1.646600 3.124100 195.366100 126 108 87
-1.646500 3.119600 195.366100 143 108 106
-1.646400 3.034000 195.366600 107 99 94
-1.646400 3.125300 195.366100 158 109 94
-1.646400 3.132200 195.366100 133 69 92
-1.646300 3.016200 195.368600 124 61 71
-1.646200 3.128700 195.366200 139 101 103
-1.646000 3.162400 195.366200 126 99 93
-1.645900 3.062300 195.365800 121 100 93
-1.645700 3.031700 195.366600 129 90 95
-1.645600 3.161400 195.366300 116 92 80
-1.645500 3.015200 195.368800 116 95 68
-1.645500 3.057900 195.365900 142 110 104
-1.645300 3.030600 195.366700 113 70 83
-1.645200 3.127600 195.366400 127 102 121
-1.645100 3.056800 195.365900 147 99 109
-1.645100 3.126400 195.366400 137 121 116
-1.645000 3.018400 195.367800 112 69 67
-1.644600 3.095600 195.366300 116 72 96
-1.644500 3.050000 195.366000 145 109 123
-1.644400 3.051200 195.366000 123 81 94
-1.644100 3.045600 195.366000 100 92 66
-1.644000 3.046700 195.366000 122 97 81
-1.644000 3.052300 195.366100 139 83 108
-1.643900 3.010900 195.369000 108 59 86
-1.643800 3.097900 195.366500 126 85 86
-1.643700 3.014200 195.369100 103 86 74
-1.643600 3.086900 195.365300 135 85 65
-1.643600 3.096800 195.366600 108 81 55
-1.643400 3.008800 195.369100 108 78 56
-1.643300 3.010000 195.369100 104 69 69
-1.642900 3.036500 195.366100 119 92 103
-1.642900 3.047800 195.366200 122 98 103
-1.642600 3.011000 195.368100 95 58 72
-1.642600 3.074400 195.365400 133 98 109
-1.642200 3.012200 195.368100 120 54 79
-1.642200 3.017500 195.368300 108 52 77
-1.642200 3.070100 195.365500 143 95 104
-1.641800 3.010100 195.368200 97 90 73
-1.641800 3.018600 195.367200 105 92 77
-1.640300 3.054800 195.366800 118 87 71
-1.640200 3.019800 195.367500 111 65 86
-1.640100 3.012400 195.367400 133 82 95
-1.640100 3.107700 195.366100 123 92 109
-1.640000 3.009100 195.368500 125 104 87
-1.640000 3.011200 195.367400 131 95 108
-1.640000 3.016600 195.368600 124 63 87
-1.640000 3.091300 195.366000 130 97 111
-1.639700 3.015600 195.368700 93 66 56
-1.639600 3.065900 195.365900 141 116 97
-1.639400 3.041300 195.366800 123 66 80
-1.639300 3.017700 195.367700 120 90 104
-1.638900 3.042400 195.366900 109 82 78
-1.638600 3.010300 195.367700 111 104 107
-1.638600 3.067100 195.366100 119 100 83
-1.638600 3.097900 195.366300 108 99 73
-1.638500 3.095700 195.366300 126 72 94
-1.638500 3.096800 195.366400 107 99 58
-1.637700 3.013600 195.367900 120 99 97
-1.637200 3.015800 195.368000 128 86 78
-1.636900 3.016800 195.368100 117 92 93
-1.636900 3.019000 195.367000 137 102 113
-1.636600 3.033400 195.367200 118 74 51
-1.636400 3.014700 195.368100 128 87 105
-1.635800 3.018000 195.367200 133 108 120
-1.635500 3.052600 195.366500 136 100 103
-1.634900 3.020200 195.367400 120 95 112
-1.634100 3.016000 195.367400 144 100 111
-1.633900 3.051600 195.366800 119 93 81
-1.633300 3.061700 195.367100 129 84 96
-1.633200 3.015000 195.367600 133 99 103
-1.633100 3.008500 195.368600 112 73 55
-1.633100 3.017100 195.367700 149 92 93
-1.632900 3.013900 195.367600 126 94 98
-1.631700 3.021600 195.368000 145 117 119
-1.631500 3.010800 195.367800 131 103 100
-1.630900 3.007600 195.369100 118 100 62
-1.630400 3.009800 195.368000 145 103 103
-1.628900 3.008800 195.368300 139 97 97
-1.628800 3.022900 195.368500 122 94 83
-1.628500 3.018500 195.367400 150 118 121
-1.628300 3.104600 195.367200 140 121 111
-1.628100 3.026200 195.368700 131 98 102
-1.628100 3.102500 195.367200 128 92 96
-1.628000 3.007800 195.368500 147 107 108
-1.628000 3.025100 195.368700 148 111 98
-1.627900 3.024100 195.368700 130 113 96
-1.627800 3.017500 195.367500 134 96 92
-1.627700 3.103600 195.367300 149 102 87
-1.627100 3.016500 195.367600 133 104 116
-1.626300 3.015500 195.367700 131 105 105
-1.625300 3.012300 195.367900 117 108 68
-1.624800 3.011300 195.368000 119 81 68
-1.624800 3.029700 195.368200 131 104 79
-1.624100 3.027700 195.368300 111 82 99
-1.624100 3.028600 195.368300 134 115 119
-1.623300 3.025400 195.368500 124 100 96
-1.623300 3.026500 195.368500 128 94 84
-1.623000 3.102500 195.367000 136 113 104
-1.622800 3.103600 195.367100 140 116 123
-1.622400 3.008300 195.368300 125 81 98
-1.622300 3.104600 195.367200 118 106 111
-1.622100 3.009300 195.368400 129 84 95
-1.619800 3.112000 195.367700 147 127 105
-1.619600 3.030000 195.368100 133 109 77
-1.619400 3.028900 195.368100 136 102 86
-1.619100 3.028000 195.368100 128 107 94
-1.618300 3.034400 195.368400 129 102 103
-1.618200 3.025700 195.368300 149 119 130
-1.618200 3.026800 195.368300 140 108 90
-1.618100 3.022500 195.368300 132 110 94
-1.617400 3.023700 195.368400 130 81 85
-1.617000 3.024800 195.368500 139 98 116
-1.616200 3.007600 195.368400 143 119 112
-1.615600 3.008800 195.368500 149 120 123
-1.615600 3.049100 195.368000 150 118 114
-1.615500 3.009900 195.368500 139 123 123
-1.615400 3.044800 195.368000 118 106 98
-1.615000 3.045900 195.368000 137 107 87
-1.615000 3.047100 195.368000 139 111 112
-1.614800 3.048100 195.368100 147 119 118
-1.613700 3.043700 195.368200 138 118 96
-1.613200 3.042600 195.368300 137 95 108
-1.612900 3.034700 195.368300 123 95 119
-1.612500 3.040400 195.368500 149 99 123
-1.612400 3.041600 195.368500 133 111 119
-1.612000 3.061400 195.368800 133 116 122
-1.611900 3.027200 195.368400 148 110 110
-1.611700 3.022900 195.368300 111 107 76
-1.611300 3.063600 195.368900 134 115 81
-1.610900 3.036000 195.368700 141 108 116
-1.610700 3.025200 195.368600 147 105 111
-1.610500 3.008100 195.368300 155 119 130
-1.610300 3.016600 195.368500 161 111 119
-1.610300 3.062600 195.369100 129 108 94
-1.610200 3.047300 195.367800 125 94 112
-1.610100 3.049400 195.367900 131 96 110
-1.610000 3.048300 195.367900 126 105 120
-1.609500 3.009300 195.368500 147 122 122
-1.608800 3.014600 195.368800 147 98 116
-1.608800 3.046300 195.368100 133 109 86
-1.607700 3.061600 195.368500 141 128 109
-1.607200 3.044100 195.368400 145 119 128
-1.607100 3.041900 195.368400 127 98 116
-1.607100 3.062800 195.368600 142 119 114
-1.607100 3.156000 195.369000 137 104 116
-1.607000 3.043000 195.368400 141 118 105
-1.606700 3.063800 195.368700 159 123 127
-1.606300 3.157100 195.369200 119 96 75
-1.606100 3.040800 195.368500 155 112 133
-1.605900 3.158100 195.369200 127 109 109
-1.605000 3.036400 195.368700 132 103 118
-1.604600 3.017000 195.368500 145 88 104
-1.602900 3.157000 195.368700 135 111 103
-1.602300 3.155900 195.368800 125 109 96
-1.602100 3.159100 195.368800 130 93 94
-1.602000 3.160100 195.368800 132 99 94
-1.601700 3.158000 195.368900 142 102 110
-1.600800 3.161000 195.369100 115 90 71
-1.598400 3.156800 195.368400 109 80 93
-1.597800 3.159900 195.368500 133 92 103
-1.597600 3.155800 195.368600 130 101 94
-1.597600 3.157900 195.368600 124 105 88
-1.597400 3.158900 195.368600 154 117 113
-1.596900 3.017500 195.368800 154 116 109
-1.595000 3.025100 195.369300 157 117 123
-1.594300 3.154500 195.369200 143 113 98
-1.593100 3.093200 195.369300 131 101 103
-1.592600 3.096400 195.369400 135 119 126
-1.592300 3.085800 195.369400 147 112 128
-1.591100 3.090000 195.369600 150 112 118
-1.590600 3.163800 195.369900 137 90 103
-1.590100 3.086900 195.369800 149 117 135
-1.589400 3.089100 195.370000 149 106 97
-1.589000 3.088000 195.370000 138 107 83
-1.589000 3.153300 195.370200 126 110 77
-1.588100 3.154400 195.369300 138 95 94
-1.587400 3.093300 195.369300 117 77 88
-1.587100 3.085900 195.369300 132 98 109
-1.587000 3.091200 195.369300 137 122 103
-1.586800 3.161600 195.369600 125 98 96
-1.586500 3.096500 195.369500 146 125 123
-1.586200 3.025700 195.369900 146 115 122
-1.586200 3.092200 195.369500 122 117 108
-1.585800 3.086900 195.369500 149 119 111
-1.585800 3.090100 195.369600 137 107 103
-1.585700 3.089100 195.369600 137 103 93
-1.585700 3.163700 195.369700 149 101 106
-1.585300 3.095300 195.369700 109 87 96
-1.585300 3.162600 195.369800 147 96 108
-1.585000 3.067900 195.369500 139 109 123
-1.584800 3.088100 195.369700 149 117 113
-1.584600 3.063600 195.369600 142 123 123
-1.584300 3.108100 195.370000 124 87 94
-1.584000 3.097600 195.370000 131 112 111
-1.583400 3.153100 195.370200 107 77 80
-1.583300 3.156400 195.369100 135 100 96
-1.583100 3.057200 195.369800 138 111 107
-1.583100 3.109000 195.370200 122 85 103
-1.582300 3.110000 195.370300 119 94 77
-1.582000 3.041000 195.369800 121 110 111
-1.581800 3.143500 195.370500 134 107 106
-1.581700 3.142300 195.370500 119 91 94
-1.581500 3.052900 195.370000 121 96 96
-1.581400 3.154200 195.369500 141 75 117
-1.580900 3.137000 195.370700 138 125 126
-1.580800 3.111100 195.370700 151 132 121
-1.580700 3.144500 195.370700 126 98 103
-1.580600 3.051900 195.370200 135 101 122
-1.580600 3.152000 195.370700 103 74 72
-1.580300 3.138100 195.370800 136 122 105
-1.580300 3.163500 195.369700 119 87 84
-1.580200 3.089300 195.369500 139 109 123
-1.580200 3.091300 195.369600 140 106 117
-1.580000 3.087100 195.369600 131 88 88
-1.580000 3.162400 195.369700 147 98 112
-1.579900 3.115300 195.370800 138 122 122
-1.579900 3.119600 195.370800 153 131 117
-1.579900 3.122700 195.370900 151 124 116
-1.579900 3.145600 195.370900 148 119 123
-1.579700 3.108100 195.369700 135 113 96
-1.579700 3.109000 195.369700 142 112 109
-1.579600 3.092300 195.369700 138 108 109
-1.579600 3.114300 195.370900 148 128 131
-1.579600 3.146600 195.370900 137 111 109
-1.579500 3.117400 195.370900 142 120 127
-1.579500 3.120600 195.370900 148 129 116
-1.579400 3.090200 195.369700 142 99 109
-1.579400 3.098700 195.370800 137 101 114
-1.579400 3.112100 195.370900 155 140 119
-1.579400 3.116300 195.370900 159 127 141
-1.579400 3.147700 195.370900 123 101 102
-1.579400 3.150900 195.370900 109 69 60
-1.579300 3.113300 195.370900 158 146 129
-1.579200 3.050900 195.370500 136 118 107
-1.579200 3.118400 195.371000 152 119 121
-1.579100 3.096600 195.369800 134 111 97
-1.579100 3.121700 195.371000 143 117 107
-1.578900 3.148800 195.371100 136 116 107
-1.578900 3.149900 195.371100 125 108 109
-1.578800 3.088300 195.369800 149 103 102
-1.578800 3.110000 195.369900 126 104 92
-1.578800 3.153000 195.370000 135 85 95
-1.578500 3.094400 195.369900 115 92 95
-1.578500 3.095400 195.369900 133 105 126
-1.578400 3.107000 195.370000 130 111 97
-1.578000 3.097700 195.370000 124 107 106
-1.577700 3.069200 195.369900 142 108 110
-1.577500 3.143400 195.370200 147 116 120
-1.577300 3.068100 195.369900 138 111 114
-1.577200 3.063900 195.369900 139 119 121
-1.577200 3.070200 195.370000 133 104 94
-1.577200 3.156200 195.369200 140 109 97
-1.577100 3.151900 195.370300 128 95 89
-1.577100 3.155200 195.369200 135 105 106
-1.577000 3.141200 195.370300 116 81 110
-1.576800 3.018000 195.370400 139 110 122
-1.576800 3.111200 195.370300 111 91 103
-1.576800 3.142200 195.370400 108 73 84
-1.576700 3.064900 195.370000 121 104 123
-1.576600 3.067100 195.370000 152 121 133
-1.576600 3.071300 195.370100 124 98 62
-1.576600 3.157300 195.369300 131 98 110
-1.576500 3.066000 195.370000 134 84 121
-1.576400 3.106100 195.370300 102 80 71
-1.576400 3.144500 195.370500 154 112 117
-1.576400 3.154100 195.369300 118 80 87
-1.576300 3.083000 195.370200 132 88 80
-1.576200 3.033700 195.370800 134 100 103
-1.576200 3.140100 195.370500 102 73 50
-1.576100 3.076400 195.370200 119 106 59
-1.576100 3.135900 195.370500 129 100 98
-1.576000 3.073200 195.370200 112 96 94
-1.575600 3.136900 195.370600 128 64 95
-1.575500 3.145500 195.370600 147 99 103
-1.575400 3.075400 195.370300 140 119 108
-1.575400 3.105000 195.370600 103 75 85
-1.575400 3.109100 195.369500 121 83 77
-1.575400 3.134700 195.370700 131 75 75
-1.575400 3.146500 195.370700 146 101 112
-1.575300 3.074300 195.370300 118 80 90
-1.575200 3.035800 195.371000 130 82 111
-1.575200 3.110100 195.369500 117 82 83
-1.575200 3.153000 195.369600 127 92 78
-1.575100 3.108100 195.369500 125 81 93
-1.575100 3.138000 195.370700 106 81 76
-1.575000 3.072300 195.370400 123 103 95
-1.575000 3.098800 195.370600 118 88 102
-1.575000 3.139000 195.370700 93 73 59
-1.574900 3.054300 195.370200 127 99 113
-1.574900 3.150800 195.370800 121 97 77
-1.574800 3.112100 195.370700 109 98 110
-1.574700 3.114300 195.370700 113 77 87
-1.574700 3.118400 195.370800 91 67 49
-1.574700 3.119500 195.370800 92 68 53
-1.574700 3.122700 195.370800 127 99 99
-1.574600 3.056500 195.370300 138 115 109
-1.574600 3.151900 195.369700 130 90 74
-1.574500 3.113300 195.370800 103 90 89
-1.574400 3.107100 195.369700 118 78 81
-1.574300 3.055400 195.370300 126 102 114
-1.574100 3.121700 195.370900 122 111 102
-1.574000 3.078600 195.371700 90 75 60
-1.574000 3.089400 195.369600 132 110 116
-1.574000 3.091400 195.369600 121 108 104
-1.574000 3.097800 195.369700 129 104 89
-1.574000 3.099900 195.370800 104 85 75
-1.574000 3.120600 195.370900 121 85 79
-1.574000 3.123800 195.370900 142 94 98
-1.573900 3.115300 195.370900 111 75 86
-1.573800 3.092500 195.369700 139 116 96
-1.573800 3.116300 195.370900 117 72 89
-1.573800 3.143300 195.369900 108 98 94
-1.573500 3.053200 195.370500 129 99 103
-1.573000 3.044700 195.370500 151 117 113
-1.573000 3.059800 195.370700 157 119 95
-1.572800 3.052300 195.370600 136 113 123
-1.572400 3.014200 195.371200 137 110 107
-1.572400 3.026600 195.370300 138 105 103
-1.572400 3.040500 195.370500 135 111 104
-1.572300 3.027700 195.370300 144 113 121
-1.572200 3.022400 195.370300 153 122 110
-1.572100 3.030900 195.370500 136 110 99
-1.571900 3.011000 195.371200 133 87 100
-1.571700 3.051200 195.370800 156 119 120
-1.571600 3.010100 195.371300 118 76 103
-1.571600 3.031900 195.370600 135 119 79
-1.571500 3.049200 195.370800 123 99 94
-1.571200 3.028700 195.370600 129 87 111
-1.571000 3.029800 195.370700 140 97 113
-1.570500 3.033000 195.370800 124 106 90
-1.570200 3.013300 195.371600 144 115 114
-1.570000 3.012200 195.371700 138 113 129
-1.569600 3.037300 195.371000 132 116 96
-1.568900 3.034200 195.371100 162 92 103
-1.568200 3.013400 195.370900 142 115 124
-1.567900 3.011300 195.370900 135 112 104
-1.567800 3.010400 195.370900 130 112 114
-1.715000 3.058000 196.627100 85 54 33
-1.714800 3.118900 196.604900 51 49 49
-1.714700 3.121300 196.604900 91 61 79
-1.714700 3.154300 196.603700 135 119 138
-1.714600 3.065700 196.624700 48 52 37
-1.714300 3.038000 196.627500 58 45 19
-1.714300 3.051700 196.626100 61 47 43
-1.714300 3.059100 196.623700 66 43 44
-1.714300 3.122500 196.604600 77 47 75
-1.714300 3.162100 196.603600 158 149 168
-1.714100 3.023800 196.628700 68 46 21
-1.714100 3.150700 196.603200 112 97 81
-1.714100 3.153100 196.603300 157 121 133
-1.714000 3.023900 196.614200 72 42 60
-1.714000 3.031000 196.611700 50 43 53
-1.714000 3.040600 196.606900 41 21 36
-1.714000 3.047700 196.606700 38 22 28
-1.714000 3.068300 196.606300 22 48 27
-1.714000 3.078900 196.606200 61 50 47
-1.714000 3.084600 196.606000 73 54 77
-1.713900 3.045400 196.625100 90 40 61
-1.713900 3.045500 196.621400 66 44 61
-1.713900 3.076600 196.606100 57 33 39
-1.713900 3.085800 196.606000 72 45 85
-1.713800 3.038800 196.620300 70 42 53
-1.713800 3.044100 196.606600 28 17 29
-1.713800 3.080100 196.606000 77 38 56
-1.713700 3.024000 196.607300 43 22 35
-1.713700 3.045300 196.606600 20 24 41
-1.713700 3.083500 196.605900 64 51 80
-1.713700 3.088000 196.605900 66 58 65
-1.713600 3.012600 196.605900 52 63 35
-1.713600 3.031300 196.606900 40 34 34
-1.713600 3.034800 196.606800 26 28 20
-1.713600 3.086900 196.605800 80 54 100
-1.713600 3.091600 196.605800 78 61 83
-1.713600 3.157600 196.603100 150 131 157
-1.713500 3.018300 196.607300 47 32 33
-1.713500 3.022900 196.607100 21 24 39
-1.713500 3.030100 196.606900 33 28 25
-1.713500 3.032500 196.606800 32 22 27
-1.713500 3.052900 196.622700 52 54 50
-1.713500 3.123600 196.604100 88 71 88
-1.713500 3.128500 196.604100 93 68 88
-1.713400 3.033600 196.606700 32 26 23
-1.713400 3.124800 196.604000 92 81 89
-1.713300 3.017600 196.609600 74 35 59
-1.713300 3.026500 196.606900 35 22 31
-1.713300 3.032200 196.615600 66 43 56
-1.713300 3.039700 196.624200 52 52 47
-1.713200 3.017800 196.616900 23 52 32
-1.713200 3.025300 196.606900 57 29 40
-1.713200 3.052400 196.606100 48 42 31
-1.713200 3.073100 196.605700 52 36 60
-1.713200 3.074300 196.605700 71 42 59
-1.713200 3.159700 196.602800 149 143 155
-1.713100 3.012600 196.607300 24 26 22
-1.713000 3.071900 196.605600 49 34 59
-1.712900 3.018200 196.627900 83 43 38
-1.712900 3.025700 196.618200 54 47 36
-1.712900 3.032800 196.619400 81 40 44
-1.712900 3.089300 196.605300 83 65 79
-1.712800 3.017300 196.606900 62 27 43
-1.712700 3.011400 196.607100 48 21 28
-1.712600 3.016000 196.606800 40 25 35
-1.712500 3.160900 196.602400 153 145 161
-1.712400 3.012000 196.616000 55 43 51
-1.712400 3.033700 196.626900 56 43 48
-1.712400 3.090500 196.605100 88 72 94
-1.712300 3.020700 196.606400 29 21 31
-1.712200 3.126100 196.603300 99 78 84
-1.712000 3.021800 196.606200 23 28 41
-1.711800 3.027500 196.622300 54 47 33
-1.711800 3.034700 196.623500 44 48 35
-1.711700 3.013200 196.627200 68 43 61
-1.711700 3.020300 196.621100 69 41 65
-1.711500 3.009100 196.608000 57 67 54
-1.711500 3.013600 196.623600 57 46 48
-1.711500 3.020600 196.624800 42 41 37
-1.711300 3.013900 196.620000 71 37 76
-1.711300 3.028300 196.626100 62 47 36
-1.711300 3.158600 196.601600 145 140 149
-1.711000 3.127200 196.602600 107 86 98
-1.710700 3.097400 196.603900 102 91 102
-1.710600 3.008300 196.622800 54 43 46
-1.710400 3.020800 196.606900 57 53 68
-1.709900 3.009300 196.626700 85 27 74
-1.709900 3.029100 196.606300 95 67 69
-1.709900 3.031600 196.606200 71 61 75
-1.709900 3.032600 196.606200 83 68 75
-1.709800 3.049000 196.605600 115 90 104
-1.709700 3.046700 196.605700 109 91 117
-1.709700 3.096200 196.603200 106 83 95
-1.709600 3.019700 196.606400 57 54 76
-1.709500 3.016200 196.606500 46 57 70
-1.709500 3.022000 196.606300 63 65 73
-1.709500 3.036200 196.605800 99 62 82
-1.709400 3.043200 196.605500 106 86 104
-1.709300 3.026700 196.605900 64 67 69
-1.709300 3.040800 196.605500 93 73 103
-1.709200 3.017500 196.606200 66 55 68
-1.709200 3.030300 196.605800 76 49 66
-1.709000 3.008200 196.606500 59 53 46
-1.709000 3.025500 196.605800 81 74 75
-1.709000 3.095100 196.602800 105 82 90
-1.708800 3.010500 196.606300 60 56 49
-1.708700 3.044400 196.605100 106 82 95
-1.708700 3.098500 196.602600 112 108 113
-1.708600 3.056000 196.604700 125 108 132
-1.708500 3.039700 196.605100 86 67 81
-1.708300 3.053800 196.604600 111 95 112
-1.708300 3.153400 196.606500 29 44 31
-1.708100 3.035100 196.604900 101 70 86
-1.708100 3.100700 196.602300 119 103 112
-1.707900 3.057200 196.604200 136 106 134
-1.707900 3.059600 196.604200 127 119 112
-1.707600 3.099600 196.601900 109 103 108
-1.707600 3.132000 196.600400 115 106 120
-1.707400 3.060700 196.603900 124 119 119
-1.707000 3.058400 196.603700 125 101 126
-1.706800 3.034000 196.604100 80 63 63
-1.706700 3.105100 196.601300 144 118 149
-1.706200 3.102900 196.601000 133 111 134
-1.706100 3.052700 196.603200 105 93 100
-1.706000 3.104000 196.600900 135 113 146
-1.705900 3.064000 196.602900 151 123 147
-1.705900 3.106200 196.600800 147 129 146
-1.705800 3.061900 196.602800 119 115 125
-1.705500 3.063000 196.602600 137 119 134
-1.705500 3.101900 196.600600 136 111 121
-1.705300 3.130300 196.606800 21 50 40
-1.705300 3.151000 196.606400 33 40 28
-1.705100 3.135400 196.598900 119 122 118
-1.705000 3.069800 196.602100 136 130 144
-1.704100 3.066300 196.601700 147 119 137
-1.704100 3.109700 196.599700 149 134 142
-1.704000 3.126100 196.606200 44 35 27
-1.703900 3.068600 196.601500 140 131 136
-1.703800 3.065100 196.601500 144 122 135
-1.703800 3.108600 196.599500 147 131 137
-1.703600 3.067500 196.601300 134 119 129
-1.702900 3.107400 196.598900 138 131 133
-1.702700 3.110800 196.598800 146 144 150
-1.702500 3.111900 196.598700 154 143 154
-1.702200 3.081500 196.600300 181 158 164
-1.701300 3.037800 196.606800 35 24 27
-1.700900 3.060600 196.606900 24 30 30
-1.700800 3.113000 196.597600 158 148 171
-1.700500 3.124800 196.606300 43 36 28
-1.700100 3.079200 196.598900 172 158 160
-1.700100 3.138800 196.595800 168 144 172
-1.699900 3.153300 196.607300 45 32 44
-1.699800 3.078100 196.598700 160 149 158
-1.699300 3.114200 196.596600 166 152 178
-1.698800 3.117700 196.596300 148 163 153
-1.698300 3.075900 196.597800 162 145 161
-1.698300 3.115400 196.596000 171 148 173
-1.698300 3.156100 196.595000 209 203 223
-1.697900 3.155000 196.594600 213 199 227
-1.697800 3.077000 196.597500 157 135 161
-1.697700 3.074800 196.597500 154 142 159
-1.697600 3.036900 196.606900 22 33 33
-1.697600 3.150500 196.607000 45 33 41
-1.697500 3.120000 196.595500 184 168 163
-1.697400 3.058900 196.606900 48 24 37
-1.697300 3.161500 196.594400 234 212 242
-1.697200 3.162700 196.594400 238 209 234
-1.697100 3.149200 196.594000 212 186 188
-1.697000 3.085000 196.596900 188 170 180
-1.696900 3.103200 196.606800 63 29 36
-1.696700 3.124800 196.606600 42 41 42
-1.696700 3.151500 196.593800 232 203 221
-1.696700 3.157200 196.593900 228 232 245
-1.696500 3.086200 196.596500 179 172 170
-1.696400 3.088300 196.596500 185 170 173
-1.696200 3.160400 196.593700 220 214 232
-1.695900 3.087200 196.596200 166 172 161
-1.695800 3.116500 196.594400 162 157 168
-1.695800 3.159200 196.593400 223 220 227
-1.695700 3.158100 196.593300 238 220 222
-1.695600 3.012600 196.599400 162 159 159
-1.695500 3.013800 196.599300 167 155 157
-1.695300 3.121200 196.594100 195 170 181
-1.695300 3.152700 196.592900 220 199 220
-1.695100 3.055500 196.606600 67 18 49
-1.695000 3.015000 196.598900 169 148 157
-1.695000 3.017200 196.598900 163 161 143
-1.694900 3.118800 196.593900 157 163 146
-1.694800 3.122400 196.593800 197 161 180
-1.694500 3.153800 196.592400 228 201 235
-1.694300 3.150300 196.592300 227 194 205
-1.694200 3.024000 196.598000 175 162 161
-1.694200 3.078700 196.606800 25 37 34
-1.694000 3.010400 196.598500 175 161 170
-1.693800 3.019600 196.598000 170 162 164
-1.693800 3.022900 196.597900 174 164 160
-1.693700 3.021800 196.597800 176 161 166
-1.693700 3.101200 196.606800 62 34 46
-1.693500 3.036800 196.607300 51 24 31
-1.693500 3.089600 196.594600 191 166 174
-1.693500 3.091900 196.594600 189 179 195
-1.693100 3.124700 196.592700 184 175 175
-1.692900 3.090800 196.594300 195 169 186
-1.692800 3.028900 196.597000 166 163 167
-1.692700 3.018600 196.597300 169 168 167
-1.692700 3.025300 196.597100 187 168 171
-1.692700 3.123500 196.592500 201 177 186
-1.692400 3.011600 196.597400 170 158 170
-1.692400 3.125000 196.607100 52 43 48
-1.692300 3.020800 196.597000 181 168 182
-1.692300 3.152600 196.607800 28 38 31
-1.692200 3.146200 196.606800 43 37 35
-1.692000 3.008400 196.597200 164 157 151
-1.691900 3.033600 196.596300 179 173 176
-1.691800 3.119200 196.606200 46 34 42
-1.691700 3.032600 196.596200 183 167 173
-1.691400 3.054400 196.606700 52 25 40
-1.691400 3.125900 196.591700 193 187 186
-1.691200 3.026600 196.596100 171 161 168
-1.691200 3.097600 196.593100 206 188 199
-1.691100 3.128300 196.591500 204 192 208
-1.691000 3.042900 196.595500 205 180 192
-1.690900 3.038400 196.595500 190 170 183
-1.690800 3.034100 196.607100 45 28 37
-1.690600 3.030200 196.595500 167 170 161
-1.690400 3.045200 196.595000 206 181 188
-1.690300 3.039500 196.595100 190 166 175
-1.690300 3.078500 196.607100 15 41 29
-1.690200 3.041800 196.595000 195 174 193
-1.690200 3.127100 196.591000 177 176 179
-1.690100 3.027800 196.595400 163 163 174
-1.690100 3.044100 196.594800 202 179 178
-1.690000 3.100200 196.607000 46 37 52
-1.689800 3.037300 196.594800 186 162 181
-1.689700 3.031400 196.595000 189 172 179
-1.689600 3.047600 196.594400 198 185 190
-1.689500 3.054600 196.594200 214 193 198
-1.689200 3.048800 196.594100 197 179 188
-1.689000 3.056800 196.593800 216 196 207
-1.688800 3.050000 196.593900 212 192 209
-1.688400 3.098700 196.591300 209 195 206
-1.688400 3.145600 196.607100 41 36 34
-1.688300 3.036200 196.593900 192 166 183
-1.688300 3.040700 196.593800 187 167 174
-1.688300 3.095400 196.591300 205 193 194
-1.688300 3.100900 196.591200 247 197 225
-1.688100 3.059100 196.593200 210 200 205
-1.688000 3.035000 196.593700 177 173 176
-1.687900 3.011100 196.607300 29 18 27
-1.687900 3.032300 196.607100 47 19 33
-1.687800 3.046500 196.593300 199 185 198
-1.687700 3.053400 196.606900 29 24 35
-1.687700 3.131800 196.589400 210 199 214
-1.687500 3.130600 196.589300 221 202 207
-1.687200 3.099800 196.590500 221 191 208
-1.687200 3.119700 196.606700 50 26 37
-1.687000 3.052300 196.592700 211 183 195
-1.687000 3.058000 196.592500 214 200 206
-1.686700 3.055800 196.592400 201 197 204
-1.686700 3.076900 196.607200 35 34 30
-1.686600 3.053500 196.592400 204 195 198
-1.686500 3.051200 196.592400 208 192 195
-1.686500 3.098600 196.607000 57 25 49
-1.686300 3.142500 196.606800 36 34 35
-1.686100 3.060400 196.591900 225 214 220
-1.685600 3.105300 196.589500 250 239 245
-1.685400 3.061500 196.591400 220 206 215
-1.684900 3.102100 196.589100 255 232 239
-1.684700 3.063700 196.591000 234 213 216
-1.684600 3.030500 196.607100 37 19 22
-1.684600 3.064700 196.590800 233 208 214
-1.684400 3.103000 196.588800 255 240 253
-1.684400 3.104100 196.588700 255 252 255
-1.684200 3.052300 196.607100 43 24 38
-1.684200 3.134100 196.587200 220 208 214
-1.684100 3.069300 196.590400 244 214 221
-1.684100 3.106400 196.588500 240 212 225
-1.684100 3.135200 196.587100 226 205 209
-1.684000 3.062600 196.590500 231 210 216
-1.683800 3.074700 196.607100 66 16 37
-1.683700 3.136200 196.586900 236 211 216
-1.683100 3.067000 196.589900 239 218 225
-1.683000 3.011900 196.607800 17 26 27
-1.683000 3.097500 196.607200 21 29 39
-1.683000 3.108600 196.587900 251 222 233
-1.683000 3.140900 196.586500 227 210 206
-1.682600 3.065900 196.589500 226 207 218
-1.682600 3.109700 196.587600 237 233 231
-1.682600 3.120000 196.607200 56 27 44
-1.682400 3.068200 196.589400 228 204 212
-1.682300 3.107600 196.587400 239 221 228
-1.682100 3.110800 196.587300 243 236 230
-1.682000 3.137400 196.585800 219 199 214
-1.681900 3.111900 196.587100 255 235 241
-1.681900 3.142900 196.607200 40 35 35
-1.681500 3.139700 196.585500 219 221 205
-1.681200 3.138500 196.585300 220 212 212
-1.681200 3.143100 196.585400 219 220 211
-1.681000 3.029000 196.607200 42 22 43
-1.681000 3.082000 196.588300 251 233 218
-1.681000 3.094000 196.606800 22 31 36
-1.681000 3.142000 196.585300 224 216 216
-1.680500 3.116300 196.606800 54 29 41
-1.680500 3.157700 196.585200 213 203 199
-1.680300 3.138600 196.606700 33 27 37
-1.680100 3.074100 196.587800 255 252 251
-1.680000 3.052200 196.607400 32 24 37
-1.680000 3.113100 196.585900 255 236 248
-1.679900 3.072900 196.587800 255 253 255
-1.679900 3.073500 196.607300 70 15 41
-1.679900 3.161000 196.584900 231 197 219
-1.679800 3.079800 196.587600 248 231 237
-1.679800 3.144200 196.584500 228 215 209
-1.679800 3.155600 196.584800 199 205 179
-1.679700 3.115400 196.585800 255 252 255
-1.679700 3.156700 196.584700 210 201 198
-1.679700 3.159900 196.584800 219 206 201
-1.679600 3.145400 196.584400 248 221 223
-1.679600 3.154500 196.584600 199 203 180
-1.679400 3.147700 196.584400 223 203 200
-1.679200 3.148800 196.584300 222 211 198
-1.679200 3.158700 196.584500 203 200 187
-1.679000 3.080900 196.587000 244 236 231
-1.679000 3.162100 196.584400 209 186 204
-1.678900 3.146500 196.584000 250 213 221
-1.678800 3.078700 196.586900 252 245 247
-1.678700 3.114300 196.585200 255 255 255
-1.678700 3.152200 196.584000 237 211 214
-1.678500 3.163300 196.584100 207 207 198
-1.678300 3.151100 196.583700 234 216 207
-1.678100 3.117600 196.584800 243 236 220
-1.678000 3.149900 196.583500 231 218 206
-1.677800 3.076400 196.586300 238 233 233
-1.677800 3.077500 196.586300 252 233 233
-1.677800 3.153300 196.583400 218 204 197
-1.677600 3.028100 196.607400 29 16 39
-1.677600 3.136000 196.606500 51 28 47
-1.677500 3.049600 196.607300 25 23 24
-1.677500 3.075300 196.586100 240 232 238
-1.677400 3.088600 196.585900 238 237 217
-1.677300 3.116500 196.584300 255 246 250
-1.677000 3.071200 196.607100 36 17 39
-1.677000 3.121100 196.584100 232 233 218
-1.676900 3.122300 196.584000 255 240 218
-1.676600 3.120000 196.583800 244 245 240
-1.676500 3.125800 196.583800 190 185 166
-1.676400 3.118800 196.583700 255 249 221
-1.676400 3.131600 196.583800 201 184 171
-1.676200 3.085400 196.585200 239 228 216
-1.676200 3.116000 196.607100 37 33 31
-1.676200 3.134000 196.583700 168 168 176
-1.676000 3.094800 196.607400 35 26 33
-1.675900 3.015100 196.588300 210 210 205
-1.675800 3.086600 196.585000 255 245 229
-1.675700 3.128200 196.583400 215 209 176
-1.675500 3.124600 196.583100 235 216 207
-1.675400 3.087600 196.584700 255 234 210
-1.675400 3.123400 196.583100 255 239 216
-1.675400 3.143000 196.583300 139 121 135
-1.675100 3.010700 196.588000 255 219 241
-1.675000 3.132700 196.582900 180 179 163
-1.675000 3.145300 196.583100 159 138 160
-1.674700 3.127000 196.582600 218 217 185
-1.674700 3.129300 196.582700 218 198 204
-1.674400 3.136100 196.582600 181 150 148
-1.674400 3.137300 196.582600 171 150 148
-1.674400 3.147600 196.582700 173 130 159
-1.674300 3.018600 196.587200 218 201 193
-1.674300 3.047500 196.607200 23 18 25
-1.674300 3.091100 196.583900 247 233 218
-1.674200 3.089900 196.583900 231 233 205
-1.674200 3.139600 196.582500 150 135 129
-1.674200 3.144100 196.582500 141 142 140
-1.674200 3.146400 196.582600 162 138 152
-1.674200 3.151000 196.582700 200 172 183
-1.674200 3.164200 196.583000 255 255 255
-1.674000 3.130400 196.582300 213 192 166
-1.674000 3.148700 196.582500 206 171 196
-1.674000 3.158600 196.582700 244 231 247
-1.674000 3.163100 196.589300 24 20 16
-1.674000 3.163100 196.590900 20 3 5
-1.673800 3.141900 196.582300 146 124 135
-1.673800 3.154400 196.582500 234 199 226
-1.673700 3.093400 196.583600 231 224 204
-1.673700 3.095600 196.583600 232 210 199
-1.673700 3.113100 196.606900 22 33 41
-1.673700 3.155500 196.582500 219 202 210
-1.673600 3.097900 196.583500 207 198 190
-1.673600 3.135000 196.582100 173 154 155
-1.673600 3.140800 196.582100 172 136 135
-1.673600 3.159700 196.582500 255 244 244
-1.673500 3.157500 196.582400 244 226 241
-1.673500 3.163100 196.582500 255 255 255
-1.673400 3.152100 196.582200 217 180 202
-1.673400 3.155400 196.588700 21 21 20
-1.673300 3.101000 196.583300 233 201 209
-1.673300 3.152100 196.588500 36 24 17
-1.673300 3.156500 196.582200 243 220 228
-1.673200 3.017500 196.586500 233 209 200
-1.673200 3.133900 196.583400 209 191 210
-1.673100 3.008700 196.586800 228 207 204
-1.673100 3.025300 196.586200 240 216 205
-1.673100 3.129300 196.583300 203 169 188
-1.673100 3.131600 196.583300 222 177 207
-1.673100 3.149800 196.582000 177 153 171
-1.673100 3.161900 196.582200 255 255 255
-1.673000 3.014200 196.586500 214 210 205
-1.673000 3.020900 196.586200 249 219 227
-1.673000 3.071000 196.607500 34 23 42
-1.672900 3.024300 196.586100 235 205 205
-1.672900 3.028500 196.607900 28 21 27
-1.672900 3.092200 196.583000 248 232 214
-1.672900 3.146400 196.586500 36 30 21
-1.672900 3.153200 196.581900 230 185 218
-1.672800 3.013000 196.586500 227 217 214
-1.672800 3.093000 196.607400 43 23 33
-1.672800 3.094500 196.583000 231 222 205
-1.672800 3.102200 196.582900 255 250 236
-1.672800 3.112000 196.583000 139 137 146
-1.672700 3.026500 196.585900 216 207 206
-1.672700 3.138400 196.581600 150 121 135
-1.672700 3.160800 196.582000 255 255 255
-1.672600 3.108700 196.582800 161 141 112
-1.672600 3.160800 196.583500 218 204 179
-1.672500 3.096700 196.582800 236 213 202
-1.672500 3.098900 196.582800 205 195 191
-1.672500 3.107600 196.582700 176 143 126
-1.672500 3.110900 196.582700 163 143 152
-1.672400 3.034700 196.585400 230 201 204
-1.672400 3.106400 196.582700 179 166 164
-1.672400 3.138300 196.591000 6 11 2
-1.672300 3.016500 196.586000 231 207 201
-1.672300 3.030100 196.585500 225 203 205
-1.672300 3.140700 196.587700 29 20 24
-1.672200 3.011900 196.586100 252 228 240
-1.672200 3.035900 196.585300 211 196 204
-1.672200 3.100000 196.582500 220 190 194
-1.672200 3.113100 196.582600 161 151 162
-1.672200 3.121100 196.582600 117 111 128
-1.672200 3.122300 196.582600 158 117 132
-1.672100 3.128100 196.582600 186 166 173
-1.672000 3.032400 196.585300 187 200 189
-1.672000 3.117600 196.582500 142 135 145
-1.672000 3.142900 196.582800 255 255 255
-1.672000 3.144100 196.582700 255 249 247
-1.672000 3.155400 196.583000 234 236 245
-1.671900 3.023200 196.585500 235 218 220
-1.671900 3.109800 196.582400 148 151 112
-1.671900 3.135000 196.582500 244 203 220
-1.671900 3.136100 196.582600 245 213 231
-1.671900 3.147500 196.582800 255 255 255
-1.671800 3.022100 196.585400 255 234 237
-1.671800 3.033700 196.585100 224 201 193
-1.671800 3.105400 196.582400 217 212 218
-1.671700 3.043800 196.584700 230 208 205
-1.671700 3.126900 196.588800 22 19 16
-1.671700 3.146400 196.582600 255 255 255
-1.671700 3.154300 196.582800 251 243 245
-1.671600 3.023200 196.607200 16 22 23
-1.671600 3.042700 196.584700 210 193 196
-1.671500 3.020000 196.585400 255 228 235
-1.671500 3.037100 196.584800 228 210 213
-1.671500 3.055300 196.584300 218 190 187
-1.671500 3.104200 196.582100 245 244 245
-1.671500 3.126900 196.590200 20 15 6
-1.671500 3.132700 196.582300 232 191 216
-1.671500 3.154300 196.584200 66 72 35
-1.671400 3.039500 196.584600 216 210 212
-1.671400 3.120000 196.582100 119 110 135
-1.671400 3.155400 196.584200 28 78 45
-1.671300 3.009800 196.585700 238 207 215
-1.671300 3.116500 196.582000 139 135 140
-1.671300 3.123400 196.582100 143 100 109
-1.671300 3.124500 196.582100 149 129 154
-1.671300 3.140700 196.582300 255 241 255
-1.671300 3.149700 196.582400 255 248 255
-1.671200 3.115400 196.581900 160 146 148
-1.671100 3.028900 196.584800 217 202 202
-1.671100 3.049700 196.584200 186 187 184
-1.671100 3.050700 196.584100 191 192 185
-1.671100 3.118800 196.581900 152 131 138
-1.671100 3.125800 196.582000 151 145 135
-1.671100 3.126900 196.582000 192 160 152
-1.671100 3.153200 196.582400 255 253 234
-1.671000 3.027800 196.584800 207 196 210
-1.671000 3.123400 196.589900 34 16 22
-1.671000 3.142900 196.583700 156 163 137
-1.670900 3.103200 196.581700 255 250 245
-1.670900 3.114300 196.581800 203 175 180
-1.670800 3.057500 196.583800 213 179 188
-1.670800 3.059800 196.583700 181 179 171
-1.670800 3.130400 196.581800 213 180 198
-1.670700 3.046100 196.607300 49 23 58
-1.670700 3.065200 196.583600 176 157 155
-1.670600 3.040500 196.584100 193 198 201
-1.670600 3.046200 196.583900 210 193 199
-1.670600 3.095600 196.583200 171 160 187
-1.670600 3.138300 196.581800 251 214 245
-1.670600 3.149700 196.585100 37 27 8
-1.670500 3.031300 196.584400 214 214 209
-1.670500 3.038300 196.584100 236 212 212
-1.670500 3.145200 196.583400 141 134 123
-1.670400 3.054200 196.583600 191 174 184
-1.670400 3.056400 196.583600 191 172 168
-1.670400 3.119900 196.587900 33 34 19
-1.670300 3.048500 196.583700 210 195 201
-1.670300 3.066300 196.583300 175 162 166
-1.670300 3.067400 196.583300 177 163 178
-1.670300 3.110800 196.587800 31 20 27
-1.670300 3.144000 196.586500 23 11 10
-1.670200 3.062100 196.583300 185 167 165
-1.670200 3.144000 196.588000 32 18 15
-1.670100 3.045000 196.583600 211 192 195
-1.670100 3.136000 196.583000 217 207 187
-1.670000 3.061000 196.583300 187 173 153
-1.670000 3.128100 196.582900 249 232 250
-1.669900 3.041700 196.583600 211 201 210
-1.669900 3.068900 196.607400 28 26 32
-1.669900 3.080000 196.582900 154 135 127
-1.669900 3.088800 196.582800 152 140 146
-1.669900 3.104200 196.589100 15 20 21
-1.669900 3.137200 196.582900 213 202 192
-1.669900 3.149700 196.586300 29 19 25
-1.669800 3.068500 196.582900 179 161 168
-1.669700 3.053100 196.583200 212 195 191
-1.669700 3.087700 196.582600 142 132 118
-1.669600 3.058700 196.582900 187 173 176
-1.669600 3.064200 196.582900 191 172 185
-1.669600 3.069700 196.582800 179 159 140
-1.669600 3.078900 196.582600 169 139 129
-1.669600 3.101100 196.585700 75 59 49
-1.669600 3.101100 196.587300 41 27 14
-1.669600 3.107600 196.582500 221 212 213
-1.669600 3.132700 196.582600 235 223 224
-1.669500 3.047300 196.583200 215 186 198
-1.669500 3.133900 196.582600 222 212 218
-1.669500 3.133900 196.584200 74 36 51
-1.669400 3.051900 196.583100 200 184 176
-1.669400 3.097900 196.582400 180 152 184
-1.669300 3.075500 196.582500 152 133 131
-1.669300 3.090000 196.582400 147 123 142
-1.669300 3.121100 196.582400 253 252 255
-1.669200 3.081200 196.582400 144 148 136
-1.669200 3.116500 196.582300 245 237 239
-1.669100 3.073200 196.582500 218 193 214
-1.669100 3.084500 196.582300 157 139 146
-1.669100 3.096700 196.588600 30 11 19
-1.669100 3.126900 196.582300 253 233 240
-1.669000 3.077700 196.582300 143 136 142
-1.669000 3.117600 196.582200 255 240 248
-1.669000 3.125800 196.582200 240 245 223
-1.668900 3.086700 196.582200 161 137 133
-1.668900 3.103200 196.582000 219 207 214
-1.668900 3.137200 196.583900 87 34 49
-1.668800 3.063200 196.582400 183 159 170
-1.668800 3.072000 196.582200 191 172 178
-1.668800 3.082300 196.582100 143 131 124
-1.668800 3.091200 196.582000 156 131 155
-1.668800 3.092300 196.582000 172 135 145
-1.668700 3.126900 196.583600 106 82 78
-1.668600 3.083300 196.582000 150 141 137
-1.668600 3.094500 196.588300 30 16 22
-1.668600 3.096800 196.581900 203 158 187
-1.668600 3.100000 196.581900 199 173 174
-1.668600 3.122300 196.583500 129 106 57
-1.668500 3.106500 196.581800 234 223 226
-1.668400 3.070900 196.582000 179 151 145
-1.668400 3.109800 196.583400 221 191 177
-1.668300 3.093400 196.581700 153 153 154
-1.668300 3.098900 196.581700 188 172 193
-1.668300 3.106400 196.583300 211 209 200
-1.668300 3.110900 196.583300 197 179 173
-1.668300 3.119900 196.583300 129 124 121
-1.668300 3.121100 196.588100 37 21 27
-1.668300 3.121100 196.589700 34 18 17
-1.668200 3.022100 196.607300 14 24 23
-1.668200 3.094600 196.581700 145 154 163
-1.668200 3.107600 196.583200 201 202 171
-1.668100 3.074400 196.581800 188 173 157
-1.668100 3.076700 196.581700 158 141 150
-1.667900 3.070900 196.583300 236 214 217
-1.667900 3.085600 196.581500 145 138 128
-1.667900 3.086700 196.587900 36 28 22
-1.667900 3.112000 196.584700 49 22 21
-1.667700 3.117600 196.582900 153 140 135
-1.667600 3.044700 196.607400 35 22 36
-1.667600 3.073200 196.589400 31 16 15
-1.667600 3.080000 196.589400 19 12 15
-1.667600 3.112000 196.586000 37 18 33
-1.667300 3.099000 196.582600 230 238 231
-1.667200 3.088800 196.582600 255 228 252
-1.667200 3.094600 196.582600 255 234 240
-1.667100 3.091200 196.582500 255 241 241
-1.667100 3.093500 196.582500 255 246 248
-1.667000 3.063200 196.582800 215 189 205
-1.666900 3.066400 196.582700 214 196 216
-1.666900 3.073300 196.590600 38 14 24
-1.666900 3.092300 196.582400 255 239 246
-1.666800 3.042900 196.583200 152 138 151
-1.666800 3.049800 196.583000 173 168 177
-1.666800 3.065300 196.585900 75 46 48
-1.666800 3.100000 196.582300 230 220 217
-1.666700 3.097900 196.587100 37 17 18
-1.666700 3.100000 196.583900 93 60 22
-1.666700 3.102200 196.588700 22 14 18
-1.666500 3.069800 196.582400 240 207 219
-1.666500 3.097900 196.588500 36 15 20
-1.666400 3.044000 196.582900 175 156 165
-1.666400 3.064300 196.582500 222 198 209
-1.666200 3.072100 196.582200 222 217 224
-1.666100 3.037400 196.582900 168 129 155
-1.666100 3.082400 196.582000 255 230 226
-1.666100 3.087800 196.583600 125 117 103
-1.666000 3.038500 196.582800 167 149 148
-1.666000 3.052100 196.582400 188 166 184
-1.666000 3.054400 196.582400 194 173 189
-1.666000 3.056600 196.582300 206 168 197
-1.665900 3.040800 196.582700 147 142 153
-1.665900 3.062200 196.582100 225 195 216
-1.665800 3.039700 196.582600 158 146 160
-1.665800 3.057700 196.582200 201 180 205
-1.665800 3.076700 196.581800 252 238 234
-1.665700 3.055500 196.582200 206 177 206
-1.665700 3.058800 196.582100 199 186 205
-1.665700 3.058800 196.586800 25 23 27
-1.665700 3.061100 196.582000 211 183 206
-1.665600 3.091200 196.586300 24 21 14
-1.665500 3.034000 196.582600 147 136 147
-1.665500 3.053300 196.582100 190 173 189
-1.665500 3.066400 196.583400 194 184 186
-1.665500 3.083400 196.583200 142 142 126
-1.665400 3.045300 196.582200 156 148 161
-1.665300 3.041900 196.582300 158 154 175
-1.665300 3.047600 196.582100 177 155 173
-1.665300 3.074400 196.583100 185 177 163
-1.665300 3.077800 196.583100 176 169 139
-1.665300 3.083400 196.584700 27 28 19
-1.665200 3.025800 196.582700 148 135 148
-1.665200 3.075600 196.583100 175 171 165
-1.665200 3.079000 196.583000 154 150 143
-1.665200 3.081200 196.583000 152 143 127
-1.665200 3.085600 196.584600 45 24 43
-1.665100 3.028200 196.582500 152 140 154
-1.665100 3.031700 196.582500 135 125 138
-1.665100 3.032800 196.582400 132 130 139
-1.665100 3.046400 196.582000 153 159 167
-1.665100 3.074500 196.581400 237 230 236
-1.665000 3.029300 196.582500 155 138 145
-1.664900 3.019200 196.582800 134 133 149
-1.664900 3.035100 196.582200 161 130 150
-1.664900 3.036200 196.582200 159 129 149
-1.664900 3.064400 196.583100 222 194 192
-1.664800 3.018000 196.582800 145 133 137
-1.664800 3.021400 196.582600 168 135 149
-1.664800 3.023700 196.582500 139 137 141
-1.664800 3.027000 196.582400 134 132 135
-1.664800 3.041900 196.588300 27 15 14
-1.664800 3.048800 196.581700 180 163 181
-1.664700 3.022600 196.582500 155 140 143
-1.664700 3.024800 196.582400 156 145 158
-1.664700 3.077800 196.585900 35 18 25
-1.664600 3.011400 196.582800 126 123 130
-1.664500 3.008200 196.582900 147 123 136
-1.664500 3.060000 196.581300 208 184 208
-1.664400 3.020400 196.582400 152 129 142
-1.664300 3.030600 196.582000 134 135 131
-1.664100 3.010400 196.582600 141 124 148
-1.664100 3.051100 196.581300 197 171 187
-1.664100 3.058900 196.582600 206 200 195
-1.664100 3.071000 196.584000 65 38 43
-1.664000 3.009300 196.582600 153 135 149
-1.664000 3.012500 196.582400 138 132 134
-1.664000 3.053300 196.582800 225 210 221
-1.664000 3.054500 196.582700 226 216 216
-1.664000 3.057800 196.582600 224 210 213
-1.664000 3.061200 196.582600 203 202 204
-1.664000 3.066400 196.587300 38 15 22
-1.663800 3.020500 196.583600 246 217 225
-1.663800 3.029400 196.588100 21 19 15
-1.663700 3.013600 196.582200 140 136 140
-1.663700 3.017100 196.582100 143 125 130
-1.663600 3.029400 196.589500 21 23 16
-1.663500 3.044200 196.582600 230 224 220
-1.663500 3.062300 196.587000 17 15 11
-1.663400 3.014800 196.582000 125 138 136
-1.663400 3.040900 196.582700 244 226 232
-1.663400 3.060100 196.582200 217 212 212
-1.663200 3.016000 196.581800 141 133 135
-1.663200 3.042000 196.582500 233 217 205
-1.663100 3.047600 196.582300 227 210 215
-1.663100 3.054500 196.590100 27 18 15
-1.662900 3.051100 196.582100 226 220 215
-1.662700 3.012600 196.583200 233 222 219
-1.662600 3.033000 196.582400 236 217 221
-1.662600 3.034200 196.582400 240 219 225
-1.662600 3.043200 196.583700 128 84 84
-1.662600 3.047700 196.583600 69 67 93
-1.662400 3.024900 196.582600 240 233 225
-1.662400 3.029500 196.582400 237 221 226
-1.662400 3.036400 196.582200 241 225 235
-1.662400 3.041000 196.583700 91 86 81
-1.662400 3.044200 196.583600 96 82 83
-1.662300 3.022700 196.582600 226 223 229
-1.662300 3.035300 196.582100 232 214 221
-1.662200 3.044200 196.586600 20 15 15
-1.662100 3.018200 196.582600 237 204 227
-1.662100 3.048900 196.586400 34 26 22
-1.662000 3.027100 196.582200 250 233 229
-1.661800 3.030700 196.582000 225 218 218
-1.661700 3.034200 196.583400 122 93 110
-1.661700 3.038700 196.584800 44 26 36
-1.661700 3.048900 196.584500 43 33 37
-1.661500 3.031900 196.583300 120 94 117
-1.661400 3.027200 196.583400 112 96 105
-1.661300 3.022700 196.583500 106 109 123
-1.661300 3.030700 196.584800 54 34 47
-1.661200 3.015000 196.582100 235 213 224
-1.661100 3.023900 196.583400 95 104 126
-1.661100 3.030700 196.586300 32 17 35
-1.660800 3.016100 196.581800 231 208 219
-1.660800 3.018300 196.583400 135 104 112
-1.660700 3.023900 196.584700 50 43 41
-1.660600 3.022800 196.584700 30 36 33
-1.660100 3.016200 196.583000 117 112 107
-1.660000 3.010600 196.583100 120 99 111
-1.659700 3.013900 196.582800 131 124 135
-1.659300 3.009600 196.589100 41 14 15
-1.714200 3.009000 196.629800 70 70 30
-1.670300 3.163800 196.634000 26 28 22
-1.669500 3.140500 196.634600 41 29 22
-1.669400 3.135800 196.634400 26 23 18
-1.668400 3.138000 196.635500 44 22 24
-1.667900 3.139200 196.635200 53 30 30
-1.666200 3.086500 196.635500 47 26 31
-1.666000 3.079800 196.635400 43 33 33
-1.666000 3.081000 196.635400 30 21 22
-1.666000 3.089900 196.635400 35 22 18
-1.665700 3.067400 196.635400 46 34 33
-1.665700 3.135700 196.635200 31 27 3
-1.665600 3.074200 196.635200 74 23 24
-1.665400 3.066200 196.635300 59 21 39
-1.665300 3.063100 196.635200 40 29 25
-1.664700 3.067400 196.636400 12 14 14
-1.664500 3.063100 196.636300 43 10 11
-1.664100 3.061000 196.636200 24 11 10
-1.663800 3.049800 196.634500 42 32 28
-1.663100 3.049800 196.635700 32 25 20
-1.662900 3.048600 196.635600 24 29 18
-1.662600 3.044000 196.635500 37 33 16
-1.662400 3.042900 196.635400 50 37 25
-1.662300 3.061000 196.636600 48 41 23
-1.662200 3.037400 196.635400 37 29 22
-1.662200 3.040700 196.635400 32 29 23
-1.661900 3.056500 196.636400 25 32 12
-1.661200 3.037400 196.636500 32 40 30
-1.661000 3.036200 196.636300 41 33 31
-1.660700 3.017100 196.635200 44 27 33
-1.660600 3.035100 196.636100 48 36 34
-1.660400 3.009400 196.635300 44 35 27
-1.660300 3.029400 196.636100 29 38 27
-1.658300 3.027100 196.636500 52 42 33
-1.579200 3.158500 196.634100 136 119 131
-1.579100 3.159600 196.634100 138 102 121
-1.579100 3.160700 196.634100 132 101 108
-1.579000 3.156400 196.633900 138 130 120
-1.578900 3.157500 196.633900 137 116 121
-1.578900 3.164000 196.634100 97 103 70
-1.578800 3.162900 196.634000 119 110 106
-1.578600 3.161800 196.633800 123 99 104
-1.576800 3.158400 196.634000 146 110 128
-1.576600 3.163900 196.634000 123 115 88
-1.576500 3.149300 196.633600 136 130 123
-1.576500 3.154300 196.633700 102 112 95
-1.576500 3.155300 196.633700 119 126 113
-1.576500 3.156400 196.633800 116 118 98
-1.576300 3.144000 196.633300 146 131 138
-1.576300 3.151400 196.633400 142 124 138
-1.576200 3.147100 196.633300 135 126 117
-1.576100 3.141800 196.633200 147 127 133
-1.576100 3.142900 196.633100 131 119 128
-1.576100 3.145000 196.633200 141 133 130
-1.576100 3.146000 196.633200 125 121 116
-1.576000 3.114900 196.634300 129 119 92
-1.576000 3.150300 196.633200 139 123 129
-1.576000 3.153400 196.633300 131 126 116
-1.575900 3.110800 196.634300 127 124 114
-1.575800 3.107700 196.634200 118 118 90
-1.575800 3.111800 196.634200 132 131 119
-1.575800 3.148200 196.633100 142 123 127
-1.575700 3.109700 196.634200 128 123 111
-1.575700 3.112800 196.634200 142 130 120
-1.575600 3.108700 196.634100 123 119 100
-1.575600 3.113900 196.634100 144 125 111
-1.575600 3.116000 196.634100 148 120 114
-1.575500 3.075500 196.634300 129 119 116
-1.575500 3.117100 196.634000 139 101 114
-1.575400 3.067100 196.634300 126 122 109
-1.575400 3.119300 196.634000 131 126 134
-1.575300 3.071200 196.634200 133 129 110
-1.575300 3.083000 196.634000 146 124 132
-1.575300 3.085000 196.634000 123 125 107
-1.575300 3.106600 196.633900 118 132 97
-1.575300 3.120300 196.633900 134 127 130
-1.575200 3.069000 196.634200 140 120 132
-1.575200 3.077700 196.634000 132 119 116
-1.575200 3.090100 196.633800 127 120 118
-1.575200 3.092300 196.633800 145 122 122
-1.575100 3.068100 196.634100 132 122 126
-1.575100 3.073300 196.634000 143 112 117
-1.575100 3.076600 196.633900 142 128 130
-1.575100 3.078700 196.633900 135 118 135
-1.575100 3.079800 196.633900 141 119 127
-1.575100 3.084000 196.633900 125 129 96
-1.575100 3.104600 196.633700 132 119 130
-1.575100 3.105700 196.633700 122 119 116
-1.575100 3.118100 196.633700 136 112 125
-1.575000 3.070200 196.634000 134 123 118
-1.575000 3.081900 196.633800 134 113 117
-1.575000 3.088100 196.633700 133 122 125
-1.574900 3.074400 196.633900 154 113 111
-1.574900 3.080900 196.633800 132 121 116
-1.574900 3.094500 196.633600 156 118 132
-1.574800 3.086000 196.633600 123 113 111
-1.574700 3.072300 196.633800 134 120 107
-1.574700 3.091300 196.633400 133 119 118
-1.574700 3.121400 196.633500 145 125 135
-1.574700 3.123500 196.633500 154 132 130
-1.574600 3.087100 196.633500 126 111 116
-1.574600 3.089100 196.633400 133 120 120
-1.574600 3.102600 196.633400 135 129 116
-1.574600 3.103600 196.633400 145 134 125
-1.574500 3.095500 196.633300 156 115 129
-1.574500 3.098600 196.633300 143 122 117
-1.574400 3.093400 196.633300 153 123 131
-1.574400 3.096500 196.633200 148 112 119
-1.574400 3.097600 196.633200 145 118 125
-1.574400 3.099600 196.633200 141 129 116
-1.574400 3.101600 196.633200 140 126 134
-1.574400 3.122500 196.633200 153 129 137
-1.574400 3.124700 196.633300 150 130 138
-1.574400 3.125800 196.633200 128 120 114
-1.574400 3.126800 196.633300 148 134 131
-1.574400 3.131200 196.633300 159 132 138
-1.574400 3.132300 196.633300 141 124 127
-1.574400 3.139700 196.633400 148 131 122
-1.574300 3.129000 196.633300 145 135 134
-1.574200 3.127900 196.633100 153 133 136
-1.574100 3.100600 196.633000 131 126 119
-1.574100 3.133300 196.633200 110 123 104
-1.574000 3.134300 196.633100 139 131 125
-1.574000 3.136400 196.633100 130 131 103
-1.574000 3.137500 196.633100 120 125 118
-1.573900 3.138600 196.633100 131 133 123
-1.573800 3.135300 196.632900 133 140 108
-1.573800 3.140700 196.633100 133 132 114
-1.573800 3.143900 196.633200 133 121 119
-1.573200 3.050400 196.634800 143 110 111
-1.573100 3.057900 196.634500 130 116 103
-1.573100 3.059900 196.634400 143 121 111
-1.573000 3.051500 196.634600 125 102 82
-1.573000 3.053700 196.634500 131 116 107
-1.573000 3.055700 196.634500 131 121 103
-1.573000 3.056800 196.634400 125 119 100
-1.573000 3.064200 196.634300 147 131 121
-1.572800 3.049300 196.634600 125 111 109
-1.572800 3.052600 196.634400 139 123 116
-1.572800 3.058900 196.634300 138 119 103
-1.572800 3.063100 196.634200 140 118 124
-1.572600 3.054700 196.634300 124 111 97
-1.572600 3.061000 196.634100 139 122 122
-1.572600 3.062000 196.634100 130 119 112
-1.572500 3.065200 196.633900 123 119 119
-1.572400 3.066200 196.633800 137 119 120
-1.570700 3.045200 196.634700 155 128 122
-1.570600 3.050500 196.634500 151 116 130
-1.570500 3.047300 196.634600 138 124 113
-1.570500 3.048300 196.634500 140 123 117
-1.570400 3.041000 196.634700 129 119 105
-1.570400 3.046300 196.634500 140 132 105
-1.570300 3.036700 196.634800 135 128 123
-1.570300 3.042100 196.634600 118 119 103
-1.570300 3.044300 196.634500 120 123 122
-1.570200 3.043200 196.634500 118 134 112
-1.569900 3.034500 196.634500 120 119 105
-1.569900 3.035700 196.634500 137 127 120
-1.569900 3.039000 196.634400 119 116 97
-1.569900 3.039900 196.634400 138 118 116
-1.569800 3.028200 196.634800 130 115 111
-1.569800 3.029200 196.634800 129 110 113
-1.569700 3.024000 196.634900 128 116 118
-1.569700 3.037800 196.634300 124 119 117
-1.569600 3.020900 196.634900 144 122 135
-1.569600 3.030300 196.634500 147 119 118
-1.569600 3.031300 196.634500 143 121 122
-1.569600 3.032300 196.634400 135 123 120
-1.569600 3.033500 196.634400 118 123 113
-1.569500 3.022000 196.634800 130 120 123
-1.569500 3.025100 196.634700 132 119 110
-1.569500 3.027200 196.634600 132 122 112
-1.569400 3.023100 196.634700 119 116 114
-1.569300 3.019800 196.634800 137 126 124
-1.569100 3.011700 196.635000 123 121 109
-1.569100 3.012800 196.634900 117 116 108
-1.569100 3.016800 196.634800 128 124 110
-1.569000 3.008700 196.635100 137 121 116
-1.569000 3.013800 196.634800 135 126 122
-1.569000 3.014800 196.634800 129 124 112
-1.569000 3.018800 196.634600 135 124 125
-1.568800 3.009700 196.634900 143 125 116
-1.568800 3.010800 196.634800 134 126 114
-1.568800 3.017800 196.634500 131 125 119
-1.568700 3.007600 196.635000 130 112 120
-1.568600 3.015900 196.634400 122 122 100
-1.665600 3.216700 195.472600 129 126 126
-1.665500 3.216700 195.473800 126 111 122
-1.665100 3.216600 195.475000 144 127 140
-1.664300 3.185900 195.459600 109 83 105
-1.664100 3.217800 195.433700 130 105 108
-1.664100 3.217800 195.438400 128 109 116
-1.664000 3.217800 195.430300 148 112 123
-1.664000 3.217800 195.436100 117 111 116
-1.664000 3.217800 195.437200 120 108 125
-1.664000 3.217800 195.439500 142 117 118
-1.663900 3.217800 195.434900 123 113 104
-1.663800 3.217800 195.429100 137 103 125
-1.663800 3.217800 195.441800 119 106 93
-1.663800 3.217800 195.443000 122 118 114
-1.663800 3.217800 195.444100 122 103 114
-1.663700 3.217800 195.445300 122 117 119
-1.663600 3.217800 195.440700 128 119 99
-1.663600 3.217800 195.446400 123 108 117
-1.663600 3.217800 195.447600 119 86 105
-1.663500 3.217700 195.449900 139 118 123
-1.663400 3.217700 195.448800 137 109 116
-1.663400 3.217700 195.451100 127 112 111
-1.663100 3.217700 195.455700 137 101 121
-1.663000 3.188200 195.455800 94 85 103
-1.662900 3.217700 195.452300 147 113 126
-1.662800 3.217700 195.454600 137 117 133
-1.662500 3.188900 195.463100 130 77 96
-1.662500 3.217600 195.453500 133 116 122
-1.662500 3.217600 195.456900 151 110 128
-1.662500 3.217600 195.459200 122 117 121
-1.662400 3.217600 195.462600 128 119 109
-1.662100 3.217600 195.458100 141 125 117
-1.661900 3.217600 195.460400 130 120 122
-1.661800 3.217600 195.461600 119 117 106
-1.661800 3.217600 195.470700 137 121 123
-1.661700 3.190400 195.466600 123 87 112
-1.661700 3.217600 195.463900 142 121 127
-1.661700 3.217600 195.469600 141 110 121
-1.661700 3.217600 195.471900 140 122 127
-1.661400 3.217500 195.468500 128 110 114
-1.661400 3.217800 195.379700 102 63 71
-1.661200 3.191200 195.470200 117 77 96
-1.661200 3.217500 195.467400 141 125 131
-1.661000 3.187600 195.366800 92 66 59
-1.661000 3.189800 195.368000 112 63 84
-1.661000 3.217500 195.465100 136 112 130
-1.661000 3.217500 195.466300 136 111 130
-1.660900 3.185500 195.367200 123 62 87
-1.660900 3.191200 195.369500 77 71 76
-1.660900 3.201900 195.368300 104 81 62
-1.660900 3.209600 195.371700 109 68 79
-1.660900 3.218800 195.427200 119 100 98
-1.660800 3.175300 195.368100 118 88 85
-1.660800 3.183200 195.366900 104 83 86
-1.660700 3.173100 195.368100 113 60 68
-1.660700 3.188700 195.366900 97 64 68
-1.660700 3.218800 195.428400 139 111 128
-1.660600 3.165000 195.367000 128 95 92
-1.660600 3.166100 195.367000 102 85 87
-1.660600 3.174300 195.368100 119 76 80
-1.660400 3.215400 195.376400 144 95 99
-1.660200 3.167200 195.365900 102 93 97
-1.660200 3.208500 195.370700 104 87 84
-1.660200 3.216600 195.377600 117 57 77
-1.660100 3.218800 195.426200 117 80 95
-1.660000 3.188900 195.368500 84 60 59
-1.660000 3.190100 195.369700 88 67 73
-1.660000 3.193400 195.368500 97 47 54
-1.659900 3.168400 195.366000 125 86 94
-1.659900 3.183300 195.367400 94 64 63
-1.659900 3.214200 195.375400 129 104 104
-1.659900 3.218800 195.420500 122 94 107
-1.659800 3.211800 195.373100 107 95 80
-1.659800 3.218800 195.421700 126 108 96
-1.659700 3.185500 195.367100 119 67 85
-1.659700 3.192000 195.369400 96 71 70
-1.659700 3.217700 195.378900 106 69 81
-1.659600 3.218700 195.429700 127 101 123
-1.659600 3.218800 195.415900 125 83 106
-1.659500 3.165000 195.366000 128 92 90
-1.659500 3.194000 195.473700 83 90 93
-1.659500 3.194200 195.368200 95 46 64
-1.659500 3.213000 195.374300 88 105 64
-1.659400 3.218700 195.425200 122 92 95
-1.659400 3.218800 195.410200 117 85 102
-1.659300 3.210700 195.372000 109 80 61
-1.659300 3.218800 195.402100 123 88 88
-1.659300 3.218800 195.404400 126 91 100
-1.659200 3.184300 195.367200 90 58 66
-1.659200 3.188900 195.367500 107 65 72
-1.659200 3.218700 195.414800 120 111 108
-1.659200 3.218700 195.417100 143 106 105
-1.659200 3.218700 195.424000 123 102 83
-1.659200 3.218800 195.403300 120 92 100
-1.659200 3.218800 195.405600 136 90 99
-1.659100 3.218700 195.422900 115 97 84
-1.659100 3.218800 195.409100 134 92 122
-1.659000 3.179900 195.367200 123 81 68
-1.659000 3.218700 195.411400 119 96 108
-1.659000 3.218700 195.419500 124 88 110
-1.659000 3.218800 195.397600 116 90 69
-1.658900 3.166100 195.366100 106 77 66
-1.658900 3.189700 195.367200 116 63 71
-1.658900 3.217600 195.377900 99 57 71
-1.658900 3.218700 195.412600 131 99 116
-1.658900 3.218700 195.413700 126 86 96
-1.658800 3.178400 195.367600 104 70 79
-1.658800 3.202900 195.368700 107 60 60
-1.658800 3.218700 195.406800 130 90 106
-1.658700 3.199800 195.367600 92 41 62
-1.658700 3.218700 195.401000 123 94 111
-1.658700 3.218700 195.408000 130 75 92
-1.658700 3.218700 195.418300 126 91 99
-1.658700 3.218800 195.398800 126 100 84
-1.658600 3.170700 195.367300 59 70 55
-1.658600 3.206200 195.369900 88 54 29
-1.658600 3.218800 195.386000 110 97 94
-1.658500 3.200700 195.367600 103 56 62
-1.658500 3.215300 195.375600 136 99 112
-1.658500 3.217600 195.376800 108 70 76
-1.658400 3.216500 195.376800 102 53 57
-1.658400 3.218700 195.396500 132 73 83
-1.658400 3.218800 195.389500 115 97 108
-1.658300 3.211800 195.372200 121 69 94
-1.658300 3.218800 195.388400 100 64 65
-1.658300 3.218800 195.390700 93 63 72
-1.658200 3.171800 195.367400 59 78 37
-1.658200 3.190900 195.369700 65 66 67
-1.658200 3.218700 195.393000 122 71 79
-1.658200 3.218700 195.400000 120 87 110
-1.658200 3.218800 195.387200 95 84 66
-1.658100 3.217600 195.374500 118 58 88
-1.658100 3.218700 195.391900 111 74 81
-1.658100 3.218700 195.394200 118 72 92
-1.658000 3.217600 195.373400 105 60 56
-1.658000 3.217600 195.375700 104 61 75
-1.658000 3.218700 195.385000 105 82 88
-1.657900 3.195700 195.367700 111 65 71
-1.657900 3.198700 195.367700 111 66 78
-1.657900 3.209400 195.371100 108 85 68
-1.657900 3.212900 195.373400 117 99 78
-1.657800 3.177200 195.367800 80 68 55
-1.657800 3.178700 195.367500 116 75 83
-1.657800 3.218700 195.395400 118 81 90
-1.657500 3.207300 195.370000 91 85 58
-1.657400 3.199700 195.367400 101 47 71
-1.657300 3.196700 195.367800 98 70 78
-1.657300 3.197800 195.367800 91 67 53
-1.657200 3.176000 195.367900 101 72 57
-1.657100 3.177500 195.367600 83 64 53
-1.657000 3.188600 195.366400 91 65 73
-1.656900 3.197400 195.367600 85 67 44
-1.656900 3.210500 195.371300 101 76 71
-1.656800 3.172900 195.367700 116 77 72
-1.656700 3.217500 195.372400 66 55 35
-1.656500 3.218700 195.384100 92 63 70
-1.656400 3.194400 195.368000 115 60 79
-1.656400 3.208200 195.370200 70 53 60
-1.656400 3.216300 195.372500 87 72 66
-1.656300 3.218600 195.382900 113 69 89
-1.656100 3.189600 195.366600 78 75 64
-1.656000 3.218600 195.381800 93 44 51
-1.655700 3.192900 195.368900 101 57 51
-1.655700 3.209300 195.370300 102 71 92
-1.655500 3.218600 195.380800 123 98 90
-1.655300 3.189800 195.369400 93 60 75
-1.655300 3.218600 195.379600 118 64 75
-1.654800 3.190700 195.369100 81 48 55
-1.654800 3.218600 195.378600 91 80 79
-1.653900 3.218500 195.377600 81 61 55
-1.653800 3.216200 195.371800 125 95 93
-1.653600 3.191600 195.369300 102 54 57
-1.653600 3.193100 195.368500 115 54 56
-1.653300 3.209200 195.369600 106 78 94
-1.653300 3.217300 195.371900 97 67 55
-1.653200 3.218400 195.376500 106 75 94
-1.653100 3.218400 195.374200 118 69 57
-1.653100 3.218400 195.375400 96 57 60
-1.652900 3.195400 195.367500 88 50 65
-1.652600 3.210200 195.369700 99 71 71
-1.652500 3.198500 195.367500 112 53 77
-1.652500 3.218400 195.373200 115 71 78
-1.652400 3.196400 195.367600 96 45 63
-1.652100 3.200400 195.367600 118 81 76
-1.652100 3.219500 195.398700 118 72 69
-1.652000 3.190800 195.368800 113 73 81
-1.651900 3.194900 195.367300 80 60 67
-1.651900 3.219500 195.394100 109 81 80
-1.651800 3.199400 195.367300 123 82 94
-1.651800 3.205800 195.369900 80 57 53
-1.651800 3.219500 195.397600 119 81 85
-1.651600 3.188300 195.366200 116 84 76
-1.651500 3.189300 195.366300 115 93 88
-1.651500 3.219500 195.396500 127 91 108
-1.651300 3.165800 195.365200 104 76 85
-1.651300 3.219500 195.395300 116 64 88
-1.650900 3.189600 195.366700 95 90 75
-1.650800 3.164700 195.365300 111 81 77
-1.650700 3.218300 195.372300 100 76 84
-1.650600 3.168100 195.365400 119 86 71
-1.650600 3.190500 195.366400 117 102 74
-1.650000 3.219400 195.382900 104 64 92
-1.649900 3.187100 195.366600 108 92 77
-1.649900 3.219400 195.384000 103 69 75
-1.649800 3.191900 195.368100 97 80 47
-1.649600 3.219300 195.381800 109 77 71
-1.649500 3.217000 195.371400 92 56 61
-1.649100 3.169100 195.365600 80 84 46
-1.649100 3.211200 195.369200 53 67 32
-1.648800 3.194000 195.367100 108 76 80
-1.648700 3.170300 195.365700 112 97 78
-1.648700 3.219300 195.380800 111 74 63
-1.648500 3.171500 195.365700 119 62 85
-1.648500 3.212300 195.369300 65 84 65
-1.648400 3.214600 195.370500 115 53 77
-1.648300 3.174600 195.366100 128 84 113
-1.648100 3.215800 195.370500 94 62 50
-1.647900 3.172600 195.365800 136 93 113
-1.647900 3.175700 195.366200 111 71 70
-1.647400 3.176100 195.365900 99 72 58
-1.647400 3.218100 195.371800 76 56 71
-1.647300 3.173800 195.366000 125 82 94
-1.647300 3.174800 195.366000 124 84 107
-1.647300 3.219200 195.375300 113 84 27
-1.646900 3.213300 195.369600 78 59 71
-1.646900 3.219200 195.374200 112 65 62
-1.646200 3.214500 195.369700 102 57 64
-1.646200 3.216800 195.370900 111 57 76
-1.646000 3.188200 195.366500 117 74 57
-1.645700 3.189000 195.366200 115 81 87
-1.645500 3.190300 195.366200 135 111 92
-1.645100 3.219100 195.373400 108 75 90
-1.644900 3.220100 195.396400 131 96 109
-1.644400 3.190400 195.366800 129 113 87
-1.644200 3.193800 195.366800 115 81 79
-1.644200 3.215500 195.370100 110 63 81
-1.644100 3.196000 195.366800 119 81 98
-1.644000 3.192600 195.366800 107 67 65
-1.643800 3.191200 195.366500 117 96 65
-1.643600 3.196700 195.366500 122 78 104
-1.643600 3.220000 195.392000 123 101 103
-1.643500 3.191500 195.366900 95 92 59
-1.643400 3.194900 195.366900 111 90 75
-1.643400 3.195600 195.366600 128 94 100
-1.643400 3.220100 195.388600 124 101 79
-1.643300 3.220000 195.393200 119 75 58
-1.643200 3.197900 195.366900 111 75 94
-1.643200 3.220000 195.389800 123 93 95
-1.643100 3.218900 195.372600 98 64 71
-1.643100 3.220000 195.384100 120 67 103
-1.643000 3.199000 195.367000 99 59 81
-1.643000 3.220000 195.385200 116 76 94
-1.642900 3.193400 195.366700 104 72 57
-1.642900 3.205300 195.369300 104 83 76
-1.642800 3.197900 195.366700 109 81 90
-1.642700 3.220000 195.387600 116 71 80
-1.642600 3.207400 195.369300 129 86 93
-1.642600 3.216600 195.370400 108 49 62
-1.642500 3.206300 195.369300 96 58 56
-1.642300 3.174400 195.366100 115 73 73
-1.642300 3.182500 195.367200 122 88 85
-1.642300 3.220000 195.386500 130 80 107
-1.642200 3.208500 195.369400 111 73 59
-1.642100 3.199800 195.367100 120 69 98
-1.641700 3.209600 195.369400 92 69 73
-1.641300 3.176600 195.366300 117 97 106
-1.641100 3.166600 195.366000 103 98 78
-1.640900 3.214100 195.369600 105 64 54
-1.640800 3.175800 195.366000 116 100 77
-1.640600 3.176800 195.366000 111 83 99
-1.640600 3.218800 195.371900 126 80 83
-1.640300 3.174500 195.366100 103 63 57
-1.640200 3.177900 195.366100 123 111 83
-1.640200 3.205100 195.368600 127 74 103
-1.640100 3.200800 195.367500 133 91 100
-1.639700 3.219800 195.376600 117 57 52
-1.639400 3.215200 195.369800 103 57 65
-1.639200 3.217500 195.371000 101 51 57
-1.639200 3.219800 195.375500 100 91 72
-1.639100 3.179000 195.366300 128 93 106
-1.639100 3.206200 195.368800 127 81 96
-1.639000 3.180000 195.366700 109 63 80
-1.639000 3.184400 195.366600 116 68 59
-1.638900 3.219800 195.374500 85 64 69
-1.638800 3.178800 195.366700 119 91 95
-1.638600 3.216300 195.370000 72 66 36
-1.638300 3.186500 195.366400 118 82 75
-1.638300 3.201700 195.367800 149 110 114
-1.638100 3.221700 195.440700 119 121 111
-1.638100 3.221700 195.441800 133 128 134
-1.638100 3.221800 195.418000 127 95 94
-1.637900 3.185700 195.366900 121 86 78
-1.637900 3.221700 195.443000 134 122 118
-1.637900 3.221700 195.445300 136 108 114
-1.637800 3.221700 195.444100 138 110 119
-1.637500 3.195600 195.366900 131 98 114
-1.637400 3.181100 195.366600 104 54 61
-1.637400 3.207100 195.369100 124 91 88
-1.637400 3.221700 195.439700 138 110 116
-1.637300 3.185300 195.366600 118 81 75
-1.637200 3.218500 195.371400 107 51 52
-1.637000 3.184400 195.366700 118 73 67
-1.636600 3.202600 195.368100 139 104 116
-1.636200 3.191200 195.367200 134 78 70
-1.636000 3.208100 195.369400 112 83 73
-1.635900 3.217300 195.370500 108 52 55
-1.635800 3.198500 195.366800 105 70 75
-1.635500 3.204800 195.368300 124 76 110
-1.634500 3.174100 195.366400 122 84 89
-1.634500 3.203700 195.368500 129 91 107
-1.634300 3.218300 195.370800 115 62 81
-1.634300 3.219500 195.371900 91 76 46
-1.634100 3.205900 195.368600 113 69 80
-1.634100 3.220600 195.375300 97 55 82
-1.633200 3.222500 195.445900 137 117 112
-1.633100 3.214800 195.369900 120 73 71
-1.632800 3.180800 195.366700 122 81 102
-1.632800 3.222500 195.449300 139 120 125
-1.632600 3.215900 195.369900 108 65 44
-1.632600 3.220500 195.373300 100 48 57
-1.632500 3.222500 195.447100 143 120 109
-1.632400 3.183100 195.366800 111 77 78
-1.632400 3.185400 195.366800 123 101 99
-1.632400 3.222500 195.444900 125 113 121
-1.632400 3.222500 195.448200 137 124 114
-1.632300 3.222500 195.443700 136 120 123
-1.632200 3.182000 195.366800 116 88 109
-1.632200 3.206700 195.368900 116 91 79
-1.632200 3.222500 195.431300 137 118 132
-1.632100 3.184200 195.366500 126 103 102
-1.632000 3.220400 195.372300 118 71 77
-1.631800 3.222400 195.450600 142 125 139
-1.631700 3.183000 195.366600 112 72 76
-1.631700 3.185100 195.366500 128 116 110
-1.631700 3.222500 195.420100 131 111 109
-1.631700 3.222500 195.432500 140 124 122
-1.631600 3.222400 195.457300 146 128 142
-1.631500 3.201300 195.368000 125 97 102
-1.631500 3.219300 195.371200 91 60 53
-1.631400 3.181900 195.366600 108 81 108
-1.631400 3.217000 195.370100 125 68 64
-1.631400 3.222400 195.451700 142 122 131
-1.631400 3.222500 195.419000 136 105 111
-1.631400 3.222500 195.421300 126 109 92
-1.631400 3.222500 195.425800 123 108 102
-1.631300 3.222400 195.454000 153 122 128
-1.631200 3.222400 195.423500 146 112 117
-1.631100 3.222400 195.424700 127 102 100
-1.631000 3.222400 195.422500 123 111 110
-1.630900 3.222400 195.430400 130 112 116
-1.630800 3.207700 195.369200 108 73 105
-1.630700 3.218100 195.370300 129 71 85
-1.630700 3.222300 195.452900 154 132 131
-1.630600 3.222400 195.433800 137 119 120
-1.630600 3.222400 195.440600 147 109 122
-1.630100 3.222400 195.414700 140 107 113
-1.629700 3.202200 195.368300 113 73 93
-1.629700 3.222400 195.413600 127 98 92
-1.629500 3.220300 195.371600 94 75 85
-1.629500 3.222300 195.439600 142 120 123
-1.629000 3.203300 195.368400 112 72 86
-1.629000 3.222300 195.412600 128 103 117
-1.628200 3.222300 195.409300 126 106 114
-1.628100 3.222300 195.410500 119 101 116
-1.628000 3.221200 195.374200 105 80 88
-1.627500 3.219000 195.370900 125 86 104
-1.626800 3.213200 195.369900 81 49 69
-1.626800 3.221100 195.373200 99 46 72
-1.626400 3.223200 195.454600 153 112 125
-1.626300 3.207500 195.368900 102 61 66
-1.626200 3.223100 195.472500 139 117 121
-1.625900 3.223100 195.462500 133 131 131
-1.625800 3.223100 195.453600 142 118 116
-1.625800 3.223100 195.461400 136 120 119
-1.625800 3.223100 195.465900 146 119 123
-1.625700 3.223000 195.473700 144 128 127
-1.625700 3.223100 195.463700 132 122 131
-1.625500 3.201000 195.368000 116 83 83
-1.625500 3.223000 195.464800 142 120 128
-1.625000 3.173700 195.367100 104 68 63
-1.625000 3.220000 195.371300 117 64 90
-1.625000 3.223000 195.452600 154 123 123
-1.624900 3.203100 195.368000 120 91 81
-1.624500 3.201900 195.368100 131 88 97
-1.624400 3.197900 195.367800 111 59 69
-1.624300 3.221000 195.372600 115 55 77
-1.624100 3.223100 195.423500 119 115 116
-1.623900 3.211800 195.370500 58 53 22
-1.623700 3.223000 195.426900 144 121 120
-1.623600 3.223000 195.424700 132 108 116
-1.623600 3.223000 195.440400 140 123 120
-1.623200 3.204000 195.368400 100 80 79
-1.623200 3.223000 195.425900 144 112 117
-1.623000 3.205200 195.368400 110 75 94
-1.622900 3.222900 195.439400 152 119 128
-1.622600 3.222900 195.437200 128 108 111
-1.622500 3.222900 195.438300 146 112 133
-1.622200 3.222900 195.435000 132 125 126
-1.621900 3.223000 195.410300 127 99 119
-1.621600 3.222900 195.409200 143 103 132
-1.621400 3.207200 195.368700 97 70 58
-1.621200 3.222900 195.411600 103 107 113
-1.621100 3.222900 195.412700 137 112 131
-1.621000 3.222900 195.408200 124 105 121
-1.620700 3.220700 195.372100 109 68 72
-1.619400 3.221800 195.374600 117 92 100
-1.619300 3.202800 195.368000 104 93 66
-1.618800 3.221700 195.373600 86 81 65
-1.618700 3.201600 195.368100 108 51 63
-1.617900 3.223700 195.454600 138 121 122
-1.617900 3.223700 195.456800 159 119 134
-1.617800 3.221700 195.372700 103 58 52
-1.617800 3.223700 195.457900 143 120 129
-1.617700 3.222700 195.387300 110 97 88
-1.617600 3.204800 195.368300 112 90 93
-1.617600 3.223700 195.450200 123 119 119
-1.617500 3.169300 195.418600 130 74 88
-1.617500 3.223700 195.453500 136 122 127
-1.617400 3.222700 195.386200 117 92 110
-1.617100 3.223700 195.449100 148 121 130
-1.617000 3.223700 195.451400 125 130 118
-1.617000 3.223700 195.459100 145 129 131
-1.616800 3.223700 195.452500 133 119 126
-1.616300 3.222600 195.380800 105 69 84
-1.616200 3.222600 195.383100 101 81 90
-1.616100 3.223700 195.440300 151 123 128
-1.616100 3.223700 195.441500 144 121 128
-1.616100 3.223700 195.445900 139 111 126
-1.616000 3.223700 195.443700 120 116 116
-1.616000 3.223700 195.444800 131 117 121
-1.615900 3.223700 195.442600 143 126 136
-1.615500 3.206800 195.368600 91 54 57
-1.615300 3.220300 195.372000 83 64 45
-1.615100 3.223700 195.410300 134 98 123
-1.615100 3.223700 195.411400 138 117 136
-1.614800 3.223600 195.419300 131 113 94
-1.614800 3.223600 195.428200 124 117 117
-1.614700 3.223600 195.412600 125 92 110
-1.614700 3.223600 195.426000 140 115 125
-1.614700 3.223600 195.427100 142 121 129
-1.614700 3.223600 195.429400 136 120 130
-1.614500 3.223600 195.413700 145 95 106
-1.614400 3.221400 195.372100 98 61 63
-1.614200 3.223600 195.424900 140 124 135
-1.613900 3.223600 195.414900 122 99 108
-1.613700 3.222400 195.374500 71 80 73
-1.613700 3.223500 195.422800 128 109 92
-1.613600 3.210000 195.371200 91 62 66
-1.613600 3.223500 195.423900 136 117 109
-1.613500 3.207700 195.370100 62 63 55
-1.613400 3.223500 195.416100 117 107 104
-1.613300 3.208800 195.371300 64 63 52
-1.613000 3.173200 195.368200 101 86 52
-1.612500 3.222400 195.373600 105 68 55
-1.612000 3.223500 195.400700 129 110 111
-1.611700 3.197200 195.369100 124 69 89
-1.610900 3.209900 195.370600 103 71 69
-1.610600 3.218900 195.371700 74 54 48
-1.609600 3.222100 195.373000 119 76 97
-1.609500 3.207500 195.369800 99 73 70
-1.609300 3.208600 195.370900 81 55 76
-1.609300 3.221000 195.372000 80 73 47
-1.609100 3.219800 195.372000 101 70 64
-1.609100 3.223300 195.383200 115 92 78
-1.609000 3.223300 195.385500 113 91 109
-1.608800 3.224300 195.420200 152 122 126
-1.608700 3.223300 195.386700 127 103 105
-1.608500 3.223200 195.387800 135 101 95
-1.608400 3.209700 195.370000 125 92 92
-1.608000 3.194000 195.369100 125 72 80
-1.607700 3.223200 195.376700 93 74 75
-1.607700 3.223200 195.381200 94 84 72
-1.607300 3.208500 195.370200 112 81 77
-1.606900 3.215300 195.371300 122 77 89
-1.606500 3.223100 195.375800 99 72 86
-1.606300 3.195000 195.369400 109 93 87
-1.606000 3.207300 195.369300 112 81 71
-1.605900 3.195800 195.369100 109 88 85
-1.605900 3.195800 195.369400 113 83 94
-1.605800 3.216300 195.371500 111 68 46
-1.605600 3.190600 195.369500 98 77 80
-1.605500 3.189200 195.369200 132 104 107
-1.605400 3.221800 195.372700 95 73 77
-1.605200 3.218500 195.371600 92 61 73
-1.605000 3.223000 195.375000 100 82 57
-1.604900 3.190300 195.369300 98 70 75
-1.604800 3.196800 195.369300 136 81 106
-1.604600 3.217300 195.371700 83 62 43
-1.604300 3.220700 195.371800 112 70 80
-1.604200 3.208300 195.369700 113 94 100
-1.604000 3.219500 195.371900 107 64 92
-1.603600 3.196800 195.369900 139 57 99
-1.603100 3.186100 195.368900 124 96 103
-1.602500 3.213800 195.371100 106 53 55
-1.602400 3.209300 195.370000 110 70 75
-1.601900 3.222800 195.373300 106 53 46
-1.601700 3.214900 195.371200 105 70 53
-1.601700 3.221600 195.372300 110 70 88
-1.601600 3.216000 195.371200 138 96 71
-1.601500 3.172800 195.369200 118 92 78
-1.601200 3.194400 195.368900 133 81 78
-1.600800 3.195500 195.369300 108 95 73
-1.600700 3.194700 195.369300 126 83 73
-1.600700 3.202700 195.369200 112 81 93
-1.600600 3.217100 195.371400 120 95 74
-1.600400 3.188000 195.369100 107 85 84
-1.600300 3.187100 195.369400 108 95 78
-1.600000 3.195500 195.369100 118 98 80
-1.599900 3.190300 195.369500 111 88 92
-1.599800 3.188100 195.369500 98 70 72
-1.599800 3.191500 195.369500 83 88 88
-1.599500 3.191100 195.369200 92 80 80
-1.599500 3.196500 195.369500 131 84 76
-1.599200 3.189300 195.369600 119 85 94
-1.599200 3.223700 195.373800 119 97 80
-1.598800 3.197300 195.369600 125 84 87
-1.598600 3.189900 195.369400 126 95 102
-1.598000 3.223600 195.372900 106 98 65
-1.597700 3.214600 195.370800 117 77 70
-1.597200 3.211200 195.370900 96 65 78
-1.597000 3.185800 195.368900 122 101 81
-1.596900 3.213400 195.371000 96 67 57
-1.595600 3.167200 195.370000 115 74 58
-1.595500 3.194100 195.368800 132 106 109
-1.595500 3.194400 195.369200 123 73 83
-1.595500 3.223400 195.372300 96 73 68
-1.595300 3.186600 195.368900 147 110 111
-1.595200 3.193300 195.369200 134 97 102
-1.595200 3.212200 195.371300 99 49 61
-1.595000 3.179300 195.369000 120 103 95
-1.595000 3.195200 195.369200 124 92 73
-1.594900 3.208800 195.370300 88 63 62
-1.594800 3.180300 195.369100 130 92 86
-1.594700 3.173500 195.369400 101 101 77
-1.594400 3.224400 195.373600 111 77 88
-1.594300 3.186800 195.369400 126 84 92
-1.594300 3.187700 195.369100 111 74 94
-1.594300 3.196200 195.369400 122 87 66
-1.594200 3.166100 195.370300 144 115 94
-1.594100 3.189000 195.369500 122 84 82
-1.593900 3.195200 195.369100 122 93 73
-1.593900 3.196200 195.369100 113 84 64
-1.593600 3.188600 195.369200 123 93 87
-1.593500 3.172500 195.369700 117 92 84
-1.592700 3.197000 195.369700 119 73 70
-1.592700 3.213100 195.370700 107 68 45
-1.592400 3.209700 195.370800 112 85 80
-1.591900 3.210800 195.370800 122 84 102
-1.591900 3.212000 195.370800 112 92 94
-1.591900 3.224200 195.373000 127 77 96
-1.591100 3.223100 195.372000 139 74 99
-1.590100 3.164900 195.370000 119 78 80
-1.589800 3.167000 195.370100 117 57 78
-1.589400 3.166000 195.370100 121 86 69
-1.589400 3.208500 195.370200 120 98 110
-1.589100 3.224000 195.372400 124 96 86
-1.589000 3.173300 195.369400 119 95 107
-1.589000 3.187600 195.369400 132 94 109
-1.589000 3.188800 195.369300 113 82 50
-1.588900 3.211800 195.370300 137 76 109
-1.588800 3.194000 195.369300 108 84 66
-1.588700 3.186500 195.369400 124 92 107
-1.588700 3.192000 195.369400 117 97 97
-1.588600 3.210600 195.370400 110 87 97
-1.588500 3.194900 195.369400 139 101 103
-1.588400 3.209500 195.370400 112 98 86
-1.588000 3.174400 195.369600 128 84 100
-1.587900 3.187400 195.369200 135 102 110
-1.587800 3.172300 195.369700 122 91 106
-1.587700 3.178900 195.369300 120 107 93
-1.587600 3.188300 195.369200 122 91 69
-1.587600 3.194800 195.369200 136 104 103
-1.587500 3.175400 195.369700 131 95 80
-1.587400 3.195800 195.369600 104 74 77
-1.587300 3.183300 195.369700 110 74 94
-1.587200 3.173600 195.369400 129 95 108
-1.587100 3.225000 195.373900 139 107 109
-1.587100 3.228000 195.450900 148 122 127
-1.587000 3.174600 195.369400 132 78 88
-1.586900 3.176800 195.369500 132 91 92
-1.586900 3.226000 195.385000 126 99 113
-1.586900 3.227900 195.452000 159 137 138
-1.586900 3.227900 195.462900 139 136 127
-1.586800 3.195800 195.369400 112 81 94
-1.586800 3.227900 195.460700 154 135 135
-1.586700 3.181000 195.369500 117 112 66
-1.586700 3.227800 195.468400 153 135 135
-1.586700 3.227800 195.474900 168 129 149
-1.586500 3.226000 195.391600 133 106 110
-1.586500 3.227900 195.441100 139 130 114
-1.586500 3.227900 195.454200 144 126 129
-1.586400 3.227800 195.469500 170 137 147
-1.586400 3.227900 195.442200 149 132 137
-1.586300 3.227800 195.459700 147 128 137
-1.586300 3.227800 195.464100 149 133 131
-1.586300 3.227900 195.449900 145 131 134
-1.586300 3.227900 195.453200 148 126 128
-1.586300 3.227900 195.455300 136 134 135
-1.586200 3.227000 195.411600 145 123 136
-1.586200 3.227800 195.458600 149 130 137
-1.586200 3.227800 195.466200 159 131 137
-1.586200 3.227800 195.467300 143 122 131
-1.586200 3.227900 195.440100 146 124 122
-1.586100 3.227800 195.457600 142 129 135
-1.586100 3.227800 195.465200 159 132 135
-1.586100 3.227800 195.471700 156 129 143
-1.586100 3.227800 195.473900 162 137 135
-1.586000 3.172400 195.369700 117 84 102
-1.586000 3.222700 195.371900 128 70 88
-1.586000 3.227800 195.456500 150 135 135
-1.586000 3.227900 195.448800 136 119 131
-1.585900 3.225900 195.386200 128 113 119
-1.585900 3.225900 195.390700 124 106 99
-1.585900 3.227800 195.446700 138 126 121
-1.585900 3.227800 195.472800 162 141 149
-1.585900 3.227900 195.447800 149 128 135
-1.585800 3.196600 195.369900 110 99 86
-1.585800 3.218200 195.370800 118 78 51
-1.585800 3.227900 195.439000 152 118 129
-1.585800 3.227900 195.443400 137 130 131
-1.585700 3.227000 195.408300 141 126 116
-1.585700 3.227900 195.435700 152 124 140
-1.585600 3.219300 195.370900 126 95 95
-1.585600 3.225900 195.389600 122 117 109
-1.585600 3.227800 195.445600 142 125 129
-1.585600 3.227800 195.470700 155 133 142
-1.585500 3.164700 195.369800 112 88 83
-1.585500 3.197600 195.370000 118 99 85
-1.585500 3.225900 195.387400 129 120 116
-1.585500 3.227900 195.436900 134 125 135
-1.585400 3.224900 195.373100 131 106 77
-1.585400 3.225900 195.388500 128 120 118
-1.585400 3.227800 195.438000 150 127 131
-1.585300 3.225900 195.378600 128 113 110
-1.585300 3.227800 195.434700 139 128 131
-1.585300 3.227800 195.444500 139 137 128
-1.585300 3.227900 195.429200 143 122 136
-1.585200 3.223700 195.372000 120 102 85
-1.585200 3.227900 195.422700 153 119 136
-1.585100 3.165800 195.369900 123 101 103
-1.585100 3.227800 195.428200 146 120 124
-1.585000 3.226900 195.407300 133 129 98
-1.585000 3.227900 195.423800 157 123 127
-1.584900 3.212600 195.369900 137 90 127
-1.584900 3.227800 195.421700 140 130 121
-1.584900 3.227800 195.424900 140 121 117
-1.584900 3.227800 195.430400 138 125 128
-1.584800 3.227800 195.426000 149 125 133
-1.584800 3.227800 195.433700 131 132 126
-1.584700 3.227800 195.419500 143 118 118
-1.584700 3.227800 195.427100 162 123 124
-1.584700 3.227800 195.431500 146 130 125
-1.584700 3.227800 195.432600 151 130 127
-1.584600 3.220300 195.371000 125 98 69
-1.584600 3.227800 195.420600 142 124 117
-1.584400 3.226900 195.406400 125 128 93
-1.584300 3.171400 195.370000 117 76 92
-1.584300 3.208100 195.370100 118 80 75
-1.584300 3.210400 195.370100 119 88 100
-1.584300 3.211500 195.370100 127 94 110
-1.584300 3.226900 195.403100 139 115 120
-1.584300 3.226900 195.404200 139 119 118
-1.584200 3.225800 195.377700 141 98 121
-1.584200 3.226900 195.405300 132 124 119
-1.584100 3.213700 195.370100 128 103 102
-1.584100 3.226900 195.402000 139 122 131
-1.584000 3.227800 195.417400 153 111 128
-1.584000 3.227800 195.418500 157 107 125
-1.583900 3.214800 195.370100 105 100 70
-1.583900 3.227800 195.416300 148 123 126
-1.583800 3.201700 195.370200 101 82 71
-1.583800 3.209200 195.370200 110 78 80
-1.583400 3.226800 195.401000 134 122 119
-1.583300 3.221400 195.371300 129 84 77
-1.583300 3.226800 195.396600 127 116 112
-1.583200 3.226800 195.395500 128 126 124
-1.583100 3.224700 195.372400 119 86 88
-1.583100 3.225700 195.376800 138 99 121
-1.583000 3.215800 195.370300 146 92 111
-1.583000 3.225700 195.374600 129 100 94
-1.582900 3.226800 195.393400 151 117 128
-1.582900 3.226800 195.394500 135 119 139
-1.582900 3.227700 195.415400 148 120 120
-1.582900 3.228600 195.453600 150 134 135
-1.582800 3.226800 195.381300 129 113 117
-1.582800 3.226800 195.397800 117 107 99
-1.582800 3.227700 195.414300 125 119 114
-1.582700 3.225700 195.375800 141 111 120
-1.582600 3.226800 195.380200 124 117 114
-1.582600 3.226800 195.392300 124 110 103
-1.582600 3.227700 195.413200 122 116 112
-1.582500 3.186200 195.369500 112 81 87
-1.582500 3.202700 195.370500 126 88 87
-1.582500 3.225700 195.373600 136 101 100
-1.582500 3.226800 195.400100 129 120 126
-1.582400 3.226700 195.399000 125 116 112
-1.582300 3.188400 195.369500 119 81 80
-1.582300 3.226800 195.391300 124 113 105
-1.582200 3.226800 195.382500 133 108 112
-1.582200 3.228500 195.462400 167 133 135
-1.582200 3.228600 195.449400 135 123 117
-1.582100 3.187300 195.369600 122 97 90
-1.581700 3.174100 195.369700 130 91 89
-1.581700 3.194500 195.369600 130 108 110
-1.581700 3.203600 195.370700 116 77 73
-1.581700 3.206800 195.370600 130 68 106
-1.581600 3.172000 195.369700 135 108 108
-1.581600 3.174400 195.369400 113 92 61
-1.581600 3.176600 195.369400 108 94 76
-1.581500 3.187000 195.369300 121 96 92
-1.581500 3.191600 195.369700 126 86 109
-1.581400 3.176300 195.369800 120 107 86
-1.581400 3.177600 195.369400 125 113 105
-1.581400 3.189300 195.369700 123 86 94
-1.581300 3.185900 195.369400 120 92 90
-1.581300 3.193600 195.369700 132 108 107
-1.581200 3.204600 195.370700 111 86 69
-1.581100 3.164600 195.369500 100 96 76
-1.581100 3.180700 195.369800 106 107 89
-1.581100 3.188000 195.369400 125 90 90
-1.581100 3.195500 195.369700 129 101 116
-1.581000 3.192600 195.369700 120 62 102
-1.580900 3.173400 195.369500 129 85 99
-1.580900 3.175400 195.369500 98 81 69
-1.580900 3.179700 195.369800 121 112 99
-1.580800 3.165700 195.369600 126 115 102
-1.580800 3.181800 195.369900 104 67 102
-1.580800 3.184000 195.369800 122 101 98
-1.580700 3.180700 195.369500 105 104 96
-1.580600 3.190100 195.369500 125 81 90
-1.580600 3.191100 195.369500 123 84 107
-1.580500 3.189000 195.369500 129 97 103
-1.580500 3.195400 195.369500 113 86 103
-1.580400 3.178500 195.369900 113 92 74
-1.580200 3.172200 195.369700 132 108 94
-1.580000 3.171200 195.369700 133 98 119
-1.579800 3.166700 195.369800 131 113 88
-1.579000 3.167800 195.369900 130 108 75
-1.579000 3.168900 195.369900 115 96 104
-1.578600 3.170000 195.370000 83 98 99
-1.673100 3.214300 195.637400 152 126 144
-1.673000 3.214300 195.632900 137 130 135
-1.673000 3.214300 195.635100 167 140 153
-1.673000 3.214300 195.636300 147 119 134
-1.672900 3.214300 195.634000 147 123 133
-1.672800 3.181300 195.635800 199 164 182
-1.672800 3.181800 195.636200 201 162 183
-1.672800 3.183100 195.637300 199 172 177
-1.672800 3.183100 195.638400 196 187 192
-1.672800 3.183600 195.637000 200 171 175
-1.672700 3.179100 195.634700 222 168 196
-1.672700 3.180700 195.636200 209 171 186
-1.672700 3.183600 195.639200 197 196 206
-1.672700 3.214300 195.627200 167 148 168
-1.672700 3.214300 195.631700 125 129 128
-1.672600 3.183600 195.635800 204 168 174
-1.672600 3.214200 195.638500 158 139 137
-1.672500 3.179200 195.630100 214 180 183
-1.672500 3.214200 195.639700 158 137 133
-1.672500 3.214300 195.621500 151 141 145
-1.672500 3.214300 195.626000 143 134 152
-1.672400 3.169900 195.630100 255 234 255
-1.672400 3.175900 195.628200 228 198 232
-1.672400 3.176900 195.630100 240 205 232
-1.672400 3.178000 195.627900 223 175 195
-1.672400 3.180200 195.634700 219 170 190
-1.672400 3.214300 195.620400 154 132 142
-1.672300 3.168600 195.639100 255 255 255
-1.672300 3.176900 195.629000 238 204 231
-1.672300 3.178000 195.626700 226 184 205
-1.672300 3.178300 195.631600 214 176 196
-1.672300 3.180200 195.633500 236 189 218
-1.672300 3.214300 195.616900 153 139 155
-1.672300 3.214300 195.622600 155 135 145
-1.672200 3.168600 195.638000 255 255 255
-1.672200 3.168600 195.640300 255 255 255
-1.672200 3.169900 195.631200 255 236 255
-1.672200 3.174500 195.625500 199 184 200
-1.672200 3.174900 195.627100 196 180 206
-1.672200 3.178000 195.622100 225 179 206
-1.672200 3.214200 195.623800 145 125 145
-1.672200 3.214200 195.624900 154 141 151
-1.672200 3.214200 195.628300 166 143 162
-1.672200 3.214300 195.614700 145 130 143
-1.672100 3.171100 195.624400 253 213 241
-1.672100 3.175800 195.625500 233 198 222
-1.672100 3.178000 195.621000 226 181 206
-1.672100 3.178000 195.625600 213 189 189
-1.672100 3.214300 195.615800 152 136 158
-1.672100 3.214300 195.618100 156 130 144
-1.672100 3.214300 195.619200 161 132 146
-1.672000 3.168600 195.636900 255 255 255
-1.672000 3.168700 195.631200 255 255 255
-1.672000 3.171100 195.623300 244 216 239
-1.672000 3.172300 195.623300 234 215 236
-1.672000 3.214200 195.630600 131 126 129
-1.671900 3.168600 195.634600 255 255 255
-1.671900 3.168600 195.635700 255 255 255
-1.671900 3.169900 195.626700 255 224 249
-1.671900 3.169900 195.629000 255 223 253
-1.671900 3.172300 195.616500 228 207 229
-1.671900 3.178000 195.619900 214 172 189
-1.671900 3.214200 195.629500 158 136 146
-1.671900 3.214300 195.613500 157 140 142
-1.671800 3.168600 195.633500 255 255 255
-1.671800 3.169900 195.627800 255 222 255
-1.671800 3.171100 195.621000 233 237 243
-1.671700 3.168600 195.632300 255 255 255
-1.671700 3.169900 195.622100 252 230 239
-1.671700 3.169900 195.623300 255 233 246
-1.671700 3.169900 195.624400 250 232 244
-1.671700 3.169900 195.625500 255 233 253
-1.671700 3.171100 195.615300 233 216 228
-1.671700 3.171100 195.622100 216 215 216
-1.671600 3.169900 195.619900 246 220 252
-1.671600 3.169900 195.621000 252 227 246
-1.671600 3.171100 195.617600 228 210 225
-1.671600 3.172300 195.624400 233 205 226
-1.671500 3.171100 195.616500 232 223 237
-1.669700 3.215400 195.582900 146 137 148
-1.669400 3.215300 195.600000 138 139 145
-1.669400 3.215300 195.602200 171 132 158
-1.669400 3.215400 195.584100 152 142 142
-1.669300 3.215300 195.596600 152 134 141
-1.669300 3.215300 195.601100 146 142 150
-1.669300 3.215300 195.603400 169 152 162
-1.669200 3.215400 195.581800 150 135 160
-1.669200 3.215400 195.589800 185 129 165
-1.669200 3.215500 195.559000 166 142 153
-1.669100 3.215300 195.593200 176 151 179
-1.669100 3.215300 195.604500 143 144 139
-1.669100 3.215400 195.568100 153 141 154
-1.669100 3.215400 195.575000 149 135 148
-1.669100 3.215400 195.578400 153 138 157
-1.669100 3.215400 195.579500 159 141 171
-1.669100 3.215400 195.585200 168 145 152
-1.669100 3.215500 195.560200 168 145 154
-1.669000 3.215300 195.590900 163 138 156
-1.669000 3.215300 195.595400 163 145 153
-1.669000 3.215300 195.598800 141 138 149
-1.669000 3.215400 195.567000 170 149 159
-1.669000 3.215400 195.580700 155 128 154
-1.668900 3.215300 195.588600 173 146 171
-1.668900 3.215300 195.592000 162 133 165
-1.668900 3.215300 195.594300 157 135 160
-1.668900 3.215400 195.569300 147 129 149
-1.668900 3.215400 195.573900 160 141 152
-1.668900 3.215500 195.558000 159 140 149
-1.668800 3.215300 195.586400 164 132 159
-1.668800 3.215300 195.597700 160 138 154
-1.668800 3.215300 195.609100 151 140 148
-1.668800 3.215500 195.545400 147 133 148
-1.668700 3.215300 195.610200 143 137 151
-1.668700 3.215400 195.563700 161 139 153
-1.668700 3.215400 195.576100 158 133 155
-1.668700 3.215400 195.577300 160 133 153
-1.668700 3.215500 195.542000 160 127 141
-1.668700 3.215500 195.543100 173 142 171
-1.668700 3.215500 195.550000 147 139 133
-1.668600 3.215300 195.587500 152 139 139
-1.668600 3.215300 195.607900 164 133 148
-1.668600 3.215400 195.556800 156 134 146
-1.668600 3.215400 195.561300 148 138 139
-1.668600 3.215400 195.564800 151 135 152
-1.668600 3.215400 195.565900 148 132 146
-1.668600 3.215400 195.572700 170 141 158
-1.668600 3.215500 195.544300 162 138 161
-1.668600 3.215500 195.548800 150 137 142
-1.668500 3.215300 195.605700 155 138 145
-1.668500 3.215500 195.546600 151 139 151
-1.668500 3.215500 195.547700 156 141 158
-1.668300 3.215200 195.612500 151 133 142
-1.668300 3.215400 195.562500 164 143 157
-1.668300 3.215500 195.526100 136 133 141
-1.668300 3.215500 195.535200 158 133 152
-1.668200 3.215300 195.606800 162 135 145
-1.668200 3.215400 195.551100 156 133 136
-1.668200 3.215400 195.554600 138 134 135
-1.668200 3.215400 195.555700 167 142 154
-1.668200 3.215500 195.528400 156 138 144
-1.668200 3.215500 195.534100 154 132 163
-1.668200 3.215500 195.536300 156 140 143
-1.668100 3.215500 195.527200 156 133 140
-1.668000 3.215300 195.570500 161 134 164
-1.668000 3.215300 195.571600 163 130 158
-1.668000 3.215400 195.540900 156 138 140
-1.668000 3.215500 195.532900 152 139 157
-1.667900 3.215400 195.538600 152 130 130
-1.667900 3.215400 195.539800 162 146 142
-1.667900 3.215500 195.521600 153 136 146
-1.667900 3.215500 195.531800 155 133 147
-1.667900 3.215500 195.537500 151 146 143
-1.667800 3.215400 195.553500 146 139 156
-1.667800 3.215500 195.522700 144 130 136
-1.667700 3.215500 195.518200 156 135 143
-1.667700 3.215500 195.519300 173 133 151
-1.667600 3.215400 195.552300 155 134 140
-1.667500 3.215400 195.529600 137 139 148
-1.667400 3.215400 195.530700 151 135 149
-1.665500 3.216600 195.489800 150 125 134
-1.665300 3.216600 195.488700 159 138 145
-1.665300 3.216600 195.493300 142 124 131
-1.665100 3.216600 195.483000 145 112 123
-1.664800 3.216600 195.484100 150 123 127
-1.664800 3.216600 195.491000 155 129 135
-1.664800 3.216600 195.494400 138 124 137
-1.664700 3.216600 195.492200 159 135 143
-1.664600 3.216600 195.481900 143 125 131
-1.664600 3.216600 195.485300 137 119 130
-1.664500 3.216600 195.476200 128 112 125
-1.664500 3.216600 195.478400 139 118 122
-1.664400 3.216500 195.497900 154 134 141
-1.664400 3.216500 195.501300 151 129 143
-1.664400 3.216600 195.487600 135 131 129
-1.664300 3.216500 195.496800 148 133 129
-1.664300 3.216500 195.503600 143 129 141
-1.664300 3.216500 195.504700 146 132 139
-1.664300 3.216500 195.508200 145 136 137
-1.664300 3.216600 195.477400 144 117 127
-1.664200 3.216500 195.486500 140 123 134
-1.664200 3.216500 195.495600 137 128 124
-1.664200 3.216500 195.502500 135 131 139
-1.664200 3.216600 195.479700 136 117 127
-1.664100 3.216400 195.517300 148 133 136
-1.664100 3.216500 195.509300 157 140 134
-1.663900 3.216400 195.505900 150 133 139
-1.663900 3.216400 195.507000 143 130 145
-1.663900 3.216500 195.499100 159 136 140
-1.663900 3.216500 195.500200 149 125 132
-1.663800 3.216400 195.516200 161 138 154
-1.663800 3.216500 195.480800 138 121 139
-1.663700 3.186700 195.496000 121 103 117
-1.663700 3.216400 195.510500 156 126 142
-1.663500 3.216400 195.511700 153 126 150
-1.663400 3.216400 195.518500 171 140 146
-1.663300 3.187400 195.492400 105 105 95
-1.663200 3.216400 195.519600 170 137 171
-1.663100 3.216400 195.515100 155 131 147
-1.663000 3.216400 195.512800 154 145 145
-1.661600 3.190400 195.488500 105 98 94
-1.661500 3.166600 195.502400 255 251 253
-1.661500 3.190400 195.499500 129 87 122
-1.660400 3.166600 195.503600 255 248 255
-1.660400 3.192300 195.503000 112 104 128
-1.660200 3.192800 195.481000 110 84 129
-1.660100 3.192800 195.506600 125 101 124
-1.659800 3.193500 195.477400 102 92 108
-1.659700 3.193400 195.510300 123 104 123
-1.659300 3.194000 195.521200 121 106 127
-1.659300 3.194100 195.524800 137 111 127
-1.658900 3.194800 195.513900 117 103 109
-1.658600 3.195300 195.528400 136 103 120
-1.658400 3.195600 195.517400 124 107 133
-1.658300 3.195800 195.532100 129 111 130
-1.657500 3.166600 195.481200 255 255 255
-1.657000 3.166600 195.482400 255 251 255
-1.656600 3.198600 195.535600 107 106 112
-1.656400 3.166600 195.483600 255 255 255
-1.656400 3.198900 195.546500 135 110 117
-1.655900 3.199700 195.542800 134 110 132
-1.655700 3.200100 195.550100 122 110 117
-1.655500 3.166500 195.488200 255 255 248
-1.655300 3.200600 195.586700 111 118 124
-1.655300 3.200600 195.590300 112 118 125
-1.655200 3.200900 195.539100 113 117 117
-1.654900 3.166500 195.487200 255 255 255
-1.654900 3.201400 195.553700 133 109 129
-1.654600 3.201700 195.604900 128 119 141
-1.654600 3.201900 195.564700 134 113 134
-1.654400 3.202000 195.608500 130 119 125
-1.654300 3.202300 195.593900 127 119 127
-1.654300 3.202400 195.568300 131 109 131
-1.654200 3.166500 195.485000 255 250 255
-1.654200 3.166500 195.486100 255 255 255
-1.654100 3.202400 195.637800 151 127 140
-1.654100 3.202500 195.597500 132 123 135
-1.653900 3.202900 195.582900 128 117 132
-1.653800 3.203300 195.557300 146 103 119
-1.653600 3.203500 195.601200 144 111 149
-1.653500 3.203800 195.579200 111 118 127
-1.653400 3.166400 195.489600 255 255 255
-1.653400 3.204000 195.560900 136 104 122
-1.653000 3.204300 195.619400 111 119 124
-1.653000 3.204300 195.623100 129 117 126
-1.652900 3.204500 195.626700 134 124 139
-1.652600 3.205200 195.575500 118 118 127
-1.652600 3.205300 195.571900 117 117 127
-1.652400 3.205400 195.612100 143 118 130
-1.652300 3.205400 195.634000 127 122 130
-1.652300 3.205500 195.615700 119 120 139
-1.652000 3.206000 195.630300 119 127 137
-1.587000 3.227400 195.613900 166 151 165
-1.587000 3.227400 195.619300 157 153 151
-1.586800 3.227600 195.563500 168 152 161
-1.586800 3.227800 195.486800 140 140 132
-1.586800 3.227800 195.487900 152 145 143
-1.586700 3.227400 195.621400 179 160 160
-1.586700 3.227700 195.517100 170 147 156
-1.586700 3.227700 195.521500 168 137 167
-1.586700 3.227700 195.539800 156 154 160
-1.586600 3.227500 195.581700 166 149 173
-1.586600 3.227700 195.518200 168 147 145
-1.586600 3.227700 195.520400 169 152 170
-1.586600 3.227700 195.534400 153 143 162
-1.586500 3.227400 195.609600 184 154 158
-1.586500 3.227400 195.612900 188 151 180
-1.586500 3.227400 195.615000 163 145 160
-1.586500 3.227700 195.519300 170 143 159
-1.586500 3.227800 195.479200 141 131 136
-1.586500 3.227800 195.480300 156 143 147
-1.586500 3.227800 195.494400 159 139 152
-1.586400 3.227400 195.610700 172 147 164
-1.586400 3.227500 195.562400 168 148 161
-1.586400 3.227600 195.542000 163 156 156
-1.586400 3.227800 195.481400 144 129 138
-1.586400 3.227800 195.490100 144 131 146
-1.586400 3.227800 195.496600 157 145 150
-1.586400 3.227800 195.497700 152 146 150
-1.586300 3.227400 195.607500 176 163 174
-1.586300 3.227500 195.579600 171 155 167
-1.586300 3.227600 195.533400 168 148 170
-1.586300 3.227600 195.535500 184 150 167
-1.586300 3.227600 195.557000 176 141 150
-1.586300 3.227700 195.495500 156 144 149
-1.586300 3.227700 195.499900 155 146 150
-1.586300 3.227700 195.500900 159 142 150
-1.586300 3.227700 195.527900 172 139 158
-1.586300 3.227700 195.532300 174 151 166
-1.586300 3.227800 195.476000 173 142 166
-1.586300 3.227800 195.482500 155 129 142
-1.586200 3.227400 195.611800 161 143 160
-1.586200 3.227400 195.618200 160 159 151
-1.586200 3.227500 195.586000 168 149 163
-1.586200 3.227600 195.531200 170 145 160
-1.586200 3.227600 195.537700 173 146 173
-1.586200 3.227600 195.550600 177 144 157
-1.586200 3.227600 195.551600 183 146 155
-1.586200 3.227600 195.552700 176 149 155
-1.586200 3.227700 195.516100 168 148 158
-1.586200 3.227700 195.522600 174 146 160
-1.586200 3.227800 195.485800 144 146 141
-1.586200 3.227800 195.489000 147 137 147
-1.586200 3.227800 195.491200 148 136 150
-1.586100 3.227400 195.606400 172 159 168
-1.586100 3.227400 195.608600 168 156 163
-1.586100 3.227400 195.622500 163 148 151
-1.586100 3.227500 195.577400 164 149 158
-1.586100 3.227500 195.585000 183 142 167
-1.586100 3.227600 195.529000 160 141 158
-1.586100 3.227700 195.510700 168 141 155
-1.586000 3.227400 195.587100 160 152 159
-1.586000 3.227400 195.616100 168 144 158
-1.586000 3.227400 195.617200 168 142 154
-1.586000 3.227500 195.558100 188 152 168
-1.586000 3.227600 195.549500 187 150 163
-1.586000 3.227700 195.493400 168 141 157
-1.586000 3.227700 195.498800 153 142 149
-1.586000 3.227700 195.502100 160 148 154
-1.586000 3.227700 195.511800 186 151 158
-1.586000 3.227800 195.483700 157 135 135
-1.585900 3.227500 195.576400 173 154 163
-1.585900 3.227600 195.536600 174 147 171
-1.585900 3.227600 195.543100 170 155 155
-1.585900 3.227700 195.503200 145 143 137
-1.585800 3.227400 195.605400 161 145 156
-1.585800 3.227500 195.561300 175 149 176
-1.585800 3.227500 195.574200 173 157 163
-1.585800 3.227700 195.506400 153 141 150
-1.585800 3.227700 195.509700 168 150 152
-1.585800 3.227800 195.478300 152 134 142
-1.585700 3.227400 195.588200 157 153 157
-1.585700 3.227500 195.553800 167 157 159
-1.585700 3.227500 195.560300 183 148 167
-1.585700 3.227500 195.564600 175 147 163
-1.585700 3.227500 195.575300 170 142 153
-1.585700 3.227600 195.526900 170 144 160
-1.585700 3.227700 195.492400 157 134 152
-1.585700 3.227700 195.512900 170 146 158
-1.585700 3.227700 195.515100 169 147 154
-1.585600 3.227400 195.582800 164 139 163
-1.585600 3.227400 195.583900 176 148 170
-1.585600 3.227500 195.544200 168 152 161
-1.585600 3.227500 195.545300 164 153 159
-1.585600 3.227500 195.556000 172 145 160
-1.585600 3.227500 195.559200 181 149 161
-1.585600 3.227600 195.525900 154 138 159
-1.585600 3.227600 195.530200 171 145 161
-1.585600 3.227700 195.484800 159 140 135
-1.585600 3.227800 195.477200 159 136 156
-1.585500 3.227400 195.591400 172 148 174
-1.585500 3.227700 195.507500 158 137 148
-1.585400 3.227400 195.590400 167 153 165
-1.585400 3.227500 195.554900 166 142 160
-1.585400 3.227600 195.514000 162 145 155
-1.585300 3.227400 195.589300 153 149 152
-1.585300 3.227700 195.504300 156 149 149
-1.585300 3.227700 195.505400 171 137 154
-1.585200 3.227600 195.508600 163 139 150
-1.585200 3.227600 195.524800 180 155 176
-1.585100 3.227400 195.567800 171 146 161
-1.585100 3.227400 195.571100 164 146 152
-1.585100 3.227600 195.523800 176 151 164
-1.585000 3.227400 195.568900 173 147 162
-1.584900 3.227400 195.565700 166 139 158
-1.584700 3.227400 195.566800 164 148 157
-1.584300 3.227400 195.570000 175 154 162
-1.583400 3.228100 195.634300 169 153 161
-1.583400 3.228100 195.635400 157 145 149
-1.583400 3.228200 195.629000 176 159 163
-1.583100 3.228100 195.638600 176 146 162
-1.583000 3.228100 195.625700 172 158 155
-1.583000 3.228100 195.627900 173 160 158
-1.583000 3.228100 195.633200 175 156 166
-1.583000 3.228100 195.636400 172 155 167
-1.582900 3.228100 195.637500 191 160 178
-1.582900 3.228100 195.639600 179 151 166
-1.582600 3.228100 195.626800 168 158 153
-1.582600 3.228100 195.632200 172 151 164
-1.582600 3.228200 195.589400 168 164 156
-1.582600 3.228200 195.590400 160 150 163
-1.582600 3.228200 195.596900 171 152 170
-1.582600 3.228300 195.544300 168 151 163
-1.582600 3.228300 195.545400 174 153 171
-1.582600 3.228300 195.546500 171 148 165
-1.582500 3.228000 195.630000 185 163 171
-1.582500 3.228100 195.606500 172 159 171
-1.582500 3.228200 195.592600 175 141 170
-1.582500 3.228300 195.549700 167 150 156
-1.582400 3.228100 195.607600 170 154 171
-1.582400 3.228200 195.577600 179 167 178
-1.582400 3.228200 195.578700 172 152 165
-1.582400 3.228200 195.595800 170 148 171
-1.582300 3.228100 195.605400 170 154 167
-1.582300 3.228100 195.624700 159 158 149
-1.582300 3.228200 195.573300 169 153 161
-1.582300 3.228200 195.574400 189 156 170
-1.582300 3.228200 195.591500 187 150 182
-1.582300 3.228200 195.598000 184 159 167
-1.582300 3.228200 195.600100 177 147 161
-1.582300 3.228300 195.529300 171 154 174
-1.582300 3.228300 195.543300 174 153 159
-1.582300 3.228500 195.491600 158 153 149
-1.582300 3.228500 195.499200 168 144 156
-1.582200 3.228100 195.601200 193 147 176
-1.582200 3.228100 195.604400 175 152 176
-1.582200 3.228100 195.621500 169 154 151
-1.582200 3.228100 195.622600 172 153 158
-1.582200 3.228200 195.576500 161 148 160
-1.582200 3.228200 195.593700 166 139 159
-1.582200 3.228300 195.531500 179 146 166
-1.582200 3.228300 195.532600 179 151 168
-1.582200 3.228300 195.550800 174 153 164
-1.582200 3.228500 195.495900 143 141 146
-1.678800 3.193800 195.783800 150 121 142
-1.678800 3.193900 195.769200 126 119 126
-1.678800 3.193900 195.772800 132 118 126
-1.678500 3.194200 195.787400 142 120 138
-1.678300 3.194500 195.798300 138 121 132
-1.678300 3.194700 195.765500 133 119 132
-1.678300 3.194700 195.791000 139 122 140
-1.678200 3.194900 195.780100 115 127 140
-1.678100 3.194900 195.794700 144 117 134
-1.678100 3.194900 195.801900 122 120 133
-1.678100 3.195100 195.776500 126 119 143
-1.675900 3.192100 195.787400 141 129 147
-1.675900 3.192200 195.754600 151 123 150
-1.675900 3.212900 195.771100 128 120 121
-1.675800 3.192500 195.703700 156 124 149
-1.675700 3.192500 195.758200 128 130 147
-1.675600 3.192700 195.769200 146 127 143
-1.675600 3.192900 195.707300 161 121 152
-1.675600 3.193000 195.711000 152 122 145
-1.675500 3.192600 195.783700 149 129 155
-1.675400 3.193000 195.732800 121 128 129
-1.675400 3.193100 195.751000 153 119 141
-1.675300 3.192900 195.780100 130 128 147
-1.675300 3.193100 195.765500 158 122 141
-1.675300 3.193200 195.736500 127 133 136
-1.675300 3.193200 195.740100 145 128 142
-1.675300 3.193200 195.761900 151 128 148
-1.675300 3.193400 195.714600 146 127 150
-1.675300 3.193400 195.729200 142 125 142
-1.675300 3.193600 195.692800 143 127 133
-1.675200 3.193200 195.776500 144 129 148
-1.675200 3.193500 195.718200 147 125 135
-1.675100 3.206300 195.681800 186 171 176
-1.675100 3.213900 195.790600 163 132 156
-1.675100 3.214000 195.780200 141 136 133
-1.675100 3.214100 195.763000 137 129 132
-1.675000 3.205200 195.679500 177 171 176
-1.675000 3.208500 195.680700 172 163 171
-1.675000 3.211900 195.676100 136 126 136
-1.675000 3.213900 195.791700 124 127 146
-1.675000 3.214000 195.764100 121 122 126
-1.674900 3.205200 195.680600 167 158 174
-1.674900 3.213900 195.804400 143 134 139
-1.674800 3.202900 195.676100 180 168 167
-1.674800 3.204000 195.678400 168 156 161
-1.674800 3.207400 195.679500 166 149 163
-1.674800 3.207400 195.680700 168 158 162
-1.674800 3.207400 195.681800 169 158 159
-1.674800 3.211900 195.675000 126 119 122
-1.674800 3.213900 195.789400 160 129 142
-1.674800 3.213900 195.802100 130 126 131
-1.674700 3.202900 195.673800 179 170 173
-1.674700 3.213900 195.798600 154 135 147
-1.674700 3.214000 195.776800 137 132 125
-1.674700 3.214100 195.746900 162 130 144
-1.674700 3.214100 195.753800 153 145 153
-1.674600 3.201900 195.676100 166 157 155
-1.674600 3.201900 195.677200 175 152 162
-1.674600 3.213100 195.671600 154 128 136
-1.674600 3.213100 195.678400 142 135 138
-1.674600 3.213100 195.679500 140 131 132
-1.674600 3.213900 195.785900 142 138 140
-1.674500 3.199200 195.670000 171 160 154
-1.674500 3.199200 195.671200 170 166 160
-1.674500 3.199800 195.669200 188 153 160
-1.674500 3.199800 195.670400 161 144 132
-1.674500 3.199800 195.671500 158 157 144
-1.674500 3.200800 195.672600 176 159 157
-1.674500 3.201900 195.674900 188 162 171
-1.674500 3.213100 195.675000 147 129 148
-1.674500 3.213100 195.676100 136 131 141
-1.674500 3.213100 195.677300 131 127 122
-1.674500 3.213900 195.799700 147 142 132
-1.674500 3.214100 195.743500 161 143 138
-1.674500 3.214100 195.745800 150 135 142
-1.674500 3.214100 195.748000 174 136 150
-1.674400 3.168400 195.700600 255 255 255
-1.674400 3.198100 195.668900 180 166 171
-1.674400 3.199200 195.667700 183 157 170
-1.674400 3.213100 195.663600 161 129 156
-1.674400 3.213100 195.665900 145 132 143
-1.674400 3.213100 195.668200 148 129 142
-1.674400 3.213100 195.670400 149 125 140
-1.674400 3.213100 195.672700 139 135 138
-1.674400 3.213100 195.673800 140 139 147
-1.674400 3.214000 195.749200 155 131 134
-1.674400 3.214000 195.752600 155 137 143
-1.674400 3.214000 195.765200 136 132 133
-1.674400 3.214100 195.742300 155 130 141
-1.674300 3.198100 195.667700 179 158 165
-1.674300 3.214100 195.737700 159 143 150
-1.674200 3.195700 195.664700 168 129 156
-1.674200 3.196800 195.664700 177 144 162
-1.674200 3.198100 195.666600 174 155 164
-1.674200 3.213100 195.664700 147 131 154
-1.674200 3.214000 195.768700 149 124 139
-1.674200 3.214100 195.716000 163 138 149
-1.674200 3.214100 195.717200 145 132 129
-1.674200 3.214100 195.738900 147 133 146
-1.674100 3.213900 195.792800 133 124 130
-1.674100 3.214000 195.750300 169 145 149
-1.674000 3.193500 195.659700 153 136 136
-1.674000 3.194600 195.659000 177 137 147
-1.674000 3.195800 195.659700 179 143 153
-1.674000 3.195800 195.664300 166 128 154
-1.674000 3.195800 195.665400 179 143 161
-1.674000 3.196900 195.660900 184 163 168
-1.674000 3.213100 195.669300 148 133 158
-1.674000 3.214000 195.740000 156 135 138
-1.674000 3.214000 195.741200 151 122 132
-1.673900 3.194500 195.660100 179 151 163
-1.673900 3.194600 195.659700 184 142 159
-1.673900 3.195800 195.657500 180 153 156
-1.673900 3.214100 195.708000 143 127 135
-1.673900 3.214100 195.709200 152 133 142
-1.673800 3.168400 195.701700 255 255 255
-1.673800 3.214000 195.759500 136 122 133
-1.673800 3.214100 195.703500 136 129 125
-1.673700 3.168400 195.699400 255 255 255
-1.673700 3.168400 195.703900 255 253 255
-1.673700 3.191200 195.655200 167 138 144
-1.673700 3.192400 195.654000 186 155 170
-1.673700 3.214100 195.710300 148 139 146
-1.673600 3.191100 195.654400 161 140 152
-1.673600 3.192400 195.655200 177 148 157
-1.673600 3.214000 195.734300 157 134 141
-1.673600 3.214100 195.698900 154 139 138
-1.673600 3.214100 195.700000 146 131 126
-1.673600 3.214100 195.702300 138 122 132
-1.673600 3.214100 195.722800 149 132 147
-1.673600 3.214100 195.729700 161 130 137
-1.673500 3.168400 195.683500 255 255 255
-1.673500 3.189900 195.652100 187 161 168
-1.673500 3.214100 195.704600 131 128 119
-1.673400 3.168400 195.692600 255 255 255
-1.673400 3.168400 195.705100 255 255 255
-1.673400 3.168500 195.668700 255 255 255
-1.673400 3.189000 195.650600 202 177 190
-1.673400 3.190300 195.650600 186 159 166
-1.673400 3.214100 195.705700 138 128 124
-1.673300 3.168300 195.723300 255 244 250
-1.673300 3.168500 195.667600 255 255 255
-1.673300 3.168500 195.669800 255 255 255
-1.673300 3.169300 195.770200 255 244 236
-1.673300 3.186900 195.646100 205 190 198
-1.673300 3.187900 195.647200 207 193 205
-1.673300 3.188000 195.644900 194 168 193
-1.673300 3.188000 195.646100 207 187 205
-1.673300 3.189900 195.651000 186 159 165
-1.673300 3.214100 195.711400 137 126 118
-1.673200 3.185300 195.643000 211 196 207
-1.673200 3.186900 195.647200 195 185 181
-1.673200 3.187700 195.649800 212 202 187
-1.673100 3.168400 195.702800 255 255 255
-1.673100 3.169500 195.730100 230 213 223
-1.673100 3.187900 195.648300 198 192 191
-1.673100 3.214200 195.643100 156 138 145
-1.673000 3.168400 195.680100 255 255 255
-1.673000 3.168400 195.694800 255 255 255
-1.673000 3.168400 195.698200 255 255 255
-1.673000 3.169200 195.783900 255 255 255
-1.673000 3.183600 195.641500 219 190 193
-1.673000 3.183600 195.642600 230 197 214
-1.673000 3.186500 195.641800 221 199 213
-1.673000 3.214200 195.641900 169 154 154
-1.673000 3.214200 195.644200 148 122 138
-1.673000 3.214200 195.645400 153 124 145
-1.673000 3.214200 195.647600 160 141 144
-1.673000 3.214200 195.648800 141 135 144
-1.673000 3.214200 195.655600 158 135 120
-1.673000 3.214200 195.656800 146 131 130
-1.673000 3.214200 195.657900 147 136 135
-1.673000 3.214200 195.659000 149 143 140
-1.673000 3.214200 195.663600 154 134 150
-1.672900 3.168400 195.681200 255 235 243
-1.672900 3.168400 195.693700 255 255 255
-1.672900 3.168500 195.676600 255 245 255
-1.672900 3.168600 195.651700 255 255 252
-1.672900 3.169200 195.769000 248 227 222
-1.672900 3.214200 195.640800 150 125 142
-1.672900 3.214200 195.646500 147 135 140
-1.672900 3.214200 195.652200 156 136 149
-1.672800 3.168300 195.706200 255 255 255
-1.672800 3.168300 195.707400 255 255 255
-1.672800 3.168300 195.708500 255 255 255
-1.672800 3.168300 195.709600 255 255 255
-1.672800 3.168500 195.671000 255 255 255
-1.672800 3.169400 195.737000 255 255 255
-1.672800 3.169400 195.738100 255 248 250
-1.672800 3.214200 195.651000 149 140 157
-1.672800 3.214200 195.653300 154 137 148
-1.672800 3.214200 195.662400 159 143 163
-1.672700 3.168300 195.711900 255 255 255
-1.672700 3.168500 195.673200 255 255 255
-1.672700 3.168500 195.674400 255 255 255
-1.672700 3.168600 195.658500 251 244 227
-1.672700 3.169200 195.782700 255 255 255
-1.672700 3.169200 195.785000 255 255 255
-1.672700 3.169300 195.754100 255 255 255
-1.672700 3.169400 195.731300 244 214 227
-1.672700 3.169400 195.741500 255 255 255
-1.672700 3.214200 195.649900 139 139 149
-1.672600 3.168300 195.710800 255 255 255
-1.672600 3.168300 195.713000 255 250 255
-1.672600 3.168300 195.715300 255 255 255
-1.672600 3.168300 195.717600 255 244 251
-1.672600 3.168400 195.677800 255 250 255
-1.672600 3.168400 195.682300 255 238 255
-1.672600 3.168500 195.672100 255 255 255
-1.672600 3.168600 195.650500 255 252 255
-1.672600 3.169300 195.752900 255 255 255
-1.672600 3.169300 195.764400 255 246 237
-1.672600 3.169400 195.729000 209 196 214
-1.672500 3.168300 195.716400 255 255 255
-1.672500 3.168300 195.722100 255 250 255
-1.672500 3.168500 195.675500 255 255 255
-1.672500 3.169200 195.771200 255 244 247
-1.672500 3.169200 195.776900 255 255 255
-1.672500 3.169300 195.763200 255 253 245
-1.672500 3.169300 195.765500 255 250 255
-1.672500 3.169400 195.732400 255 221 248
-1.672500 3.169400 195.742600 255 255 255
-1.672500 3.214200 195.661300 161 137 149
-1.672400 3.168300 195.714200 255 255 253
-1.672400 3.168400 195.678900 255 243 255
-1.672400 3.169100 195.789500 255 255 255
-1.672400 3.169200 195.775800 255 255 255
-1.672400 3.169200 195.786100 255 255 255
-1.672400 3.169400 195.727800 205 200 219
-1.672400 3.169400 195.733500 255 227 255
-1.672400 3.214200 195.654400 169 133 130
-1.672400 3.214200 195.660200 144 137 138
-1.672400 3.215000 195.777700 148 130 130
-1.672300 3.168300 195.718700 255 241 255
-1.672300 3.168400 195.695900 255 255 255
-1.672300 3.168400 195.697100 255 255 255
-1.672300 3.169100 195.790700 255 255 255
-1.672300 3.169100 195.793000 255 255 255
-1.672300 3.169200 195.766600 255 241 252
-1.672300 3.169200 195.780300 255 255 255
-1.672300 3.169200 195.781500 255 255 255
-1.672300 3.169400 195.726700 188 204 207
-1.672300 3.169400 195.744900 255 255 255
-1.672300 3.169600 195.685700 255 244 255
-1.672300 3.169600 195.689100 255 252 255
-1.672300 3.169600 195.690300 255 255 255
-1.672300 3.169600 195.691400 255 255 255
-1.672300 3.169600 195.692500 255 255 255
-1.672300 3.169700 195.666400 255 222 226
-1.672300 3.169700 195.684600 249 225 248
-1.672300 3.215000 195.776500 150 147 145
-1.672300 3.215000 195.782300 163 141 148
-1.672300 3.215000 195.783400 146 130 135
-1.672300 3.215000 195.804100 135 126 135
-1.672200 3.168600 195.641400 255 255 255
-1.672200 3.169100 195.791800 255 255 255
-1.672200 3.169200 195.772300 241 233 237
-1.672200 3.169300 195.750600 255 255 255
-1.672200 3.169300 195.758600 255 255 255
-1.672200 3.169300 195.759800 255 255 255
-1.672200 3.169300 195.760900 255 255 248
-1.672200 3.169300 195.762000 255 255 244
-1.672200 3.169400 195.735800 255 255 246
-1.672200 3.169400 195.743800 255 255 255
-1.672200 3.169600 195.686800 247 236 248
-1.672200 3.169600 195.688000 255 255 251
-1.672200 3.169800 195.660700 226 208 223
-1.672200 3.215000 195.786800 134 133 137
-1.672100 3.168300 195.719800 253 244 253
-1.672100 3.168600 195.643700 255 255 255
-1.672100 3.168600 195.652800 255 249 247
-1.672100 3.169100 195.794100 255 255 255
-1.672100 3.169100 195.803300 255 255 255
-1.672100 3.169200 195.778000 255 255 255
-1.672100 3.169200 195.779200 255 255 255
-1.672100 3.169300 195.751800 255 255 255
-1.672100 3.169400 195.723300 203 201 219
-1.672100 3.169500 195.722100 221 205 223
-1.672100 3.169600 195.693700 255 255 255
-1.672100 3.169700 195.665300 255 239 245
-1.672100 3.215000 195.784500 153 144 140
-1.672100 3.215000 195.788000 141 132 147
-1.672000 3.168600 195.642500 255 255 255
-1.672000 3.168600 195.644800 255 255 255
-1.672000 3.169100 195.801000 255 255 255
-1.672000 3.169200 195.767700 255 240 239
-1.672000 3.169200 195.773500 255 248 252
-1.672000 3.169300 195.749500 255 255 255
-1.672000 3.169400 195.725500 224 198 212
-1.672000 3.169400 195.739200 255 246 252
-1.672000 3.169400 195.740300 255 255 255
-1.672000 3.169600 195.683400 246 221 230
-1.672000 3.169700 195.659600 234 221 227
-1.672000 3.215000 195.778800 157 138 140
-1.672000 3.215000 195.781100 154 133 135
-1.672000 3.215000 195.785700 151 133 144
-1.672000 3.215000 195.789100 155 129 149
-1.672000 3.215100 195.757000 152 129 127
-1.671900 3.168200 195.720900 255 249 255
-1.671900 3.169100 195.788300 255 255 255
-1.671900 3.169100 195.795200 255 255 255
-1.671900 3.169100 195.802100 255 255 255
-1.671900 3.169300 195.757400 255 255 255
-1.671900 3.169400 195.724400 233 209 224
-1.671900 3.169600 195.682300 248 224 231
-1.671900 3.169700 195.661800 241 212 220
-1.671900 3.169700 195.663000 255 230 244
-1.671900 3.169700 195.664100 255 232 246
-1.671900 3.215000 195.761600 169 135 141
-1.671900 3.215000 195.762700 155 131 132
-1.671900 3.215000 195.763900 137 132 128
-1.671900 3.215000 195.790300 156 130 155
-1.671800 3.168500 195.657300 255 236 228
-1.671800 3.169100 195.787200 255 255 255
-1.671800 3.169200 195.774600 255 255 255
-1.671800 3.169300 195.755100 255 255 255
-1.671800 3.169500 195.700500 233 227 243
-1.671800 3.169700 195.667500 255 241 253
-1.671800 3.169800 195.657300 243 224 231
-1.671800 3.215000 195.765000 142 143 137
-1.671800 3.215000 195.779900 168 146 151
-1.671700 3.168500 195.655100 255 245 252
-1.671700 3.168500 195.656200 255 235 235
-1.671700 3.168600 195.649400 255 255 255
-1.671700 3.169100 195.799800 255 255 255
-1.671700 3.169100 195.804400 255 255 255
-1.671700 3.169300 195.746000 255 255 255
-1.671700 3.169300 195.748300 255 255 255
-1.671700 3.169400 195.734600 255 231 250
-1.671700 3.169500 195.707300 223 211 227
-1.671700 3.169700 195.658500 231 214 216
-1.671700 3.169700 195.668700 255 239 255
-1.671700 3.214900 195.798300 156 137 133
-1.671700 3.214900 195.800600 146 138 136
-1.671700 3.215000 195.760400 162 144 143
-1.671700 3.215000 195.766200 144 127 127
-1.671700 3.215000 195.769600 153 134 143
-1.671600 3.168500 195.653900 255 253 255
-1.671600 3.169100 195.798600 255 255 255
-1.671600 3.169500 195.711900 219 201 220
-1.671600 3.170400 195.766600 227 199 208
-1.671600 3.170900 195.663000 236 197 214
-1.671600 3.214900 195.794800 155 132 135
-1.671600 3.214900 195.801700 155 139 146
-1.671600 3.215000 195.751300 163 131 154
-1.671600 3.215000 195.758100 156 131 136
-1.671600 3.215100 195.728400 164 142 152
-1.671600 3.215100 195.730700 146 132 136
-1.671600 3.215100 195.743300 146 140 146
-1.671500 3.168600 195.646000 255 255 255
-1.671500 3.168600 195.647100 255 255 249
-1.671500 3.214900 195.791400 159 137 157
-1.671500 3.214900 195.799400 141 135 130
-1.671500 3.214900 195.802900 157 142 154
-1.671500 3.215000 195.773000 126 130 110
-1.671500 3.215100 195.727300 154 137 126
-1.671400 3.168600 195.648200 255 255 252
-1.671400 3.169100 195.796300 255 255 255
-1.671400 3.169300 195.756200 255 255 255
-1.671400 3.214900 195.793700 157 142 135
-1.671400 3.215000 195.747900 163 138 144
-1.671400 3.215000 195.752400 160 124 142
-1.671400 3.215000 195.759300 161 140 143
-1.671400 3.215000 195.767300 153 129 140
-1.671400 3.215000 195.768400 169 138 146
-1.671300 3.169100 195.797500 255 255 255
-1.671300 3.169300 195.747100 255 255 255
-1.671300 3.215100 195.722700 162 139 145
-1.671300 3.215200 195.709000 141 125 145
-1.671300 3.215200 195.710200 155 136 152
-1.671200 3.214900 195.792500 154 135 141
-1.671200 3.215000 195.744400 142 133 140
-1.671200 3.215000 195.770700 150 136 147
-1.671200 3.215100 195.731800 142 131 134
-1.671100 3.214900 195.795900 157 137 143
-1.671100 3.215000 195.742100 162 138 160
-1.671100 3.215000 195.746700 163 132 156
-1.671100 3.215000 195.750100 146 124 135
-1.671100 3.215100 195.729600 153 145 149
-1.671100 3.215100 195.735300 151 137 143
-1.671100 3.215100 195.736400 160 136 145
-1.671000 3.215000 195.739800 145 132 136
-1.671000 3.215100 195.715900 139 132 135
-1.670900 3.215000 195.745500 146 126 148
-1.670900 3.215000 195.771800 144 136 138
-1.670900 3.215100 195.717000 141 136 137
-1.670900 3.215100 195.723800 154 132 129
-1.670800 3.215000 195.740900 131 129 127
-1.670800 3.215000 195.754700 163 144 145
-1.670800 3.215100 195.718200 149 146 141
-1.670700 3.215100 195.720400 158 142 151
-1.670700 3.215100 195.721600 155 131 142
-1.670700 3.215100 195.726100 141 119 138
-1.670600 3.215000 195.734100 147 131 135
-1.670600 3.215100 195.705600 171 144 149
-1.670600 3.215100 195.719300 136 133 134
-1.670600 3.215200 195.686300 146 135 143
-1.670500 3.215000 195.738600 156 130 145
-1.670500 3.215100 195.704500 135 130 128
-1.670500 3.215100 195.711300 144 121 136
-1.670500 3.215100 195.714700 133 127 130
-1.670500 3.215200 195.687400 143 138 140
-1.670400 3.215200 195.688500 154 146 154
-1.670300 3.215000 195.725000 162 129 152
-1.670300 3.215100 195.701000 145 130 130
-1.670300 3.215200 195.678300 146 124 128
-1.670000 3.215200 195.676000 161 132 149
-1.670000 3.215200 195.681700 145 138 138
-1.655000 3.200700 195.659700 134 126 131
-1.654900 3.201000 195.656000 150 119 129
-1.654200 3.202100 195.663300 140 121 147
-1.654100 3.202200 195.667000 149 128 138
-1.653400 3.203500 195.641400 168 115 134
-1.653300 3.203700 195.652300 123 130 123
-1.652500 3.204900 195.670600 146 131 142
-1.652200 3.205400 195.648600 123 131 129
-1.651900 3.206000 195.645000 149 129 140
-1.650600 3.208100 195.674200 141 129 136
-1.650100 3.209100 195.677800 158 129 147
-1.587700 3.227100 195.753600 170 152 158
-1.587600 3.227100 195.745000 160 152 160
-1.587500 3.227100 195.754700 160 147 157
-1.587300 3.227000 195.769800 163 153 160
-1.587200 3.227000 195.752500 187 164 164
-1.587200 3.227100 195.743900 170 157 157
-1.587100 3.227000 195.768700 168 152 157
-1.587100 3.227100 195.742800 174 155 151
-1.587000 3.226900 195.770900 157 139 147
-1.587000 3.226900 195.772000 174 145 148
-1.587000 3.227000 195.760100 184 152 168
-1.587000 3.227100 195.741700 161 148 163
-1.587000 3.227100 195.746000 151 149 157
-1.586900 3.226900 195.773000 176 153 159
-1.586900 3.226900 195.790400 174 146 155
-1.586900 3.227000 195.755800 156 155 162
-1.586900 3.227000 195.767600 164 153 156
-1.586800 3.226900 195.774100 176 160 167
-1.586800 3.226900 195.775200 174 159 166
-1.586800 3.226900 195.779500 163 156 160
-1.586800 3.227200 195.685800 166 148 153
-1.586700 3.226900 195.778400 171 157 168
-1.586700 3.226900 195.782800 180 161 163
-1.586700 3.226900 195.793600 163 153 154
-1.586700 3.227100 195.735200 174 158 163
-1.586600 3.226900 195.780600 169 155 149
-1.586600 3.227000 195.736300 170 155 152
-1.586600 3.227200 195.693300 160 143 152
-1.586600 3.227200 195.696500 174 153 155
-1.586500 3.226900 195.758900 167 157 166
-1.586500 3.226900 195.777300 180 154 171
-1.586500 3.226900 195.781700 183 164 149
-1.586500 3.227000 195.750300 169 151 162
-1.586500 3.227000 195.751400 172 149 160
-1.586500 3.227100 195.707200 159 142 141
-1.586400 3.226900 195.762200 181 157 166
-1.586400 3.226900 195.776200 167 146 157
-1.586400 3.227000 195.747100 170 152 159
-1.586400 3.227100 195.730900 181 164 154
-1.586400 3.227100 195.732000 163 150 154
-1.586300 3.226800 195.800100 184 153 162
-1.586300 3.226800 195.803300 172 140 156
-1.586300 3.226900 195.789200 159 154 140
-1.586300 3.227000 195.738400 184 154 158
-1.586300 3.227000 195.748100 164 145 156
-1.586300 3.227100 195.698600 158 149 154
-1.586300 3.227100 195.708300 158 147 156
-1.586300 3.227200 195.686800 176 158 152
-1.586300 3.227200 195.692200 179 158 166
-1.586200 3.227000 195.740600 179 150 173
-1.586200 3.227000 195.749200 155 149 146
-1.586200 3.227100 195.689000 180 151 159
-1.586200 3.227100 195.691100 180 151 166
-1.586200 3.227100 195.699700 159 162 153
-1.586200 3.227100 195.701900 159 146 149
-1.586200 3.227100 195.706100 155 146 138
-1.586100 3.226800 195.788100 160 163 150
-1.586100 3.227000 195.733000 173 148 157
-1.586100 3.227100 195.687900 172 146 150
-1.586100 3.227100 195.700800 166 156 160
-1.586100 3.227100 195.711500 162 151 158
-1.586100 3.227100 195.722300 164 161 157
-1.586000 3.226800 195.783800 173 156 170
-1.586000 3.226800 195.787000 169 155 162
-1.586000 3.226800 195.794600 163 145 149
-1.586000 3.226800 195.795700 172 142 159
-1.586000 3.226800 195.796800 171 145 158
-1.586000 3.226800 195.798900 184 153 163
-1.586000 3.226800 195.804400 189 153 164
-1.586000 3.226900 195.763200 169 150 158
-1.586000 3.227000 195.728700 172 144 149
-1.586000 3.227000 195.737400 168 154 158
-1.586000 3.227000 195.739500 188 158 168
-1.586000 3.227100 195.690000 179 151 161
-1.586000 3.227100 195.697600 173 155 167
-1.586000 3.227100 195.702900 155 139 146
-1.586000 3.227100 195.704000 171 156 165
-1.586000 3.227100 195.712600 167 152 164
-1.586000 3.227100 195.718000 176 147 171
-1.585900 3.226800 195.784900 185 158 167
-1.585900 3.226800 195.785900 179 150 161
-1.585900 3.227000 195.734100 170 153 158
-1.585900 3.227100 195.709400 174 158 161
-1.585800 3.226900 195.757800 180 156 164
-1.585800 3.227000 195.723300 148 150 157
-1.585700 3.226800 195.797900 164 139 151
-1.585700 3.226900 195.756700 169 157 162
-1.585700 3.227000 195.715800 168 152 154
-1.585700 3.227000 195.727600 168 150 140
-1.585700 3.227100 195.705000 186 153 152
-1.585700 3.227100 195.710400 170 155 154
-1.585600 3.227000 195.716900 167 145 157
-1.583400 3.228000 195.663200 175 154 164
-1.583200 3.228000 195.671800 173 152 172
-1.583100 3.228000 195.664200 177 155 156
-1.583100 3.228000 195.672800 180 145 167
-1.583100 3.228000 195.673900 175 141 156
-1.583000 3.228000 195.662100 168 147 152
-1.582900 3.227600 195.778000 162 148 159
-1.582900 3.228000 195.646100 164 150 156
-1.582900 3.228000 195.651400 175 160 163
-1.582800 3.228000 195.645000 147 147 149
-1.582800 3.228000 195.655700 174 155 168
-1.582800 3.228000 195.657800 168 148 150
-1.582700 3.227700 195.761900 162 151 159
-1.582700 3.227900 195.678100 175 147 154
-1.582700 3.228000 195.643900 163 149 167
-1.582700 3.228000 195.654600 186 152 162
-1.582700 3.228000 195.661000 187 167 161
-1.582600 3.227700 195.765100 170 151 151
-1.582600 3.227800 195.717800 189 154 162
-1.582600 3.227900 195.679200 180 144 157
-1.582600 3.227900 195.682400 169 150 158
-1.582600 3.228000 195.642900 172 150 170
-1.582600 3.228000 195.650300 168 157 161
-1.582600 3.228000 195.652500 162 154 153
-1.582600 3.228000 195.656800 180 163 166
-1.582600 3.228000 195.665300 167 158 146
-1.582600 3.228000 195.668500 180 161 172
-1.582600 3.228000 195.670700 170 146 154
-1.582500 3.227500 195.794200 155 133 148
-1.582500 3.227600 195.776900 177 151 166
-1.582500 3.227600 195.779100 164 148 162
-1.582500 3.227700 195.744600 146 166 154
-1.582500 3.227700 195.766100 179 162 149
-1.582500 3.227800 195.716700 186 150 163
-1.582500 3.227900 195.677100 179 162 154
-1.582400 3.227600 195.767200 181 157 157
-1.582400 3.227800 195.708100 172 161 171
-1.582400 3.227900 195.674900 168 145 149
-1.582400 3.227900 195.683500 173 145 162
-1.582300 3.227500 195.805000 173 154 158
-1.582300 3.227700 195.725300 174 151 172
-1.582300 3.227700 195.726300 174 151 172
-1.582300 3.227700 195.729600 186 150 167
-1.582300 3.227700 195.731700 151 150 156
-1.582300 3.227800 195.694200 176 160 173
-1.582300 3.227800 195.695300 160 153 161
-1.582300 3.227800 195.718800 177 152 157
-1.582300 3.227800 195.724200 179 155 160
-1.582300 3.227900 195.667400 160 156 158
-1.582300 3.227900 195.669600 179 149 160
-1.582300 3.227900 195.681400 163 153 154
-1.582300 3.228000 195.653500 172 159 156
-1.582200 3.227500 195.787700 157 150 144
-1.582200 3.227500 195.795300 168 149 159
-1.582200 3.227600 195.760700 168 146 158
-1.582200 3.227600 195.762900 161 146 153
-1.582200 3.227700 195.728500 180 144 164
-1.582200 3.227800 195.693100 162 148 152
-1.582200 3.227800 195.698500 175 157 158
-1.582200 3.227800 195.709200 168 146 160
-1.582200 3.227900 195.676000 167 156 156
-1.582200 3.227900 195.680300 173 148 161
-1.582200 3.227900 195.684600 181 150 159
-1.582200 3.228000 195.640700 167 153 151
-1.582200 3.228000 195.647100 176 153 163
-1.582200 3.228000 195.649300 156 157 164
-1.582200 3.228000 195.658900 183 156 159
-1.687300 3.192900 195.965600 107 98 118
-1.687000 3.193500 195.961900 135 94 122
-1.686900 3.193900 195.951100 106 100 118
-1.686700 3.193900 195.969300 105 94 116
-1.686700 3.194100 195.947400 107 96 117
-1.682900 3.193500 195.863700 124 107 133
-1.682700 3.193500 195.918400 116 110 130
-1.682700 3.193600 195.911100 113 113 133
-1.682600 3.193900 195.860100 135 112 141
-1.682600 3.194000 195.856500 125 117 131
-1.682500 3.193900 195.922000 124 106 127
-1.682500 3.194000 195.878300 122 108 125
-1.682400 3.194000 195.907400 104 99 127
-1.682400 3.194000 195.914700 113 115 130
-1.682400 3.194000 195.943800 112 99 130
-1.682400 3.194100 195.896500 111 119 128
-1.682400 3.194300 195.874700 126 117 132
-1.682300 3.194100 195.932900 102 103 100
-1.682300 3.194400 195.867400 128 108 128
-1.682300 3.194400 195.882000 128 115 129
-1.682300 3.194400 195.892900 115 111 122
-1.682200 3.194100 195.965700 118 101 123
-1.682200 3.194200 195.936600 124 101 114
-1.682200 3.194300 195.947500 111 107 125
-1.682200 3.194400 195.885600 143 103 125
-1.682200 3.194500 195.900200 133 113 136
-1.682100 3.194300 195.962100 127 95 122
-1.682100 3.194600 195.889300 129 110 122
-1.682000 3.194600 195.954800 110 100 122
-1.681900 3.195400 195.838300 132 118 134
-1.681800 3.195200 195.903800 123 108 134
-1.681800 3.195300 195.871100 128 98 119
-1.681700 3.195100 195.951200 106 110 124
-1.681700 3.195200 195.925700 123 105 126
-1.681600 3.195100 195.958500 133 92 116
-1.681600 3.195200 195.929300 105 103 109
-1.681600 3.195400 195.940300 102 100 108
-1.681600 3.195800 195.834700 144 119 138
-1.681500 3.195400 195.969400 102 107 117
-1.678600 3.194000 195.827400 126 120 126
-1.678500 3.193900 195.856500 120 115 138
-1.678500 3.194100 195.831100 119 120 130
-1.678300 3.193900 195.918400 120 105 124
-1.678300 3.194400 195.842000 130 122 141
-1.678200 3.194000 195.933000 136 105 141
-1.678200 3.194000 195.936600 146 106 136
-1.678200 3.194200 195.900200 144 111 147
-1.678200 3.194300 195.889300 138 111 132
-1.678200 3.194600 195.809200 122 128 140
-1.678200 3.194600 195.812900 120 127 137
-1.678200 3.194600 195.816500 120 123 144
-1.678200 3.194600 195.834700 126 126 138
-1.678100 3.194300 195.914800 122 113 130
-1.678100 3.194300 195.922100 128 108 132
-1.678100 3.194400 195.896600 125 104 140
-1.678100 3.194600 195.860200 146 116 145
-1.678000 3.194600 195.885700 139 116 144
-1.678000 3.194700 195.878400 134 88 127
-1.678000 3.194800 195.852900 130 120 143
-1.678000 3.194900 195.838300 128 122 135
-1.678000 3.195000 195.823800 123 123 140
-1.677900 3.194500 195.951200 153 92 140
-1.677900 3.194700 195.903900 119 110 132
-1.677900 3.195300 195.805600 126 126 138
-1.677800 3.194500 195.969500 115 105 120
-1.677800 3.194600 195.947600 131 103 116
-1.677800 3.194700 195.954900 125 102 128
-1.677800 3.194900 195.911200 122 119 130
-1.677800 3.194900 195.925800 148 103 130
-1.677800 3.195000 195.871100 133 115 136
-1.677800 3.195000 195.907500 104 110 137
-1.677800 3.195100 195.867500 136 119 138
-1.677800 3.195100 195.882000 128 119 136
-1.677800 3.195300 195.845600 127 126 136
-1.677700 3.194900 195.929400 117 108 136
-1.677700 3.194900 195.940300 136 106 127
-1.677700 3.195200 195.874800 132 119 134
-1.677700 3.195200 195.893000 133 113 132
-1.677600 3.194800 195.965900 132 99 117
-1.677600 3.194900 195.958600 127 99 118
-1.677600 3.194900 195.962200 115 110 121
-1.677600 3.195100 195.944000 131 106 131
-1.677600 3.195500 195.863900 137 111 135
-1.677600 3.195600 195.820100 119 125 141
-1.677300 3.196000 195.849300 125 122 126
-1.676300 3.190800 195.885600 138 123 149
-1.675900 3.212500 195.905800 142 139 142
-1.675700 3.191600 195.925700 132 113 130
-1.675700 3.213900 195.824100 152 138 143
-1.675600 3.191700 195.951200 140 104 124
-1.675600 3.191800 195.929300 129 119 137
-1.675600 3.191900 195.882000 152 116 148
-1.675600 3.191900 195.900200 124 119 138
-1.675600 3.192200 195.820100 131 132 120
-1.675600 3.211100 195.960200 141 124 130
-1.675600 3.212500 195.906900 140 136 132
-1.675500 3.192100 195.889300 129 128 142
-1.675500 3.192200 195.867400 134 130 141
-1.675500 3.192300 195.860200 151 122 145
-1.675500 3.212500 195.912800 162 134 136
-1.675400 3.191900 195.965800 130 120 130
-1.675400 3.192000 195.969400 130 115 131
-1.675400 3.192200 195.903800 130 122 135
-1.675400 3.192300 195.863800 140 125 143
-1.675400 3.192400 195.849200 138 126 136
-1.675400 3.192400 195.852900 139 122 150
-1.675400 3.192600 195.816500 146 136 139
-1.675400 3.213900 195.819500 154 122 136
-1.675400 3.213900 195.825200 143 133 129
-1.675300 3.168600 195.917700 255 255 255
-1.675300 3.192900 195.805600 142 132 148
-1.675300 3.212400 195.924500 161 127 142
-1.675300 3.213900 195.807900 137 119 133
-1.675300 3.213900 195.809000 119 110 116
-1.675300 3.213900 195.818300 147 119 125
-1.675100 3.212300 195.961300 149 134 140
-1.675000 3.212300 195.955300 155 132 129
-1.675000 3.213800 195.856500 149 135 143
-1.674900 3.212300 195.956500 155 134 136
-1.674900 3.212300 195.966000 149 121 123
-1.674900 3.213700 195.874000 164 141 141
-1.674800 3.212300 195.946900 143 121 132
-1.674800 3.212300 195.949300 137 135 142
-1.674800 3.212300 195.954100 146 127 134
-1.674800 3.212300 195.960100 146 123 134
-1.674800 3.212300 195.962400 130 120 124
-1.674800 3.212300 195.969600 132 122 127
-1.674800 3.213700 195.872800 156 126 138
-1.674700 3.213700 195.871600 152 120 140
-1.674600 3.212300 195.948100 136 136 139
-1.674600 3.212400 195.929200 143 125 129
-1.674600 3.213900 195.812400 140 123 131
-1.674500 3.213600 195.897300 150 126 142
-1.674500 3.213900 195.813600 134 118 128
-1.674400 3.174000 195.968900 187 184 184
-1.674400 3.213600 195.882100 164 145 163
-1.674400 3.213600 195.898500 173 139 154
-1.674400 3.213600 195.906700 140 127 136
-1.674400 3.213700 195.863400 139 133 132
-1.674400 3.213700 195.869300 143 122 148
-1.674400 3.213700 195.870400 133 122 140
-1.674400 3.213800 195.848300 147 126 139
-1.674300 3.168600 195.916300 255 255 255
-1.674300 3.213800 195.821700 138 129 128
-1.674200 3.176800 195.896400 202 195 199
-1.674200 3.213500 195.918500 156 129 136
-1.674200 3.213600 195.896100 143 132 149
-1.674200 3.213600 195.899600 162 136 153
-1.674200 3.213600 195.905500 135 119 138
-1.674100 3.174000 195.967700 185 177 189
-1.674100 3.213500 195.917300 152 132 138
-1.674100 3.213600 195.901900 128 132 128
-1.674000 3.168600 195.912800 255 255 255
-1.674000 3.213500 195.938500 153 139 141
-1.674000 3.213600 195.903100 146 126 132
-1.673900 3.168600 195.915100 255 255 255
-1.673900 3.213500 195.937300 144 131 141
-1.673800 3.174300 195.848900 213 206 212
-1.673800 3.213500 195.919600 143 128 128
-1.673800 3.213500 195.931400 148 138 148
-1.673700 3.168600 195.911500 255 255 255
-1.673700 3.169700 195.932700 255 240 255
-1.673700 3.169700 195.933900 255 252 255
-1.673700 3.213500 195.904300 150 129 139
-1.673700 3.213600 195.889000 142 120 131
-1.673600 3.169500 195.956400 248 233 243
-1.673600 3.169600 195.955200 255 245 255
-1.673600 3.213500 195.913600 149 134 139
-1.673600 3.213600 195.890200 166 140 132
-1.673500 3.169900 195.889200 255 245 250
-1.673500 3.213500 195.916000 155 135 150
-1.673400 3.213400 195.942000 153 138 146
-1.673300 3.169500 195.958700 255 227 247
-1.673300 3.169600 195.948000 235 231 240
-1.673300 3.169700 195.915000 255 255 255
-1.673300 3.169800 195.902100 255 245 255
-1.673300 3.169800 195.903200 255 255 255
-1.673300 3.169800 195.907900 255 253 255
-1.673300 3.170000 195.868200 255 240 255
-1.673300 3.170200 195.811500 255 255 255
-1.673300 3.213500 195.923000 161 137 149
-1.673200 3.169500 195.959900 255 239 242
-1.673200 3.171100 195.882200 218 209 224
-1.673200 3.213500 195.924200 139 133 131
-1.673200 3.214900 195.863300 162 140 143
-1.673100 3.169600 195.942100 249 235 255
-1.673100 3.169700 195.924300 255 255 255
-1.673100 3.169800 195.909000 255 245 255
-1.673100 3.169900 195.885600 244 218 214
-1.673100 3.170000 195.869300 240 232 246
-1.673100 3.170800 195.953900 231 222 223
-1.673100 3.171300 195.843800 239 231 255
-1.673100 3.213500 195.921800 148 127 128
-1.673100 3.214900 195.852800 157 137 148
-1.673100 3.215000 195.813400 156 134 147
-1.673000 3.169500 195.957500 249 220 245
-1.673000 3.169600 195.943200 244 228 249
-1.673000 3.169600 195.946800 215 214 244
-1.673000 3.169700 195.920800 255 255 255
-1.673000 3.169700 195.929000 255 241 250
-1.673000 3.169700 195.931400 255 244 255
-1.673000 3.169700 195.934900 255 236 255
-1.673000 3.169800 195.900800 255 253 255
-1.673000 3.169800 195.904400 255 249 246
-1.673000 3.169800 195.906700 255 251 255
-1.673000 3.169900 195.876300 236 214 239
-1.673000 3.169900 195.888000 255 236 255
-1.673000 3.170000 195.870500 238 215 238
-1.673000 3.170900 195.927900 216 207 225
-1.673000 3.213400 195.933600 160 138 145
-1.673000 3.213400 195.935900 149 132 142
-1.673000 3.214900 195.830700 145 131 139
-1.673000 3.214900 195.831900 142 128 135
-1.673000 3.214900 195.851600 145 132 133
-1.673000 3.215000 195.814500 157 133 144
-1.672900 3.169600 195.944400 255 227 246
-1.672900 3.169700 195.916100 255 255 255
-1.672900 3.169800 195.905500 249 252 255
-1.672900 3.169900 195.884400 249 225 236
-1.672900 3.170000 195.850700 255 238 255
-1.672900 3.170000 195.867000 255 233 255
-1.672900 3.170700 195.955100 215 202 215
-1.672900 3.171100 195.872800 215 210 223
-1.672900 3.213300 195.968000 150 137 130
-1.672900 3.213400 195.925300 160 135 139
-1.672900 3.213400 195.926500 164 138 152
-1.672900 3.214800 195.862000 144 124 143
-1.672900 3.214900 195.820300 141 138 127
-1.672900 3.214900 195.824900 149 132 134
-1.672900 3.215000 195.815700 149 122 133
-1.672800 3.169600 195.945600 255 237 255
-1.672800 3.169700 195.930200 255 233 255
-1.672800 3.169900 195.871600 237 223 224
-1.672800 3.169900 195.877400 234 226 237
-1.672800 3.170000 195.851900 255 252 255
-1.672800 3.170100 195.836800 255 255 255
-1.672800 3.170100 195.838000 255 255 255
-1.672800 3.170100 195.839100 255 255 255
-1.672800 3.213300 195.966800 156 124 135
-1.672800 3.213400 195.934700 142 123 124
-1.672800 3.214800 195.864300 154 138 138
-1.672800 3.214800 195.871300 164 134 156
-1.672800 3.214900 195.816800 142 129 132
-1.672800 3.214900 195.823800 149 133 136
-1.672800 3.214900 195.833000 162 140 152
-1.672800 3.214900 195.843500 157 144 133
-1.672800 3.214900 195.846900 135 119 154
-1.672700 3.169500 195.953800 228 222 235
-1.672700 3.169500 195.964500 255 227 245
-1.672700 3.169500 195.965700 255 237 247
-1.672700 3.169600 195.940800 255 224 252
-1.672700 3.169700 195.911300 255 255 255
-1.672700 3.169700 195.913700 255 255 255
-1.672700 3.169700 195.925400 255 255 255
-1.672700 3.169800 195.890200 248 231 235
-1.672700 3.169900 195.875100 250 218 249
-1.672700 3.170000 195.849500 255 249 255
-1.672700 3.170100 195.832200 255 255 255
-1.672700 3.170100 195.835600 255 255 255
-1.672700 3.170800 195.949100 207 198 211
-1.672700 3.170800 195.950300 215 208 222
-1.672700 3.171100 195.884400 205 201 211
-1.672700 3.213300 195.952500 127 127 131
-1.672700 3.213300 195.958400 138 131 136
-1.672700 3.214800 195.870200 143 134 143
-1.672700 3.214900 195.819200 157 134 134
-1.672700 3.214900 195.845800 149 133 142
-1.672600 3.169000 195.813700 255 255 255
-1.672600 3.169700 195.923100 255 255 255
-1.672600 3.169700 195.927800 255 243 255
-1.672600 3.169800 195.886700 255 234 236
-1.672600 3.169900 195.872700 246 222 240
-1.672600 3.169900 195.883200 245 219 230
-1.672600 3.170100 195.834500 255 255 255
-1.672600 3.170600 195.966900 246 212 228
-1.672600 3.213300 195.945300 155 142 150
-1.672600 3.213300 195.959600 120 121 120
-1.672600 3.214800 195.856200 131 125 130
-1.672600 3.214800 195.872500 162 134 155
-1.672600 3.214900 195.826100 154 137 132
-1.672600 3.214900 195.829500 140 124 135
-1.672600 3.214900 195.838800 119 119 123
-1.672600 3.214900 195.842300 152 137 131
-1.672500 3.169600 195.939600 255 227 244
-1.672500 3.169700 195.921900 255 255 255
-1.672500 3.169900 195.873900 255 225 255
-1.672500 3.169900 195.878600 234 233 231
-1.672500 3.169900 195.882100 244 217 220
-1.672500 3.170000 195.858700 255 243 255
-1.672500 3.170000 195.863400 255 248 253
-1.672500 3.170600 195.968100 255 204 223
-1.672500 3.170700 195.952600 217 206 213
-1.672500 3.170800 195.947900 218 208 218
-1.672500 3.213300 195.947700 134 128 135
-1.672500 3.213300 195.960800 132 131 128
-1.672500 3.214800 195.848000 141 122 134
-1.672500 3.214800 195.850400 142 124 143
-1.672500 3.214900 195.811000 144 128 127
-1.672500 3.214900 195.812200 151 130 136
-1.672500 3.214900 195.817900 147 133 135
-1.672500 3.214900 195.821400 153 126 126
-1.672500 3.214900 195.822600 159 133 126
-1.672500 3.214900 195.828300 160 134 146
-1.672500 3.214900 195.834200 142 119 130
-1.672500 3.214900 195.844500 152 141 127
-1.672500 3.215000 195.805300 126 131 124
-1.672400 3.169600 195.936000 255 232 255
-1.672400 3.169700 195.910100 255 255 255
-1.672400 3.169700 195.917200 255 255 255
-1.672400 3.169700 195.919500 255 255 255
-1.672400 3.170000 195.853000 255 250 255
-1.672400 3.170000 195.859900 255 226 253
-1.672400 3.170100 195.840200 255 255 255
-1.672400 3.170700 195.956200 224 215 242
-1.672400 3.213300 195.957200 135 130 121
-1.672400 3.214800 195.853900 152 135 135
-1.672300 3.169000 195.814800 255 255 255
-1.672300 3.169500 195.960900 234 226 230
-1.672300 3.169700 195.912400 255 255 255
-1.672300 3.169700 195.926500 255 250 255
-1.672300 3.170000 195.848300 255 255 255
-1.672300 3.170000 195.862200 255 246 255
-1.672300 3.170000 195.864600 255 224 251
-1.672300 3.170000 195.865700 238 235 244
-1.672300 3.170700 195.951400 244 219 236
-1.672300 3.170700 195.957300 218 204 212
-1.672300 3.213300 195.956000 142 137 138
-1.672300 3.214700 195.879400 143 130 136
-1.672300 3.214800 195.860800 154 130 151
-1.672300 3.214800 195.865400 138 115 141
-1.672300 3.214900 195.806400 140 129 137
-1.672300 3.214900 195.807600 154 132 150
-1.672300 3.214900 195.809900 143 137 133
-1.672300 3.214900 195.837600 155 143 151
-1.672200 3.169500 195.966800 255 237 243
-1.672200 3.169600 195.937200 244 237 233
-1.672200 3.170800 195.933600 212 212 214
-1.672200 3.213300 195.946500 143 129 138
-1.672200 3.213300 195.953600 148 133 139
-1.672200 3.213300 195.961900 152 124 136
-1.672200 3.214800 195.849200 151 131 151
-1.672200 3.214800 195.854900 150 139 130
-1.672200 3.214800 195.857300 140 136 129
-1.672200 3.214900 195.827200 143 128 126
-1.672100 3.168600 195.891300 255 255 255
-1.672100 3.169100 195.806700 255 255 255
-1.672100 3.169600 195.938300 245 230 234
-1.672100 3.169900 195.879700 234 212 222
-1.672100 3.169900 195.880800 241 215 221
-1.672100 3.170000 195.844800 255 255 255
-1.672100 3.170000 195.856400 255 251 255
-1.672100 3.170000 195.857500 255 255 255
-1.672100 3.170000 195.861000 255 237 255
-1.672100 3.170100 195.841300 255 255 255
-1.672100 3.170600 195.969200 244 207 208
-1.672100 3.170800 195.946600 208 206 224
-1.672100 3.213300 195.964200 145 130 132
-1.672100 3.213300 195.969100 148 127 136
-1.672100 3.214700 195.868900 149 134 156
-1.672100 3.214700 195.873600 153 131 144
-1.672100 3.214800 195.859600 167 141 146
-1.672100 3.214900 195.808700 169 150 163
-1.672000 3.169000 195.812500 255 255 255
-1.672000 3.170000 195.845900 255 255 255
-1.672000 3.170900 195.923000 216 218 248
-1.672000 3.171100 195.868000 228 206 226
-1.672000 3.171100 195.870300 221 209 225
-1.672000 3.213300 195.954700 152 131 137
-1.672000 3.214700 195.866600 141 135 127
-1.672000 3.214700 195.878200 144 130 129
-1.672000 3.214800 195.858400 139 133 126
-1.671900 3.168600 195.893600 255 255 255
-1.671900 3.169100 195.805600 255 255 255
-1.671900 3.169400 195.967900 255 252 244
-1.671900 3.169500 195.963200 244 226 228
-1.671900 3.169700 195.918200 255 255 255
-1.671900 3.170000 195.842500 255 255 255
-1.671900 3.170000 195.843600 255 255 255
-1.671900 3.170000 195.847100 255 255 255
-1.671900 3.170000 195.854000 255 255 255
-1.671900 3.170000 195.855200 255 249 255
-1.671900 3.171100 195.869100 243 224 237
-1.671900 3.214700 195.867700 144 134 146
-1.671800 3.168600 195.898300 255 255 255
-1.671800 3.168600 195.901800 255 255 255
-1.671800 3.169000 195.818200 255 255 255
-1.671800 3.170900 195.912400 251 237 253
-1.671800 3.170900 195.913500 255 244 255
-1.671800 3.171100 195.877300 225 213 225
-1.671800 3.176700 195.885500 198 192 201
-1.671800 3.214700 195.882900 132 126 141
-1.671800 3.214800 195.835200 142 126 133
-1.671800 3.214800 195.836300 132 123 139
-1.671700 3.168600 195.892400 255 255 255
-1.671700 3.168900 195.832000 255 255 255
-1.671700 3.171200 195.840100 239 234 255
-1.671700 3.213200 195.963000 136 135 137
-1.671700 3.214700 195.874700 130 133 127
-1.671600 3.169000 195.820500 255 255 255
-1.671600 3.169400 195.969100 255 245 240
-1.671600 3.214600 195.906200 163 145 164
-1.671600 3.214700 195.877000 150 131 140
-1.671600 3.214700 195.880500 134 128 145
-1.671600 3.214700 195.884000 150 134 144
-1.671500 3.168600 195.894700 255 255 255
-1.671500 3.168600 195.897000 255 255 255
-1.671500 3.168600 195.899400 255 255 255
-1.671500 3.168900 195.821600 255 255 255
-1.671500 3.168900 195.823900 255 255 255
-1.671500 3.169000 195.807800 255 255 255
-1.671500 3.169000 195.809000 255 255 255
-1.671500 3.169000 195.817000 255 255 255
-1.671500 3.169500 195.961900 255 231 238
-1.671500 3.169800 195.894700 255 255 255
-1.671500 3.214700 195.875800 141 134 141
-1.671500 3.214700 195.881600 119 124 140
-1.671400 3.168600 195.890000 255 255 255
-1.671400 3.168600 195.895900 255 255 255
-1.671400 3.168600 195.900500 255 255 255
-1.671400 3.168900 195.830800 255 255 255
-1.671400 3.214600 195.893300 146 139 135
-1.671400 3.214600 195.905000 154 132 151
-1.671300 3.168900 195.819300 255 255 255
-1.671300 3.168900 195.822800 255 255 255
-1.671300 3.168900 195.827400 255 255 255
-1.671300 3.214600 195.887400 167 141 142
-1.671300 3.214600 195.888600 150 137 126
-1.671300 3.214600 195.894500 150 140 148
-1.671200 3.168900 195.829700 255 255 255
-1.671200 3.214600 195.886300 175 145 149
-1.671100 3.168900 195.826200 255 255 255
-1.671100 3.168900 195.828500 255 255 255
-1.671100 3.168900 195.833100 255 255 255
-1.671100 3.169000 195.811200 255 255 255
-1.671100 3.169000 195.815800 255 255 255
-1.671100 3.214600 195.885100 158 132 135
-1.671000 3.214500 195.903800 167 138 149
-1.671000 3.214500 195.907300 146 132 140
-1.671000 3.214600 195.897900 148 135 135
-1.670900 3.168900 195.825000 255 255 255
-1.670900 3.169000 195.810100 255 255 255
-1.670900 3.214600 195.895600 152 144 143
-1.670800 3.168600 195.887600 255 255 255
-1.670800 3.168900 195.834200 255 255 255
-1.670700 3.214500 195.926100 158 133 144
-1.670600 3.168900 195.835400 255 255 255
-1.670600 3.214500 195.924900 139 134 136
-1.670400 3.214400 195.943700 154 140 149
-1.670400 3.214400 195.944900 166 142 147
-1.670300 3.214400 195.927200 152 133 148
-1.670200 3.168600 195.888600 255 255 255
-1.670200 3.214400 195.946000 149 135 143
-1.669900 3.214400 195.929400 149 131 144
-1.669800 3.214400 195.922300 157 131 141
-1.669700 3.214400 195.930600 134 124 139
-1.586700 3.226700 195.839400 145 136 140
-1.586300 3.226500 195.922200 168 148 162
-1.586300 3.226700 195.840400 177 149 165
-1.586300 3.226800 195.822900 175 159 165
-1.586300 3.226800 195.824000 173 139 161
-1.586200 3.226400 195.923300 149 161 162
-1.586200 3.226700 195.838200 153 145 161
-1.586100 3.226700 195.827300 164 156 154
-1.586000 3.226300 195.945600 158 144 154
-1.586000 3.226400 195.918800 162 145 155
-1.586000 3.226600 195.846900 172 156 166
-1.586000 3.226800 195.805500 196 156 173
-1.585900 3.226600 195.843600 166 153 159
-1.585900 3.226600 195.844700 162 150 149
-1.585900 3.226600 195.845800 157 145 151
-1.585900 3.226700 195.816300 173 146 151
-1.585900 3.226800 195.809800 166 157 156
-1.585800 3.226300 195.953400 160 144 162
-1.585800 3.226400 195.919800 166 149 155
-1.585800 3.226400 195.920900 173 153 159
-1.585800 3.226400 195.929900 168 142 171
-1.585800 3.226400 195.936600 160 151 161
-1.585800 3.226400 195.937700 169 142 154
-1.585800 3.226700 195.817400 162 137 145
-1.585700 3.226300 195.938800 169 140 155
-1.585700 3.226300 195.944400 172 156 171
-1.585700 3.226300 195.964700 150 143 142
-1.585700 3.226300 195.965800 161 138 154
-1.585700 3.226500 195.874400 169 150 155
-1.585700 3.226500 195.897600 169 162 144
-1.585700 3.226500 195.906500 163 148 158
-1.585700 3.226600 195.841400 167 151 161
-1.585700 3.226600 195.849100 159 156 149
-1.585700 3.226600 195.864500 170 161 159
-1.585700 3.226600 195.873300 174 151 149
-1.585700 3.226700 195.819600 168 158 154
-1.585700 3.226700 195.821800 168 151 152
-1.585700 3.226700 195.826100 171 158 153
-1.585700 3.226700 195.828300 168 150 146
-1.585700 3.226800 195.806500 185 147 178
-1.585700 3.226800 195.810900 177 161 167
-1.585600 3.226300 195.948900 161 157 140
-1.585600 3.226300 195.952300 142 141 143
-1.585600 3.226300 195.954500 174 132 161
-1.585600 3.226300 195.955600 181 154 180
-1.585600 3.226300 195.956800 136 139 142
-1.585600 3.226400 195.914200 168 156 157
-1.585600 3.226400 195.917600 173 158 167
-1.585600 3.226400 195.928700 153 159 173
-1.585600 3.226500 195.869900 200 159 176
-1.585600 3.226500 195.871000 193 149 166
-1.585600 3.226600 195.848000 168 159 159
-1.585600 3.226600 195.856800 175 149 167
-1.585600 3.226700 195.813000 175 159 162
-1.585600 3.226700 195.825000 192 162 170
-1.585500 3.226400 195.905300 177 149 159
-1.585500 3.226400 195.927600 138 138 156
-1.585500 3.226500 195.896400 176 151 158
-1.585500 3.226600 195.858900 156 145 149
-1.585500 3.226700 195.811900 155 154 150
-1.585500 3.226700 195.818500 167 157 163
-1.585500 3.226700 195.820700 174 160 156
-1.585400 3.226200 195.966900 175 135 160
-1.585400 3.226200 195.969200 179 150 155
-1.585400 3.226300 195.935400 157 155 156
-1.585400 3.226300 195.946600 179 144 164
-1.585400 3.226300 195.947700 172 153 154
-1.585400 3.226300 195.950000 156 144 146
-1.585400 3.226300 195.951100 175 152 164
-1.585400 3.226300 195.957900 149 150 142
-1.585400 3.226300 195.962400 167 148 147
-1.585400 3.226300 195.963500 151 143 142
-1.585400 3.226400 195.910800 157 155 161
-1.585400 3.226400 195.924200 158 149 160
-1.585400 3.226400 195.926500 175 149 159
-1.585400 3.226500 195.872100 173 149 154
-1.585400 3.226500 195.875400 169 158 174
-1.585400 3.226600 195.842500 154 146 150
-1.585400 3.226600 195.853400 177 151 155
-1.585400 3.226600 195.860000 168 155 163
-1.585400 3.226600 195.865500 150 151 141
-1.585400 3.226700 195.808700 160 162 153
-1.585300 3.226200 195.968000 155 136 147
-1.585300 3.226300 195.930900 170 149 161
-1.585300 3.226300 195.933100 177 156 167
-1.585300 3.226300 195.934200 147 143 146
-1.585300 3.226300 195.961200 157 141 144
-1.585300 3.226400 195.903000 160 157 162
-1.585300 3.226400 195.913100 167 149 157
-1.585300 3.226500 195.876500 183 149 168
-1.585300 3.226500 195.898600 150 143 145
-1.585300 3.226600 195.830400 183 152 161
-1.585300 3.226600 195.831600 169 149 149
-1.585300 3.226600 195.833700 155 162 151
-1.585300 3.226600 195.850100 163 162 162
-1.585300 3.226600 195.857800 183 155 154
-1.585300 3.226700 195.807600 184 156 177
-1.585200 3.226200 195.958900 163 139 140
-1.585200 3.226300 195.925300 163 154 164
-1.585200 3.226400 195.904100 162 151 153
-1.585200 3.226400 195.907500 151 152 160
-1.585200 3.226400 195.915300 164 147 154
-1.585200 3.226500 195.861100 168 143 154
-1.585200 3.226500 195.863300 154 141 151
-1.585200 3.226500 195.879800 169 149 150
-1.585200 3.226600 195.829300 175 154 160
-1.585200 3.226600 195.832600 158 153 145
-1.585200 3.226600 195.834800 162 147 147
-1.585200 3.226600 195.855600 174 144 167
-1.585100 3.226300 195.939800 176 151 144
-1.585100 3.226400 195.909700 175 146 154
-1.585100 3.226400 195.916300 153 142 152
-1.585100 3.226500 195.868800 169 153 164
-1.585100 3.226500 195.895300 175 156 158
-1.585100 3.226600 195.837000 154 144 157
-1.585100 3.226600 195.851200 164 149 166
-1.585100 3.226700 195.814100 173 159 160
-1.585100 3.226700 195.815200 169 155 155
-1.585000 3.226200 195.960000 159 141 145
-1.585000 3.226300 195.931900 175 151 164
-1.585000 3.226300 195.943100 170 146 159
-1.585000 3.226400 195.894100 157 150 145
-1.585000 3.226400 195.911900 161 149 164
-1.585000 3.226500 195.862200 167 150 158
-1.585000 3.226600 195.852300 177 153 162
-1.585000 3.226600 195.854400 184 153 168
-1.584900 3.226300 195.940900 183 148 155
-1.584900 3.226300 195.942000 171 163 172
-1.584900 3.226400 195.901900 158 149 158
-1.584800 3.226500 195.877500 174 138 151
-1.584800 3.226500 195.878600 184 152 156
-1.584800 3.226500 195.887500 169 163 156
-1.584800 3.226600 195.835800 173 158 154
-1.584700 3.226400 195.884100 184 157 161
-1.584700 3.226400 195.886300 141 145 141
-1.584700 3.226500 195.867600 160 151 156
-1.584600 3.226300 195.908500 169 155 159
-1.584600 3.226400 195.893000 149 143 146
-1.584600 3.226500 195.866500 157 159 165
-1.584500 3.226400 195.883000 172 144 159
-1.584500 3.226400 195.885200 164 153 152
-1.584500 3.226400 195.889600 153 147 157
-1.584500 3.226400 195.890700 167 156 161
-1.584500 3.226400 195.899600 151 148 161
-1.584300 3.226400 195.880800 153 150 148
-1.584300 3.226400 195.888500 164 141 141
-1.584300 3.226400 195.891800 150 143 138
-1.584200 3.226300 195.900600 170 153 166
-1.584000 3.226400 195.881800 169 147 162
-1.582500 3.227500 195.806200 158 143 152
-1.582500 3.227500 195.819200 152 146 148
-1.582400 3.227500 195.818100 166 150 158
-1.582300 3.227500 195.807200 175 152 168
-1.582200 3.227400 195.846400 168 153 152
-1.582200 3.227400 195.849700 150 161 163
-1.582200 3.227400 195.850700 151 156 156
-1.582200 3.227500 195.808300 159 145 145
-1.582200 3.227500 195.811500 157 155 154
-1.693800 3.194000 196.126000 25 61 60
-1.693100 3.195200 196.118800 43 59 60
-1.693000 3.195300 196.115200 43 58 66
-1.693000 3.195400 196.093200 62 66 68
-1.692900 3.195400 196.133500 63 52 64
-1.692800 3.195700 196.111500 55 58 66
-1.692800 3.195700 196.129800 56 49 60
-1.692700 3.195900 196.104200 47 63 68
-1.692700 3.196000 196.089600 47 68 63
-1.692100 3.196800 196.108000 65 62 72
-1.692000 3.197200 196.078800 90 65 72
-1.691500 3.198000 196.075200 77 64 81
-1.689700 3.194500 196.122500 43 62 61
-1.689700 3.194600 196.107900 62 62 71
-1.689700 3.194700 196.078700 74 72 82
-1.689600 3.194500 196.133500 55 50 66
-1.689500 3.194800 196.126200 29 57 45
-1.689500 3.195000 196.089700 48 62 70
-1.689400 3.195500 196.009400 100 71 99
-1.689300 3.195600 196.034900 94 77 102
-1.689300 3.195700 196.016700 104 80 94
-1.689200 3.195200 196.129900 51 50 61
-1.689200 3.195400 196.111600 50 59 67
-1.689200 3.195500 196.060500 80 77 82
-1.689200 3.195500 196.082400 45 72 70
-1.689200 3.195800 196.038600 98 72 95
-1.689100 3.195700 196.056900 50 81 82
-1.689100 3.195700 196.093400 77 64 75
-1.689100 3.195800 196.064200 77 67 62
-1.689100 3.195800 196.075100 77 68 76
-1.689000 3.196300 196.005800 100 81 103
-1.688900 3.195800 196.100700 80 60 67
-1.688900 3.195900 196.104400 63 67 73
-1.688900 3.196100 196.053200 81 71 84
-1.688800 3.196000 196.119000 18 68 60
-1.688800 3.196200 196.067900 62 65 74
-1.688800 3.196200 196.071500 71 66 79
-1.688700 3.196300 196.086100 59 66 82
-1.688700 3.196300 196.097100 71 67 73
-1.688700 3.196400 196.045900 95 68 84
-1.688700 3.196600 196.049600 96 65 79
-1.688600 3.196600 196.042300 93 70 86
-1.688600 3.197000 196.002200 116 81 102
-1.688300 3.196800 196.115400 43 61 66
-1.688300 3.197300 196.031400 92 85 104
-1.688200 3.197500 196.027800 97 81 120
-1.688100 3.197700 196.020500 93 91 98
-1.688100 3.197700 196.024100 92 81 104
-1.687000 3.193100 196.053100 75 78 86
-1.687000 3.193100 196.060400 94 73 74
-1.687000 3.193300 196.013000 124 92 116
-1.687000 3.193300 196.023900 95 74 100
-1.686900 3.193400 196.027600 97 81 113
-1.686900 3.193500 195.991100 86 97 113
-1.686900 3.193500 196.009300 136 76 112
-1.686800 3.193400 196.075000 80 64 86
-1.686800 3.193600 196.031300 86 77 96
-1.686800 3.193800 195.994800 81 101 102
-1.686700 3.193500 196.056800 73 77 76
-1.686700 3.193800 196.005700 112 85 109
-1.686700 3.193900 195.987500 105 93 111
-1.686700 3.194000 195.976600 118 98 102
-1.686600 3.193500 196.118900 36 66 69
-1.686600 3.193600 196.097000 70 64 77
-1.686600 3.193600 196.100700 66 60 68
-1.686600 3.193700 196.071400 74 70 87
-1.686600 3.193700 196.082400 40 80 56
-1.686600 3.193700 196.086000 101 56 94
-1.686600 3.193800 196.049500 100 71 92
-1.686600 3.194000 196.002100 132 90 114
-1.686600 3.194000 196.034900 90 81 80
-1.686500 3.193700 196.089700 102 56 85
-1.686500 3.193700 196.093400 85 63 83
-1.686500 3.193900 196.064100 98 76 74
-1.686400 3.193700 196.133600 55 56 65
-1.686400 3.194100 196.078700 58 68 72
-1.686400 3.194500 195.998400 119 90 106
-1.686400 3.194600 195.972900 111 99 99
-1.686300 3.194000 196.108000 66 62 65
-1.686300 3.194000 196.122700 65 57 70
-1.686300 3.194100 196.104400 58 69 56
-1.686300 3.194100 196.115300 46 63 72
-1.686300 3.194400 196.020300 98 88 89
-1.686300 3.194400 196.038600 103 77 104
-1.686300 3.194600 195.980200 127 101 124
-1.686300 3.194600 196.016700 103 77 69
-1.686200 3.194100 196.130000 59 62 49
-1.686200 3.194200 196.111700 44 60 68
-1.686100 3.194700 196.042200 97 70 94
-1.686100 3.194900 195.983900 112 92 108
-1.685900 3.195100 196.045900 97 74 94
-1.685800 3.194700 196.126400 75 58 70
-1.685800 3.195100 196.067900 73 66 71
-1.682400 3.193500 196.027700 93 74 88
-1.682300 3.193600 196.024100 105 88 94
-1.682300 3.193800 196.009500 73 96 81
-1.682200 3.193800 196.005800 93 95 103
-1.682200 3.193900 195.983900 104 91 111
-1.682200 3.193900 196.031400 98 83 103
-1.682200 3.194000 195.987600 101 94 116
-1.682000 3.194000 196.049700 85 75 90
-1.682000 3.194300 195.991300 104 97 123
-1.681900 3.193800 196.119100 72 61 81
-1.681900 3.193900 196.097200 51 66 77
-1.681900 3.194100 196.053300 77 81 86
-1.681900 3.194400 196.002200 118 92 116
-1.681900 3.194600 195.980300 97 103 112
-1.681800 3.194100 196.122800 83 50 75
-1.681800 3.194400 196.057000 83 75 74
-1.681800 3.194500 196.020500 108 87 104
-1.681800 3.194500 196.046000 102 70 98
-1.681700 3.194300 196.108200 73 60 68
-1.681700 3.194400 196.075300 77 66 83
-1.681700 3.194600 196.035100 87 83 93
-1.681700 3.194900 195.976700 109 97 117
-1.681600 3.194400 196.126500 91 47 70
-1.681600 3.194500 196.115500 84 54 68
-1.681600 3.194600 196.086300 83 64 88
-1.681500 3.194700 196.093600 77 63 88
-1.681500 3.195000 196.013200 105 84 96
-1.681500 3.195300 195.973100 102 104 103
-1.681400 3.194600 196.130200 56 61 57
-1.681400 3.195300 195.995000 83 103 104
-1.681300 3.195000 196.090000 67 65 59
-1.681300 3.195100 196.071700 81 72 103
-1.681300 3.195200 196.079000 56 76 90
-1.681300 3.195500 195.998600 101 93 107
-1.681300 3.195500 196.016900 100 85 82
-1.681200 3.195000 196.133900 62 61 66
-1.681200 3.195100 196.111900 92 41 75
-1.681200 3.195200 196.101000 80 57 77
-1.681200 3.195200 196.104600 68 60 65
-1.681200 3.195300 196.064400 100 73 82
-1.681200 3.195400 196.060700 78 76 75
-1.681100 3.195500 196.068100 92 66 85
-1.681100 3.195600 196.042500 104 69 106
-1.681000 3.195500 196.082700 57 69 79
-1.681000 3.195800 196.038800 98 77 97
-1.678400 3.193400 195.987700 119 93 123
-1.678300 3.193500 196.009600 86 97 98
-1.678300 3.193600 195.991300 123 94 114
-1.678100 3.193500 196.082600 73 66 83
-1.678100 3.193700 196.064400 110 70 83
-1.678100 3.194000 195.973100 119 110 125
-1.678000 3.193400 196.126500 56 63 78
-1.677900 3.193600 196.108200 65 63 62
-1.677900 3.194200 196.013300 100 96 112
-1.677900 3.194300 195.995000 115 96 109
-1.677800 3.193900 196.097300 83 50 83
-1.677800 3.193900 196.112000 78 60 67
-1.677800 3.194000 196.086300 85 70 107
-1.677800 3.194200 196.046100 81 84 106
-1.677800 3.194200 196.060800 106 68 81
-1.677800 3.194500 195.976800 116 106 123
-1.677700 3.194000 196.123000 75 64 80
-1.677700 3.194400 196.035200 84 86 97
-1.677700 3.194400 196.038800 105 82 100
-1.677700 3.194700 195.984100 119 100 124
-1.677600 3.194000 196.130300 68 57 69
-1.677600 3.194200 196.104700 81 67 78
-1.677600 3.194300 196.093700 92 74 96
-1.677600 3.194300 196.101000 93 61 90
-1.677600 3.194400 196.079100 56 72 103
-1.677600 3.194500 196.042500 112 76 109
-1.677600 3.194500 196.068100 97 71 80
-1.677600 3.194600 196.016900 111 91 112
-1.677600 3.194600 196.031600 82 87 105
-1.677600 3.194600 196.049800 76 80 87
-1.677500 3.194700 196.027900 109 85 110
-1.677500 3.194800 196.024300 51 98 88
-1.677500 3.194900 195.998700 119 104 118
-1.677500 3.194900 196.006000 108 92 109
-1.677400 3.194400 196.115700 83 62 68
-1.677400 3.194400 196.134000 75 60 68
-1.677400 3.194700 196.071800 87 80 84
-1.677400 3.194700 196.090100 82 70 96
-1.677400 3.194900 196.020600 87 90 96
-1.677400 3.195200 195.980500 92 103 112
-1.677300 3.194700 196.119400 74 60 65
-1.677300 3.194900 196.075500 73 74 102
-1.677100 3.195300 196.057200 102 74 83
-1.677000 3.195500 196.053500 82 85 88
-1.677000 3.195800 196.002400 90 100 111
-1.676400 3.212100 196.079600 101 78 93
-1.676400 3.212100 196.080800 127 94 93
-1.676400 3.213100 196.114600 92 65 67
-1.676400 3.213100 196.125900 53 53 77
-1.676300 3.212100 196.078300 110 76 88
-1.676300 3.213100 196.122100 110 85 85
-1.676200 3.189800 196.097100 59 92 81
-1.676200 3.189800 196.100800 74 80 76
-1.676200 3.212100 196.042500 142 120 119
-1.676200 3.212100 196.053600 129 109 116
-1.676200 3.212100 196.065900 127 112 103
-1.676200 3.212100 196.067200 102 103 97
-1.676200 3.212100 196.072100 111 100 103
-1.676200 3.212100 196.077000 119 92 107
-1.676200 3.213100 196.099500 111 91 83
-1.676200 3.213100 196.127200 83 66 65
-1.676100 3.211000 196.022900 164 140 153
-1.676100 3.212100 196.041300 130 113 113
-1.676100 3.212100 196.043700 125 117 97
-1.676100 3.212100 196.052300 120 105 109
-1.676100 3.212100 196.064700 127 110 109
-1.676100 3.213100 196.093200 115 94 89
-1.676100 3.213100 196.100700 86 76 75
-1.676100 3.213100 196.105700 67 85 67
-1.676100 3.213100 196.109500 88 71 77
-1.676100 3.213100 196.118300 91 73 86
-1.676000 3.190300 196.064200 111 85 98
-1.676000 3.211000 196.024100 150 118 139
-1.676000 3.212100 196.036300 150 124 135
-1.676000 3.212100 196.040100 130 126 116
-1.676000 3.212100 196.058500 118 100 90
-1.676000 3.212100 196.063400 120 106 110
-1.676000 3.213100 196.098200 116 88 95
-1.676000 3.213100 196.101900 96 86 85
-1.676000 3.213100 196.115700 83 71 89
-1.675900 3.190600 196.071600 106 81 96
-1.675900 3.190800 196.009500 116 103 116
-1.675900 3.212100 196.056000 123 109 113
-1.675900 3.212100 196.057200 124 106 119
-1.675900 3.213100 196.091900 99 87 87
-1.675900 3.213100 196.113200 111 68 73
-1.675900 3.213100 196.116900 80 83 90
-1.675800 3.190700 196.067900 93 92 98
-1.675800 3.190700 196.075200 85 76 99
-1.675800 3.212100 196.044900 148 120 111
-1.675800 3.212100 196.049800 125 109 120
-1.675800 3.212100 196.051000 148 107 127
-1.675700 3.190900 196.049700 113 83 99
-1.675700 3.191000 196.046000 112 84 110
-1.675700 3.191200 195.991300 140 106 127
-1.675700 3.191300 195.987600 137 105 134
-1.675700 3.212100 196.030200 126 124 128
-1.675700 3.212100 196.048500 136 107 116
-1.675700 3.212100 196.059600 138 103 109
-1.675700 3.213100 196.086900 108 92 88
-1.675700 3.213100 196.094300 113 102 81
-1.675600 3.190700 196.119100 75 71 77
-1.675600 3.191300 196.024100 105 99 110
-1.675600 3.191600 195.973100 143 107 129
-1.675600 3.191600 195.976700 119 107 112
-1.675600 3.213100 196.083100 112 97 96
-1.675500 3.191400 196.038700 119 86 102
-1.675500 3.191500 195.994900 128 105 122
-1.675500 3.191500 196.020500 105 103 114
-1.675500 3.213100 196.088000 117 94 100
-1.675500 3.213200 196.067000 115 109 93
-1.675400 3.213100 196.089200 123 90 108
-1.675400 3.213200 196.065700 133 117 106
-1.675300 3.211100 195.972100 157 128 131
-1.675300 3.212100 196.028900 120 124 116
-1.675300 3.213100 196.079300 130 99 88
-1.675300 3.213100 196.081800 110 103 92
-1.675300 3.214200 196.129400 116 75 95
-1.675300 3.214200 196.130700 115 78 95
-1.675200 3.213100 196.068100 122 107 103
-1.675200 3.214200 196.126800 95 92 82
-1.675100 3.213100 196.076700 117 109 111
-1.675100 3.213100 196.080500 115 97 64
-1.675100 3.214200 196.125500 95 71 92
-1.675000 3.214200 196.134300 73 65 81
-1.674900 3.212100 196.027500 121 115 120
-1.674900 3.213100 196.058200 136 110 121
-1.674900 3.213100 196.064300 119 117 99
-1.674900 3.214200 196.120400 83 88 81
-1.674800 3.175900 196.079300 78 71 95
-1.674800 3.213100 196.056900 118 98 110
-1.674800 3.214200 196.128000 93 71 73
-1.674700 3.175900 196.119600 61 38 41
-1.674700 3.176000 196.044700 136 132 135
-1.674700 3.176000 196.069700 107 101 106
-1.674700 3.176000 196.089600 109 76 95
-1.674600 3.212200 195.970700 144 128 128
-1.674600 3.213100 196.059300 139 106 111
-1.674600 3.213100 196.063000 128 118 119
-1.674600 3.213100 196.072900 120 103 102
-1.674600 3.214200 196.124100 101 77 81
-1.674500 3.176800 196.129200 77 51 49
-1.674500 3.176900 196.122800 82 56 52
-1.674500 3.177000 196.117000 88 67 53
-1.674500 3.212200 195.972000 163 135 124
-1.674500 3.213100 196.050700 140 112 121
-1.674500 3.213200 196.042100 126 118 108
-1.674500 3.213200 196.043300 140 119 114
-1.674500 3.214200 196.114000 98 74 100
-1.674500 3.214200 196.121600 113 88 84
-1.674400 3.173700 196.096900 80 68 62
-1.674400 3.212100 196.026200 128 124 143
-1.674400 3.212200 195.973100 141 119 118
-1.674400 3.213100 196.049400 128 123 123
-1.674400 3.213100 196.060500 143 103 105
-1.674400 3.213100 196.061700 119 94 105
-1.674400 3.213100 196.074100 136 109 110
-1.674400 3.214200 196.112700 119 81 107
-1.674400 3.214200 196.122800 103 81 81
-1.674300 3.173700 196.104300 49 55 52
-1.674300 3.176100 196.029200 175 159 179
-1.674300 3.176200 196.014600 177 168 181
-1.674300 3.212100 196.024900 138 122 137
-1.674300 3.213200 196.039600 129 120 121
-1.674200 3.173700 196.103000 54 62 76
-1.674200 3.213100 196.048100 119 115 116
-1.674200 3.213100 196.051800 122 110 109
-1.674200 3.213100 196.053100 115 108 110
-1.674200 3.214200 196.118900 81 83 90
-1.674100 3.173700 196.109300 61 38 54
-1.674100 3.174600 196.124000 58 60 64
-1.674100 3.212100 196.022400 142 117 128
-1.674100 3.212200 195.979000 142 134 117
-1.674000 3.171500 196.056700 125 104 125
-1.674000 3.213100 196.040700 130 124 135
-1.674000 3.213100 196.046900 126 113 113
-1.674000 3.214200 196.105100 109 95 95
-1.674000 3.214200 196.106300 109 86 84
-1.673900 3.171500 196.051800 121 122 134
-1.673900 3.172600 196.045700 143 135 148
-1.673900 3.173600 196.114200 80 51 70
-1.673900 3.212200 195.980200 128 125 123
-1.673900 3.213200 196.033400 134 115 127
-1.673900 3.214100 196.115100 98 66 100
-1.673900 3.214100 196.116300 100 81 86
-1.673900 3.214200 196.107500 110 88 75
-1.673800 3.212200 195.983700 141 122 130
-1.673800 3.212200 195.985000 140 129 136
-1.673800 3.214100 196.117600 111 83 83
-1.673800 3.214200 196.103800 104 93 88
-1.673700 3.169400 195.986300 224 235 221
-1.673700 3.170300 196.050500 131 127 137
-1.673700 3.172300 196.095000 84 76 92
-1.673700 3.212100 196.021100 148 126 134
-1.673700 3.213100 196.032100 134 121 121
-1.673700 3.213100 196.038200 141 118 118
-1.673700 3.214200 196.108700 94 66 72
-1.673600 3.171500 196.045600 145 134 145
-1.673600 3.171700 196.016400 198 192 213
-1.673600 3.214100 196.110000 98 83 97
-1.673600 3.214100 196.111200 87 78 70
-1.673500 3.170400 196.022400 217 208 237
-1.673500 3.170400 196.023600 219 218 240
-1.673500 3.170600 195.975500 233 213 216
-1.673500 3.171400 196.073800 115 83 97
-1.673500 3.171400 196.081300 78 72 73
-1.673500 3.171500 196.050400 123 118 128
-1.673500 3.212100 195.987300 134 122 129
-1.673500 3.213100 196.044300 145 120 117
-1.673500 3.214200 196.095000 128 112 104
-1.673400 3.169300 196.011500 230 235 252
-1.673400 3.170300 196.043100 156 149 159
-1.673400 3.170400 196.029700 216 214 233
-1.673400 3.172300 196.093700 86 71 89
-1.673400 3.172400 196.083700 109 81 98
-1.673400 3.212000 196.019900 135 126 129
-1.673400 3.213100 196.034500 146 123 132
-1.673400 3.213100 196.045500 120 118 111
-1.673400 3.214100 196.101100 92 81 92
-1.673400 3.214100 196.102400 117 98 103
-1.673300 3.169200 196.023600 255 246 252
-1.673300 3.169300 196.005400 255 255 255
-1.673300 3.169400 196.000600 255 240 238
-1.673300 3.170300 196.041800 164 158 157
-1.673300 3.170500 196.018700 220 205 232
-1.673300 3.170600 195.974200 241 223 224
-1.673300 3.171200 196.108600 74 61 82
-1.673300 3.171400 196.080000 96 75 84
-1.673300 3.171700 196.017500 207 194 229
-1.673300 3.172200 196.121100 75 55 51
-1.673300 3.172200 196.129900 46 50 69
-1.673300 3.172300 196.104900 47 56 61
-1.673300 3.172300 196.106100 94 66 60
-1.673300 3.172400 196.081200 86 98 73
-1.673300 3.213100 196.030800 127 119 113
-1.673300 3.213100 196.035700 143 113 121
-1.673300 3.214100 196.099900 99 98 94
-1.673300 3.214200 196.098600 112 94 103
-1.673200 3.169400 195.999400 248 227 218
-1.673200 3.170500 196.011400 216 207 231
-1.673200 3.171200 196.101000 77 51 74
-1.673200 3.171200 196.107300 43 74 73
-1.673200 3.171400 196.057700 125 104 136
-1.673200 3.171500 196.052800 142 118 131
-1.673200 3.172200 196.117300 84 71 77
-1.673200 3.172200 196.119900 84 46 55
-1.673200 3.172200 196.128700 37 54 35
-1.673200 3.213100 196.029500 134 130 131
-1.673100 3.169200 196.027200 255 255 255
-1.673100 3.169200 196.030800 255 255 253
-1.673100 3.169200 196.032000 253 241 245
-1.673100 3.170300 196.034500 204 187 214
-1.673100 3.170600 195.981400 245 209 232
-1.673100 3.170600 195.986200 201 207 218
-1.673100 3.170600 195.988600 203 200 208
-1.673100 3.170600 195.989800 197 198 198
-1.673100 3.171100 196.126100 86 54 51
-1.673100 3.171200 196.099800 54 66 94
-1.673100 3.172400 196.082400 71 67 61
-1.673100 3.214100 196.096100 120 104 94
-1.673100 3.214200 196.093600 107 100 96
-1.673000 3.169200 196.028300 255 255 252
-1.673000 3.169300 196.001700 255 239 234
-1.673000 3.169300 196.004200 255 255 255
-1.673000 3.169300 196.007800 248 251 243
-1.673000 3.169300 196.010200 236 235 251
-1.673000 3.170300 196.044200 149 143 163
-1.673000 3.170400 196.021100 223 209 241
-1.673000 3.170600 195.971800 238 211 222
-1.673000 3.170600 195.987300 215 216 216
-1.673000 3.213100 196.036800 142 124 125
-1.673000 3.214100 196.097300 110 100 103
-1.673000 3.214200 196.087300 116 92 95
-1.672900 3.169300 196.009000 255 252 255
-1.672900 3.170600 195.982500 237 207 226
-1.672900 3.170600 195.984900 215 202 219
-1.672900 3.170600 195.990900 226 210 219
-1.672900 3.171500 196.044200 155 143 163
-1.672900 3.212000 196.018500 142 117 128
-1.672900 3.214100 196.092300 110 98 90
-1.672800 3.169100 196.038000 206 189 204
-1.672800 3.169200 196.024600 255 255 255
-1.672800 3.169300 196.006500 255 249 247
-1.672800 3.170300 196.040500 173 161 185
-1.672800 3.170500 195.993300 211 196 200
-1.672800 3.170600 195.972900 230 206 219
-1.672800 3.171200 196.117200 88 66 77
-1.672800 3.171600 196.015000 209 195 218
-1.672800 3.213100 196.028200 130 121 128
-1.672800 3.214100 196.088500 110 96 88
-1.672700 3.169300 195.998000 231 222 231
-1.672700 3.169300 196.002900 255 236 241
-1.672700 3.169400 195.975300 255 253 239
-1.672700 3.170200 196.060100 125 111 116
-1.672700 3.170300 196.049000 128 124 137
-1.672700 3.170300 196.051400 130 127 146
-1.672700 3.170400 196.019800 233 212 239
-1.672700 3.170500 195.992100 208 192 204
-1.672700 3.170500 195.996900 204 200 215
-1.672700 3.170600 195.983700 227 209 221
-1.672700 3.171300 196.078600 112 83 93
-1.672700 3.171300 196.088500 108 77 93
-1.672700 3.171300 196.089700 96 49 94
-1.672700 3.171400 196.074800 105 95 93
-1.672700 3.172200 196.113400 74 55 69
-1.672700 3.172200 196.115900 41 50 58
-1.672700 3.172200 196.118400 83 36 63
-1.672600 3.170200 196.062500 101 87 112
-1.672600 3.170400 196.014900 220 200 232
-1.672600 3.171100 196.119600 86 52 63
-1.672600 3.171100 196.127200 82 43 58
-1.672600 3.171600 196.018600 197 189 220
-1.672600 3.172200 196.112100 59 48 47
-1.672600 3.213300 195.977500 143 127 128
-1.672600 3.214100 196.090900 116 102 98
-1.672500 3.169200 196.029400 255 255 255
-1.672500 3.170200 196.061200 123 106 118
-1.672500 3.170300 196.039200 174 163 184
-1.672500 3.170400 196.017300 231 208 236
-1.672500 3.170500 196.001600 212 202 210
-1.672500 3.171100 196.115800 62 38 72
-1.672500 3.171300 196.082200 75 68 72
-1.672500 3.171400 196.064900 86 101 109
-1.672500 3.171400 196.067400 112 105 105
-1.672500 3.171500 196.042800 156 136 152
-1.672500 3.172300 196.100800 94 64 80
-1.672400 3.169400 195.971600 255 244 238
-1.672400 3.170500 195.995600 199 196 207
-1.672400 3.170500 196.010100 227 214 230
-1.672400 3.170600 195.976400 214 205 202
-1.672400 3.171100 196.118300 97 42 75
-1.672400 3.171400 196.061200 124 100 112
-1.672400 3.171400 196.066100 107 95 97
-1.672400 3.171500 196.046500 145 133 142
-1.672400 3.171700 195.993200 206 184 200
-1.672400 3.172200 196.108300 76 69 82
-1.672400 3.172400 196.069800 119 88 104
-1.672400 3.213300 195.973900 152 133 151
-1.672400 3.214100 196.082200 119 100 103
-1.672400 3.214100 196.085900 125 104 110
-1.672300 3.169100 196.036700 218 200 227
-1.672300 3.169200 196.020900 250 231 252
-1.672300 3.169400 195.984800 252 237 242
-1.672300 3.170500 196.012400 223 205 234
-1.672300 3.170600 195.970400 230 202 201
-1.672300 3.171200 196.112000 81 54 75
-1.672300 3.171400 196.058700 128 115 128
-1.672300 3.171400 196.072300 113 90 94
-1.672300 3.171500 196.048900 137 124 144
-1.672300 3.172200 196.107000 70 63 76
-1.672300 3.172200 196.122100 49 42 54
-1.672300 3.172300 196.087100 94 64 67
-1.672300 3.213200 195.975100 143 123 130
-1.672300 3.213300 195.972600 138 122 126
-1.672300 3.214100 196.089600 105 101 85
-1.672200 3.169200 196.025700 255 255 255
-1.672200 3.170200 196.052500 147 129 146
-1.672200 3.170200 196.058700 135 119 126
-1.672200 3.170300 196.026900 235 214 246
-1.672200 3.170600 195.979900 221 215 226
-1.672200 3.171100 196.113200 67 48 56
-1.672200 3.171200 196.095700 91 64 64
-1.672200 3.171200 196.105800 58 44 61
-1.672200 3.172200 196.110700 72 58 58
-1.672200 3.172300 196.089600 98 74 90
-1.672200 3.213200 195.971400 121 113 102
-1.672200 3.213200 195.976200 126 125 130
-1.672200 3.214100 196.080900 117 110 116
-1.672100 3.169100 196.033000 255 245 252
-1.672100 3.170200 196.056200 129 119 135
-1.672100 3.170200 196.057400 126 92 121
-1.672100 3.170300 196.037900 185 168 185
-1.672100 3.170400 196.013600 220 209 239
-1.672100 3.170400 196.016000 225 207 237
-1.672100 3.171300 196.077100 111 82 112
-1.672100 3.171300 196.085800 107 82 98
-1.672100 3.172200 196.123300 55 62 62
-1.672100 3.172300 196.102000 85 59 76
-1.672100 3.172300 196.103200 53 64 81
-1.672100 3.176800 196.124600 62 43 42
-1.672100 3.208500 195.989300 123 124 130
-1.672100 3.214100 196.078400 119 107 102
-1.672100 3.214100 196.079600 111 107 99
-1.672100 3.214200 196.067300 127 107 98
-1.672000 3.170200 196.054900 116 122 130
-1.672000 3.170500 195.994300 202 202 211
-1.672000 3.170600 195.977500 212 205 202
-1.672000 3.171200 196.090700 99 63 94
-1.672000 3.171200 196.097000 95 68 80
-1.672000 3.171200 196.098200 75 59 98
-1.672000 3.171200 196.104400 78 55 87
-1.672000 3.171300 196.084600 91 81 95
-1.672000 3.171400 196.070900 113 96 104
-1.672000 3.172100 196.127000 59 50 43
-1.672000 3.172200 196.114500 63 43 77
-1.672000 3.172300 196.095700 86 63 82
-1.672000 3.172400 196.073400 127 96 109
-1.672000 3.205300 195.977200 112 118 129
-1.672000 3.207400 195.985700 152 126 129
-1.672000 3.213100 196.026800 126 122 128
-1.672000 3.213200 195.990600 130 119 117
-1.672000 3.213200 195.991800 146 119 135
-1.672000 3.214100 196.074600 136 109 109
-1.672000 3.214100 196.075800 110 96 103
-1.672000 3.214100 196.077100 132 112 132
-1.672000 3.214100 196.084500 121 102 99
-1.672000 3.215200 196.129600 115 96 94
-1.671900 3.169200 196.022000 249 238 255
-1.671900 3.169400 195.976300 255 255 242
-1.671900 3.170300 196.032900 200 200 218
-1.671900 3.170300 196.047600 140 136 141
-1.671900 3.171100 196.133300 81 49 53
-1.671900 3.171200 196.087000 99 76 87
-1.671900 3.171200 196.109400 74 58 75
-1.671900 3.171300 196.075800 94 84 98
-1.671900 3.171400 196.063500 126 100 119
-1.671900 3.173700 196.045500 126 121 135
-1.671900 3.174600 196.104400 81 71 69
-1.671900 3.174800 196.049200 131 117 124
-1.671900 3.176000 196.046800 133 129 134
-1.671900 3.208500 195.988100 129 112 119
-1.671900 3.213200 195.970200 137 122 119
-1.671900 3.214100 196.073400 145 111 100
-1.671900 3.214200 196.066000 136 123 113
-1.671900 3.215200 196.130800 92 67 83
-1.671800 3.169400 195.983400 253 234 237
-1.671800 3.170100 196.077000 95 76 112
-1.671800 3.170200 196.065900 106 104 110
-1.671800 3.170500 195.997800 222 201 231
-1.671800 3.171100 196.120600 65 43 45
-1.671800 3.171100 196.130700 62 48 68
-1.671800 3.171200 196.094400 82 88 69
-1.671800 3.172300 196.091900 92 70 76
-1.671800 3.207400 195.984400 146 117 127
-1.671700 3.169300 195.996600 240 227 233
-1.671700 3.170200 196.053600 119 119 124
-1.671700 3.170200 196.063400 99 94 116
-1.671700 3.171100 196.124300 81 43 76
-1.671700 3.171100 196.131900 38 43 43
-1.671700 3.171200 196.091900 85 46 83
-1.671700 3.171400 196.047500 145 131 146
-1.671700 3.171400 196.068400 111 91 110
-1.671700 3.171400 196.069600 129 99 118
-1.671700 3.172200 196.124400 87 43 76
-1.671700 3.172300 196.078300 106 90 87
-1.671700 3.174400 196.130700 85 33 82
-1.671700 3.174500 196.120700 65 43 50
-1.671700 3.175900 196.080000 90 87 79
-1.671700 3.207400 195.983200 154 129 150
-1.671600 3.169100 196.034000 240 225 250
-1.671600 3.169400 195.972600 252 243 248
-1.671600 3.170600 195.978600 223 214 214
-1.671600 3.172300 196.096800 92 55 74
-1.671600 3.172700 196.001400 193 181 198
-1.671600 3.173500 196.095600 74 61 64
-1.671600 3.173700 196.044300 146 133 149
-1.671600 3.213100 195.983300 136 117 128
-1.671600 3.214100 196.068300 117 115 104
-1.671600 3.214100 196.072100 126 103 94
-1.671500 3.169100 196.035200 238 219 249
-1.671500 3.171100 196.114300 60 49 62
-1.671500 3.171100 196.128100 57 46 41
-1.671500 3.171100 196.129300 38 41 47
-1.671500 3.171200 196.093100 98 70 92
-1.671500 3.171300 196.083100 90 86 84
-1.671500 3.171400 196.062100 124 107 128
-1.671500 3.172300 196.077000 96 75 80
-1.671500 3.213100 195.984400 135 119 136
-1.671500 3.213100 195.985600 136 128 131
-1.671500 3.214100 196.070800 125 103 99
-1.671500 3.215100 196.128200 100 76 76
-1.671400 3.170200 196.045000 152 144 160
-1.671400 3.170300 196.036500 179 179 192
-1.671400 3.171100 196.110400 71 56 62
-1.671400 3.172100 196.125600 86 42 77
-1.671400 3.173400 196.113000 87 53 68
-1.671400 3.173500 196.094300 63 53 61
-1.671400 3.213100 195.986800 126 123 124
-1.671400 3.215100 196.131900 119 87 78
-1.671300 3.171200 196.101700 81 63 80
-1.671300 3.214100 196.069400 142 112 108
-1.671300 3.215200 196.119300 100 86 87
-1.671200 3.169400 195.977300 246 241 225
-1.671200 3.170200 196.046100 156 135 140
-1.671200 3.213000 196.024200 124 124 129
-1.671200 3.213000 196.025400 139 117 143
-1.671200 3.215100 196.120500 119 72 74
-1.671200 3.215200 196.114200 105 94 87
-1.671100 3.171000 196.134200 67 36 52
-1.671100 3.171200 196.102900 65 59 94
-1.671100 3.172300 196.090500 82 55 93
-1.671100 3.214100 196.049700 126 134 113
-1.671100 3.214100 196.064500 148 109 107
-1.671100 3.215100 196.124300 104 84 86
-1.671100 3.215100 196.133100 86 82 64
-1.671000 3.171100 196.121600 80 45 68
-1.671000 3.214100 196.048500 124 118 108
-1.671000 3.215100 196.134300 83 75 84
-1.670900 3.170100 196.064400 102 105 116
-1.670800 3.171100 196.122800 65 35 69
-1.670800 3.214100 196.050900 119 113 109
-1.670800 3.214100 196.059500 135 118 108
-1.670800 3.214100 196.060700 131 118 118
-1.670800 3.215100 196.112900 109 88 103
-1.670800 3.215100 196.122900 98 84 83
-1.670700 3.215100 196.117800 74 75 76
-1.670600 3.214100 196.058200 121 103 105
-1.670600 3.215100 196.115300 81 91 95
-1.670500 3.170000 196.080400 102 82 85
-1.670500 3.214100 196.047100 126 120 124
-1.670500 3.214100 196.061900 121 105 108
-1.670500 3.214100 196.063100 128 119 104
-1.670500 3.215100 196.125300 99 68 74
-1.670100 3.215100 196.116400 109 81 87
-1.670000 3.214100 196.045800 125 126 110
-1.669600 3.215100 196.107500 117 100 104
-1.669500 3.214200 196.006800 143 134 139
-1.669500 3.215000 196.108700 113 92 96
-1.669500 3.215000 196.110000 101 80 89
-1.669500 3.215100 196.097400 110 85 108
-1.669300 3.214100 196.009200 131 119 109
-1.669200 3.214100 196.007900 134 125 119
-1.669200 3.214200 195.975600 134 128 120
-1.669200 3.214200 195.999500 158 138 140
-1.669100 3.214200 195.991100 153 129 145
-1.668900 3.214100 196.000600 135 121 124
-1.668900 3.214100 196.005400 152 123 131
-1.668900 3.214100 196.010300 146 133 122
-1.668900 3.214200 195.998300 149 127 139
-1.668800 3.214200 195.992200 149 127 142
-1.668800 3.214200 195.993400 133 119 120
-1.668500 3.214100 195.996900 138 122 121
-1.668500 3.214100 196.001800 134 126 109
-1.668500 3.214100 196.002900 148 120 134
-1.668400 3.214100 196.004100 161 119 138
-1.668300 3.214100 195.994500 132 133 123
-1.668300 3.214100 195.995700 144 118 134
-1.666800 3.215900 196.134200 92 73 58
-1.666200 3.215900 196.132700 97 101 76
-1.661000 3.216700 196.132300 108 86 87
-1.660600 3.216700 196.130900 71 87 76
-1.660400 3.216700 196.133300 101 72 83
-1.659700 3.216700 196.129300 91 85 73
-1.654700 3.217500 196.128900 95 99 89
-1.654500 3.217500 196.130100 85 98 77
-1.653600 3.217400 196.131100 116 98 100
-1.653500 3.217400 196.133500 105 102 80
-1.653300 3.217400 196.132200 98 90 58
-1.637100 3.219600 196.114500 109 113 103
-1.630900 3.220400 196.110000 108 104 106
-1.630600 3.220400 196.103800 126 108 102
-1.630500 3.220400 196.102600 128 108 116
-1.630100 3.220300 196.114600 138 118 114
-1.629700 3.220300 196.101100 119 98 108
-1.629300 3.220300 196.104600 130 105 106
-1.624900 3.221100 196.106900 125 111 92
-1.624400 3.221000 196.116500 115 112 112
-1.624100 3.221000 196.113900 137 111 130
-1.623500 3.221000 196.091800 121 112 116
-1.617800 3.221800 196.114300 125 104 113
-1.617500 3.221700 196.111700 122 115 112
-1.617200 3.221700 196.110400 112 115 107
-1.617100 3.221700 196.105500 119 102 100
-1.617100 3.221700 196.106700 126 103 98
-1.616900 3.221700 196.104200 125 112 109
-1.616400 3.221700 196.102900 144 124 120
-1.615000 3.221900 195.995800 154 132 135
-1.614300 3.221800 195.996700 145 134 128
-1.587000 3.226000 196.092300 147 123 120
-1.586800 3.226000 196.099300 135 118 123
-1.586700 3.226000 196.093400 154 125 127
-1.586600 3.226000 196.090900 143 120 125
-1.586400 3.225900 196.095600 132 126 130
-1.586300 3.225900 196.089700 135 118 116
-1.586200 3.225800 196.120700 122 111 104
-1.586200 3.225800 196.129000 132 113 116
-1.586200 3.225900 196.096800 135 123 117
-1.586200 3.225900 196.097900 142 121 118
-1.586200 3.225900 196.100300 133 117 117
-1.586100 3.225900 196.094300 150 109 119
-1.586100 3.226000 196.066000 135 130 135
-1.586000 3.225800 196.109800 131 115 109
-1.586000 3.225800 196.118100 113 116 107
-1.586000 3.225800 196.133800 96 110 103
-1.586000 3.225900 196.088400 136 125 113
-1.586000 3.226000 196.067200 141 126 117
-1.585900 3.225800 196.102600 128 123 123
-1.585900 3.225800 196.119300 110 110 103
-1.585900 3.225800 196.121700 133 117 110
-1.585900 3.225800 196.130200 99 111 90
-1.585900 3.225900 196.076600 139 124 112
-1.585900 3.225900 196.086000 121 122 116
-1.585900 3.226000 196.075400 136 122 119
-1.585900 3.226200 195.984100 164 142 148
-1.585800 3.225800 196.101400 116 119 107
-1.585800 3.225800 196.105000 132 121 110
-1.585800 3.225800 196.110900 132 121 110
-1.585800 3.225900 196.080100 136 120 121
-1.585800 3.225900 196.084800 134 117 122
-1.585800 3.226100 196.033300 148 138 136
-1.585800 3.226200 195.985200 168 147 146
-1.585700 3.225800 196.103800 125 122 121
-1.585700 3.225800 196.116900 123 107 97
-1.585700 3.225800 196.127600 127 118 110
-1.585700 3.225900 196.074100 152 124 121
-1.585700 3.225900 196.083600 149 121 114
-1.585700 3.225900 196.087100 124 119 110
-1.585700 3.226000 196.039100 151 124 129
-1.585700 3.226000 196.061200 152 121 129
-1.585700 3.226000 196.064800 129 113 118
-1.585700 3.226100 196.006800 150 135 142
-1.585700 3.226100 196.032200 150 141 132
-1.585600 3.225700 196.131300 109 118 111
-1.585600 3.225800 196.124100 127 107 103
-1.585600 3.225900 196.068200 125 122 107
-1.585600 3.225900 196.077700 141 120 118
-1.585600 3.225900 196.078900 129 121 110
-1.585600 3.225900 196.082400 148 111 117
-1.585600 3.226000 196.054200 148 143 139
-1.585600 3.226000 196.057700 145 117 122
-1.585600 3.226100 195.997600 152 134 137
-1.585600 3.226100 196.003300 158 138 139
-1.585600 3.226100 196.024000 142 132 131
-1.585600 3.226100 196.029800 149 128 133
-1.585600 3.226200 195.980500 146 136 132
-1.585600 3.226200 195.982800 168 150 143
-1.585500 3.225800 196.106000 133 125 111
-1.585500 3.225800 196.108400 119 108 108
-1.585500 3.225800 196.122800 138 112 116
-1.585500 3.225900 196.070500 140 123 137
-1.585500 3.226000 196.046000 133 127 120
-1.585400 3.225700 196.125100 130 120 109
-1.585400 3.225700 196.132400 111 113 110
-1.585400 3.225800 196.112000 124 117 112
-1.585400 3.225900 196.069400 135 126 119
-1.585400 3.225900 196.081100 125 117 116
-1.585400 3.226000 196.030900 154 133 124
-1.585400 3.226000 196.049500 134 124 122
-1.585400 3.226000 196.050600 127 124 118
-1.585400 3.226000 196.053000 140 130 119
-1.585400 3.226000 196.060000 153 130 126
-1.585400 3.226100 196.005600 164 144 150
-1.585400 3.226100 196.007900 153 134 147
-1.585400 3.226100 196.013600 152 141 145
-1.585400 3.226200 195.971400 152 141 139
-1.585400 3.226200 195.975900 161 136 145
-1.585400 3.226200 195.981600 162 152 154
-1.585300 3.226000 196.028600 156 141 144
-1.585300 3.226000 196.040100 156 129 132
-1.585300 3.226000 196.043600 149 121 128
-1.585300 3.226000 196.044800 153 129 122
-1.585300 3.226000 196.047100 136 122 129
-1.585300 3.226000 196.048200 158 120 136
-1.585300 3.226000 196.051800 128 131 121
-1.585300 3.226100 195.998700 153 141 145
-1.585300 3.226100 196.018200 177 129 157
-1.585300 3.226100 196.022800 168 147 153
-1.585300 3.226200 195.970300 177 149 156
-1.585300 3.226200 195.977100 160 141 138
-1.585200 3.225800 196.115500 136 107 114
-1.585200 3.225900 196.058800 145 121 122
-1.585200 3.226000 196.037800 147 135 138
-1.585200 3.226000 196.055200 136 122 123
-1.585200 3.226000 196.056400 148 126 127
-1.585200 3.226100 195.987300 177 140 155
-1.585200 3.226100 195.993000 146 127 127
-1.585200 3.226100 195.996400 148 144 140
-1.585200 3.226100 196.004400 164 131 139
-1.585200 3.226100 196.012400 152 135 141
-1.585200 3.226200 195.972500 147 144 134
-1.585100 3.225700 196.126300 127 116 106
-1.585100 3.225900 196.062200 166 133 145
-1.585100 3.225900 196.063400 144 125 126
-1.585100 3.225900 196.071600 132 123 117
-1.585100 3.225900 196.072800 149 128 131
-1.585100 3.226000 196.025100 154 135 139
-1.585100 3.226000 196.042400 147 132 135
-1.585100 3.226100 195.986100 158 142 150
-1.585100 3.226100 195.988400 162 138 150
-1.585100 3.226100 195.990700 162 144 142
-1.585100 3.226100 195.991800 160 133 132
-1.585100 3.226100 196.002100 150 139 134
-1.585100 3.226200 195.979300 175 150 145
-1.585000 3.226000 196.026200 161 135 139
-1.585000 3.226000 196.034200 148 135 127
-1.585000 3.226100 195.989500 155 133 143
-1.585000 3.226100 196.014700 152 123 141
-1.584900 3.225700 196.113000 123 104 108
-1.584900 3.225700 196.114200 124 110 121
-1.584900 3.225800 196.107000 134 126 117
-1.584900 3.226000 196.021500 156 135 138
-1.584900 3.226000 196.027300 177 142 143
-1.584900 3.226000 196.036500 139 129 129
-1.584900 3.226100 195.994000 159 134 140
-1.584900 3.226100 196.008900 150 136 134
-1.584900 3.226200 195.973500 145 136 143
-1.584900 3.226200 195.974700 155 137 151
-1.584800 3.226000 196.035400 155 124 140
-1.584800 3.226100 195.999700 153 145 148
-1.584800 3.226100 196.010000 144 129 119
-1.584800 3.226100 196.011200 170 136 138
-1.584700 3.226000 196.016900 149 132 137
-1.584700 3.226000 196.041200 148 132 122
-1.584600 3.226000 196.015700 149 131 143
-1.584600 3.226000 196.019100 145 140 140
-1.584600 3.226100 195.995100 160 141 150
-1.584500 3.226000 196.020300 148 131 136
-1.584500 3.226100 195.978000 148 139 135
-1.584500 3.226100 196.000700 151 134 153
-1.582500 3.226600 196.089700 130 117 111
-1.582400 3.226600 196.102700 119 112 111
-1.582200 3.226600 196.084800 119 117 109
-1.582200 3.226600 196.088400 142 122 116
-1.698900 3.191400 196.294200 0 40 39
-1.698800 3.191800 196.231800 43 32 42
-1.698700 3.192000 196.228100 35 34 43
-1.698600 3.191800 196.283200 29 34 39
-1.698600 3.191800 196.290600 43 29 44
-1.698600 3.192000 196.253800 38 31 52
-1.698600 3.192100 196.250200 32 32 49
-1.698500 3.192200 196.261200 46 28 31
-1.698500 3.192400 196.217200 65 33 47
-1.698400 3.192200 196.279600 50 21 46
-1.698400 3.192400 196.242900 58 29 33
-1.698400 3.192600 196.224600 45 35 43
-1.698300 3.192300 196.298000 17 35 38
-1.698300 3.192600 196.239300 59 35 50
-1.698300 3.192600 196.257600 48 23 62
-1.698300 3.192700 196.213600 34 46 43
-1.698300 3.192700 196.220900 71 32 46
-1.698100 3.192800 196.287000 40 25 36
-1.698100 3.193000 196.235600 54 38 53
-1.698000 3.193000 196.265000 52 32 31
-1.698000 3.193000 196.272400 16 37 35
-1.698000 3.193100 196.246700 44 35 43
-1.697800 3.193400 196.276100 33 35 44
-1.697600 3.193800 196.268800 43 35 39
-1.694700 3.192200 196.158700 22 50 55
-1.694200 3.192400 196.287200 0 29 18
-1.694000 3.192700 196.290900 74 23 48
-1.694000 3.193400 196.162600 47 48 48
-1.693500 3.194300 196.144300 21 56 33
-1.693400 3.193700 196.283700 26 31 37
-1.693400 3.194400 196.173600 45 44 56
-1.693300 3.193900 196.294800 42 29 35
-1.693300 3.194700 196.140700 42 54 55
-1.693200 3.194100 196.280100 66 19 43
-1.693200 3.194300 196.254400 35 43 37
-1.693200 3.194600 196.199300 41 41 43
-1.693100 3.194300 196.276400 43 28 44
-1.693100 3.194600 196.203000 41 43 46
-1.693100 3.194600 196.217700 53 32 47
-1.692900 3.195200 196.170100 30 54 41
-1.692900 3.195200 196.188400 70 40 58
-1.692900 3.195300 196.148100 61 53 65
-1.692800 3.195000 196.250800 19 37 44
-1.692700 3.195000 196.272800 11 29 32
-1.692700 3.195500 196.177400 12 51 56
-1.692600 3.195400 196.214100 27 37 55
-1.692600 3.195500 196.228800 30 40 43
-1.692600 3.195700 196.206800 47 42 51
-1.692400 3.195800 196.221500 62 32 43
-1.692400 3.196000 196.195800 38 50 50
-1.692300 3.195900 196.225200 49 38 48
-1.692300 3.196400 196.137200 57 47 56
-1.692200 3.196000 196.247200 35 32 36
-1.692200 3.196300 196.210500 48 37 52
-1.692200 3.196500 196.151900 53 50 59
-1.692100 3.196500 196.192200 55 44 55
-1.692100 3.196600 196.155600 51 54 61
-1.692100 3.196600 196.184800 49 44 59
-1.692000 3.196300 196.239900 50 33 34
-1.692000 3.196300 196.262000 54 23 57
-1.691900 3.196400 196.265700 51 24 38
-1.691900 3.196400 196.269400 36 33 36
-1.691900 3.196500 196.258300 44 30 44
-1.691900 3.196600 196.243600 43 42 38
-1.691900 3.196900 196.181200 16 48 56
-1.691900 3.197000 196.166500 48 46 37
-1.691700 3.197100 196.232600 17 43 42
-1.691500 3.197400 196.236300 26 42 43
-1.691400 3.197200 196.298900 27 25 33
-1.690400 3.193000 196.159000 38 44 56
-1.690300 3.193300 196.137000 51 46 57
-1.690000 3.193700 196.188400 45 45 53
-1.690000 3.193800 196.140700 49 58 67
-1.689800 3.193800 196.184700 30 46 50
-1.689800 3.194000 196.177400 43 45 58
-1.689700 3.194300 196.155500 42 53 59
-1.689700 3.194300 196.162800 51 45 67
-1.689700 3.194400 196.144500 59 48 78
-1.689600 3.194100 196.206800 58 43 51
-1.689500 3.194400 196.203100 48 44 43
-1.689500 3.194500 196.181100 58 42 59
-1.689500 3.194600 196.148200 40 47 72
-1.689400 3.194000 196.298700 54 28 45
-1.689400 3.194700 196.173800 54 45 58
-1.689200 3.194900 196.210500 47 38 46
-1.689200 3.195000 196.170200 54 44 57
-1.689100 3.195200 196.166500 76 37 68
-1.688900 3.195200 196.214200 46 43 54
-1.688900 3.195700 196.151900 54 53 67
-1.688800 3.195600 196.199600 46 43 47
-1.688700 3.195500 196.247300 32 43 38
-1.688700 3.195800 196.192300 51 37 50
-1.688500 3.195700 196.269400 38 36 39
-1.688500 3.195800 196.243700 43 38 42
-1.688400 3.195800 196.265800 50 29 41
-1.688100 3.196500 196.254800 27 43 33
-1.688100 3.196800 196.196100 34 55 59
-1.686800 3.193000 196.137200 61 51 69
-1.686600 3.193200 196.162800 62 46 66
-1.686600 3.193400 196.140900 60 56 72
-1.686500 3.192700 196.298700 51 22 53
-1.686500 3.193200 196.188500 56 41 54
-1.686400 3.192900 196.295100 47 25 51
-1.686400 3.193100 196.269300 37 34 38
-1.686400 3.193300 196.214200 52 42 50
-1.686400 3.193500 196.151900 51 52 68
-1.686400 3.193700 196.159200 66 51 57
-1.686300 3.193200 196.265600 46 34 48
-1.686300 3.193400 196.221600 56 45 47
-1.686300 3.193400 196.225200 52 40 38
-1.686300 3.193500 196.192200 72 34 54
-1.686300 3.193500 196.217900 55 37 50
-1.686300 3.193500 196.228900 63 33 49
-1.686300 3.193700 196.155600 82 49 71
-1.686300 3.193700 196.166500 90 42 83
-1.686200 3.193400 196.276700 32 29 25
-1.686200 3.193400 196.280400 12 36 38
-1.686200 3.193500 196.243600 40 35 45
-1.686200 3.193500 196.251000 37 33 42
-1.686100 3.193700 196.247300 21 38 34
-1.686100 3.194000 196.184900 57 50 62
-1.686100 3.194000 196.195900 62 43 55
-1.686000 3.193600 196.284100 37 34 38
-1.686000 3.194000 196.203200 19 50 49
-1.686000 3.194100 196.199600 36 48 53
-1.686000 3.194100 196.210600 47 43 40
-1.686000 3.194300 196.148300 52 50 69
-1.685800 3.194000 196.273100 23 42 33
-1.685800 3.194100 196.232700 5 44 43
-1.685800 3.194200 196.240000 34 34 40
-1.685800 3.194300 196.207000 59 45 49
-1.685800 3.194600 196.170300 46 48 57
-1.685800 3.194700 196.144700 81 43 75
-1.685700 3.194100 196.287900 70 27 35
-1.685700 3.194300 196.254700 19 40 35
-1.685600 3.194300 196.291600 69 22 53
-1.685600 3.194900 196.174000 61 47 61
-1.685500 3.195000 196.177700 74 45 64
-1.685500 3.195000 196.181400 85 38 62
-1.685400 3.194800 196.262100 37 30 37
-1.685200 3.195200 196.236500 38 45 55
-1.685100 3.195300 196.258600 32 34 27
-1.681900 3.193400 196.218100 73 31 63
-1.681900 3.193700 196.170400 51 48 59
-1.681900 3.193800 196.137400 42 50 63
-1.681800 3.193400 196.262200 40 34 52
-1.681800 3.193500 196.221800 37 45 37
-1.681800 3.193700 196.177700 83 45 67
-1.681800 3.193700 196.181400 21 62 57
-1.681800 3.193900 196.141100 48 51 64
-1.681700 3.193900 196.174100 66 43 59
-1.681700 3.193900 196.199800 35 50 49
-1.681600 3.193500 196.299100 18 34 51
-1.681600 3.193600 196.258600 76 27 40
-1.681600 3.193800 196.229200 43 43 52
-1.681600 3.193900 196.203400 44 48 52
-1.681600 3.194100 196.166800 47 46 61
-1.681500 3.194000 196.225500 41 46 46
-1.681500 3.194000 196.251300 43 36 44
-1.681500 3.194400 196.148500 59 54 66
-1.681500 3.194400 196.159500 44 53 59
-1.681400 3.194300 196.207200 47 40 56
-1.681300 3.194000 196.295500 33 33 50
-1.681300 3.194200 196.269700 49 28 38
-1.681300 3.194300 196.232900 47 28 40
-1.681300 3.194300 196.255000 43 38 42
-1.681300 3.194700 196.163200 104 42 68
-1.681200 3.194300 196.266100 51 32 52
-1.681200 3.194300 196.273400 33 38 47
-1.681200 3.194300 196.288100 38 31 42
-1.681200 3.194500 196.247700 54 25 40
-1.681200 3.194800 196.185200 42 47 55
-1.681200 3.194900 196.155900 49 60 67
-1.681200 3.195000 196.144900 63 54 71
-1.681100 3.194400 196.291900 48 30 48
-1.681100 3.194700 196.236600 38 35 55
-1.681100 3.194800 196.196200 60 44 45
-1.681100 3.194900 196.192600 64 45 60
-1.681100 3.195100 196.152200 37 58 60
-1.681000 3.194600 196.277100 17 40 54
-1.681000 3.194900 196.210900 72 31 55
-1.681000 3.194900 196.214600 62 40 59
-1.680900 3.194800 196.284500 28 32 31
-1.680900 3.195000 196.244000 51 35 52
-1.680800 3.195100 196.240400 42 36 50
-1.680800 3.195400 196.188900 56 40 53
-1.680600 3.195300 196.280900 22 36 59
-1.678200 3.215100 196.297100 16 15 10
-1.678000 3.192700 196.269700 69 25 45
-1.677900 3.214000 196.264500 32 14 22
-1.677800 3.193500 196.163200 68 56 71
-1.677800 3.193500 196.174200 77 46 65
-1.677800 3.193500 196.177900 82 38 58
-1.677800 3.193700 196.166900 59 52 75
-1.677800 3.214000 196.263100 36 15 27
-1.677800 3.215100 196.282000 47 29 32
-1.677700 3.193700 196.181600 82 43 56
-1.677700 3.193900 196.137600 66 59 72
-1.677600 3.193400 196.280900 58 20 58
-1.677600 3.193500 196.266100 46 30 42
-1.677600 3.193700 196.207300 23 53 60
-1.677600 3.193700 196.218300 63 54 59
-1.677600 3.193700 196.229400 46 46 55
-1.677600 3.193900 196.170600 58 52 68
-1.677600 3.194100 196.141300 54 59 62
-1.677600 3.214000 196.254900 28 14 33
-1.677500 3.193500 196.262500 49 40 51
-1.677500 3.193500 196.273500 43 36 54
-1.677500 3.193500 196.284600 72 24 46
-1.677500 3.193800 196.214700 57 41 47
-1.677500 3.193900 196.211000 47 50 59
-1.677400 3.193800 196.240400 49 33 60
-1.677400 3.194200 196.159600 68 53 66
-1.677300 3.193700 196.299400 17 38 50
-1.677300 3.194000 196.225700 56 47 55
-1.677300 3.194100 196.203700 68 48 55
-1.677300 3.194100 196.251500 70 34 46
-1.677300 3.194200 196.222100 67 47 53
-1.677300 3.194300 196.185300 59 56 63
-1.677300 3.215100 196.264300 22 41 27
-1.677300 3.215200 196.254900 45 30 50
-1.677200 3.194200 196.244100 64 45 65
-1.677200 3.194400 196.196400 58 49 49
-1.677200 3.194700 196.145000 52 57 60
-1.677200 3.194700 196.152300 76 49 64
-1.677100 3.194300 196.255200 53 41 39
-1.677100 3.194400 196.233100 23 51 56
-1.677100 3.194400 196.236800 54 44 71
-1.677100 3.194600 196.200100 47 54 50
-1.677100 3.194700 196.156000 22 68 66
-1.677100 3.211900 196.141400 43 45 46
-1.677100 3.215100 196.258800 50 37 37
-1.677100 3.215200 196.248100 69 48 41
-1.677100 3.215200 196.250800 40 45 27
-1.677100 3.215200 196.252100 56 41 29
-1.677000 3.194400 196.247800 70 33 51
-1.677000 3.194400 196.277300 15 37 45
-1.677000 3.194700 196.192700 52 55 55
-1.677000 3.195000 196.148700 81 52 64
-1.677000 3.214100 196.191500 52 36 37
-1.677000 3.215200 196.249400 52 32 31
-1.677000 3.216200 196.291200 44 45 32
-1.676900 3.194600 196.258900 54 36 45
-1.676900 3.214100 196.192700 55 41 28
-1.676900 3.216200 196.292600 47 43 17
-1.676800 3.194500 196.295800 50 32 50
-1.676800 3.194600 196.292100 53 35 51
-1.676800 3.211900 196.142500 31 30 25
-1.676800 3.215100 196.253300 54 37 40
-1.676800 3.216200 196.295200 51 43 33
-1.676700 3.194700 196.288400 48 29 49
-1.676700 3.195300 196.189100 50 59 65
-1.676700 3.214100 196.187500 83 40 55
-1.676700 3.215100 196.246600 76 43 51
-1.676700 3.216200 196.287000 56 35 53
-1.676600 3.188600 196.210600 71 60 74
-1.676500 3.213000 196.145000 47 31 27
-1.676500 3.214100 196.177100 52 48 37
-1.676500 3.214100 196.178400 49 59 34
-1.676500 3.214100 196.190000 53 42 39
-1.676500 3.214100 196.193900 54 43 29
-1.676500 3.215200 196.239900 62 38 51
-1.676500 3.216200 196.285500 53 40 33
-1.676500 3.216200 196.288300 45 43 29
-1.676400 3.213000 196.143700 37 34 27
-1.676400 3.214100 196.171900 45 53 36
-1.676400 3.214100 196.186100 62 51 39
-1.676400 3.215100 196.241200 67 45 53
-1.676400 3.216200 196.276000 68 47 41
-1.676300 3.188700 196.284100 85 42 65
-1.676300 3.188900 196.251000 77 36 49
-1.676300 3.214100 196.179600 83 50 36
-1.676300 3.216200 196.265200 88 58 43
-1.676200 3.189200 196.247400 70 44 53
-1.676200 3.213000 196.136000 62 61 49
-1.676100 3.189100 196.295300 72 29 48
-1.676100 3.189500 196.214400 77 48 61
-1.676100 3.214100 196.170500 61 48 45
-1.676100 3.214100 196.175600 66 65 40
-1.676100 3.214100 196.188600 35 47 32
-1.676000 3.216100 196.284000 62 43 34
-1.676000 3.216200 196.263800 63 38 40
-1.676000 3.216200 196.270500 66 42 34
-1.675900 3.189300 196.287900 80 35 59
-1.675900 3.189600 196.254800 51 54 53
-1.675900 3.189600 196.258500 54 54 57
-1.675900 3.190100 196.159400 92 54 78
-1.675900 3.190300 196.141100 58 76 78
-1.675900 3.214100 196.161400 93 68 75
-1.675900 3.215200 196.214600 50 46 45
-1.675900 3.216100 196.278500 48 52 41
-1.675900 3.216200 196.261000 37 43 28
-1.675800 3.189500 196.299000 46 45 52
-1.675800 3.189600 196.276900 48 56 42
-1.675800 3.190300 196.148400 95 56 75
-1.675800 3.214100 196.160100 60 59 55
-1.675800 3.214100 196.166500 76 52 52
-1.675800 3.214100 196.184500 83 50 43
-1.675800 3.215200 196.215900 84 61 66
-1.675800 3.215200 196.217200 54 41 45
-1.675800 3.216100 196.282600 56 53 28
-1.675700 3.189800 196.280600 81 37 65
-1.675700 3.189900 196.236500 72 51 78
-1.675700 3.190000 196.240100 84 41 63
-1.675700 3.190100 196.207100 69 46 67
-1.675700 3.190400 196.166700 68 59 73
-1.675700 3.190500 196.144800 56 69 74
-1.675700 3.214100 196.158800 78 73 59
-1.675700 3.215200 196.209300 57 46 48
-1.675700 3.215200 196.210600 54 59 45
-1.675700 3.215200 196.218400 82 62 50
-1.675700 3.216100 196.273000 85 43 47
-1.675700 3.216200 196.259600 61 54 41
-1.675600 3.190300 196.199700 88 49 64
-1.675600 3.190400 196.196100 85 52 63
-1.675600 3.190600 196.163100 63 67 72
-1.675600 3.214100 196.157500 83 51 56
-1.675600 3.216100 196.271700 61 42 25
-1.675600 3.216200 196.262300 56 53 50
-1.675500 3.190300 196.243900 40 49 46
-1.675500 3.190400 196.225500 80 46 65
-1.675400 3.214100 196.152300 77 57 55
-1.675400 3.214100 196.153600 85 58 56
-1.675400 3.214100 196.154800 90 67 72
-1.675400 3.214100 196.156100 98 66 74
-1.675400 3.214200 196.139600 93 62 69
-1.675400 3.214200 196.143400 86 71 68
-1.675400 3.216200 196.251500 62 54 28
-1.675400 3.216200 196.256800 52 60 53
-1.675400 3.216200 196.258100 49 51 51
-1.675400 3.217300 196.297400 93 53 53
-1.675300 3.176600 196.293400 24 25 17
-1.675300 3.214200 196.138300 98 53 69
-1.675300 3.215200 196.187000 72 66 56
-1.675300 3.215200 196.201300 75 70 65
-1.675300 3.215200 196.207800 55 51 46
-1.675300 3.215200 196.211700 48 48 51
-1.675300 3.215200 196.213000 59 49 35
-1.675300 3.217300 196.293200 49 53 27
-1.675200 3.214100 196.144600 86 64 60
-1.675200 3.214200 196.137000 102 64 72
-1.675200 3.214200 196.140700 92 65 58
-1.675200 3.217300 196.294500 76 37 30
-1.675100 3.173200 196.298700 23 25 24
-1.675100 3.175700 196.180800 27 35 46
-1.675100 3.214200 196.135700 73 63 66
-1.675100 3.215200 196.199900 77 68 63
-1.675100 3.216200 196.246000 63 44 49
-1.675100 3.216200 196.247300 81 62 54
-1.675100 3.216200 196.250000 42 44 19
-1.675100 3.216200 196.255400 69 58 51
-1.675100 3.217300 196.295900 84 41 53
-1.675000 3.215200 196.194700 82 49 51
-1.675000 3.216200 196.242000 54 52 41
-1.675000 3.216200 196.244700 60 48 41
-1.675000 3.217200 196.298500 72 49 58
-1.675000 3.217300 196.271500 57 42 34
-1.674900 3.172700 196.288600 18 23 18
-1.674900 3.174300 196.260800 38 22 34
-1.674900 3.174400 196.247500 36 22 29
-1.674900 3.175700 196.191100 32 37 34
-1.674900 3.215200 196.188200 59 66 49
-1.674900 3.215200 196.202400 72 57 51
-1.674900 3.215200 196.203700 58 44 46
-1.674900 3.216200 196.237900 74 55 55
-1.674900 3.216200 196.243300 64 67 50
-1.674900 3.216200 196.248600 90 57 54
-1.674900 3.217300 196.270100 44 45 38
-1.674800 3.171400 196.298100 29 31 34
-1.674800 3.173200 196.297200 36 21 28
-1.674800 3.174300 196.278200 36 26 14
-1.674800 3.174600 196.137200 63 52 48
-1.674800 3.174900 196.279200 31 14 35
-1.674800 3.176500 196.198400 51 44 62
-1.674800 3.176600 196.291900 43 36 20
-1.674800 3.177600 196.202400 75 67 51
-1.674800 3.215200 196.193300 73 63 50
-1.674800 3.215200 196.195900 77 55 57
-1.674800 3.216100 196.252500 50 49 43
-1.674800 3.216100 196.253900 65 43 38
-1.674800 3.216200 196.230000 74 56 60
-1.674800 3.216200 196.233900 86 70 40
-1.674800 3.217200 196.291600 60 57 20
-1.674800 3.217300 196.275400 72 52 65
-1.674800 3.217300 196.280800 73 40 42
-1.674700 3.173300 196.158400 22 40 23
-1.674700 3.174300 196.259400 32 27 32
-1.674700 3.215100 196.205000 71 57 61
-1.674700 3.215200 196.185500 77 53 58
-1.674700 3.216200 196.218100 75 62 47
-1.674700 3.216200 196.228600 63 50 35
-1.674700 3.216200 196.235200 70 55 43
-1.674700 3.216200 196.236500 81 68 59
-1.674700 3.216200 196.240500 81 51 62
-1.674700 3.217300 196.276700 51 50 51
-1.674600 3.173200 196.295800 34 23 27
-1.674600 3.174000 196.257600 19 23 8
-1.674600 3.215200 196.189300 62 57 57
-1.674600 3.216200 196.239200 72 48 60
-1.674600 3.217300 196.279400 65 45 51
-1.674500 3.172600 196.296600 29 24 23
-1.674500 3.172700 196.283100 52 27 51
-1.674500 3.174300 196.279500 59 19 46
-1.674500 3.174400 196.223500 44 29 33
-1.674500 3.174900 196.277700 46 29 32
-1.674500 3.175600 196.223600 37 21 23
-1.674500 3.215100 196.206200 50 44 40
-1.674500 3.217200 196.282000 70 62 45
-1.674500 3.217200 196.290200 75 57 64
-1.674500 3.217300 196.272600 92 60 62
-1.674400 3.171700 196.245500 30 30 43
-1.674400 3.172700 196.289800 27 28 15
-1.674400 3.174400 196.235400 62 24 48
-1.674400 3.215100 196.197100 71 61 41
-1.674400 3.215200 196.191800 71 51 41
-1.674400 3.216200 196.216700 73 62 57
-1.674400 3.216200 196.219300 76 66 49
-1.674400 3.216200 196.220600 48 44 35
-1.674400 3.217200 196.286100 70 48 49
-1.674400 3.217200 196.288800 50 48 50
-1.674400 3.217200 196.299600 87 54 58
-1.674400 3.217300 196.273900 45 44 44
-1.674400 3.217300 196.277900 49 60 39
-1.674300 3.170400 196.287000 38 18 35
-1.674300 3.171700 196.246700 34 31 28
-1.674300 3.172700 196.284300 12 26 34
-1.674300 3.173000 196.215100 35 31 29
-1.674300 3.173300 196.159500 44 34 45
-1.674300 3.174400 196.168500 57 41 47
-1.674300 3.215100 196.198300 73 74 41
-1.674300 3.215200 196.180200 103 68 70
-1.674300 3.215200 196.190500 46 52 40
-1.674300 3.216200 196.231100 86 77 69
-1.674300 3.216200 196.232500 62 49 42
-1.674300 3.217200 196.284700 73 46 49
-1.674200 3.172800 196.262700 43 15 25
-1.674200 3.173400 196.186900 71 42 27
-1.674200 3.173400 196.188200 42 37 27
-1.674200 3.173500 196.181700 55 32 42
-1.674200 3.174200 196.209900 52 25 41
-1.674200 3.215200 196.174900 69 62 46
-1.674100 3.174600 196.163700 70 27 56
-1.674100 3.215200 196.178800 81 72 59
-1.674100 3.215200 196.181400 78 51 56
-1.674100 3.217200 196.283200 74 52 55
-1.674000 3.173500 196.180400 56 33 42
-1.674000 3.215200 196.182600 108 67 73
-1.674000 3.215200 196.183900 84 61 68
-1.674000 3.216200 196.224400 81 49 61
-1.674000 3.216200 196.227100 72 66 70
-1.674000 3.217200 196.287200 34 62 31
-1.673900 3.171500 196.273300 43 28 29
-1.673900 3.216200 196.215100 84 62 65
-1.673900 3.216200 196.225600 66 49 69
-1.673900 3.217300 196.268300 53 43 66
-1.673800 3.170500 196.266600 30 26 35
-1.673800 3.170500 196.267900 42 21 24
-1.673800 3.215200 196.165800 87 68 59
-1.673800 3.215200 196.177400 56 71 33
-1.673800 3.217300 196.262900 65 47 56
-1.673800 3.217300 196.264200 66 59 55
-1.673800 3.217300 196.265500 54 35 46
-1.673700 3.171400 196.292200 46 29 29
-1.673700 3.171700 196.243900 37 27 27
-1.673700 3.215200 196.167100 83 74 61
-1.673700 3.215200 196.176100 70 66 37
-1.673600 3.171600 196.253100 32 25 36
-1.673600 3.171600 196.254400 45 26 31
-1.673600 3.173000 196.213500 43 42 30
-1.673600 3.216200 196.211100 105 78 90
-1.673600 3.217200 196.266800 69 56 68
-1.673500 3.170400 196.285300 43 37 39
-1.673500 3.171400 196.290800 40 22 12
-1.673500 3.171400 196.296200 10 15 19
-1.673500 3.215200 196.160600 57 59 55
-1.673500 3.215200 196.173400 63 60 50
-1.673500 3.217200 196.257400 68 41 57
-1.673500 3.217200 196.258800 94 56 64
-1.673500 3.217200 196.261400 84 54 70
-1.673400 3.170400 196.287900 44 29 46
-1.673400 3.170500 196.263700 59 16 28
-1.673400 3.171500 196.271800 30 25 23
-1.673400 3.171500 196.274500 30 27 29
-1.673400 3.172000 196.173300 48 23 57
-1.673400 3.215100 196.170800 92 64 50
-1.673400 3.215200 196.159300 81 68 74
-1.673300 3.171000 196.145100 68 53 58
-1.673300 3.171600 196.250300 43 27 27
-1.673300 3.215100 196.169500 112 81 69
-1.673300 3.215200 196.161800 78 73 76
-1.673300 3.216200 196.212300 98 63 62
-1.673200 3.171600 196.242400 46 30 23
-1.673200 3.215200 196.157900 94 75 82
-1.673200 3.216100 196.213600 93 63 69
-1.673100 3.171400 196.279800 30 31 31
-1.673100 3.171500 196.255600 38 28 23
-1.673100 3.171500 196.270300 47 23 21
-1.673100 3.171600 196.251600 26 21 23
-1.673100 3.171700 196.238300 42 24 34
-1.673100 3.172000 196.168000 26 41 40
-1.673100 3.172100 196.145100 46 38 40
-1.673100 3.215200 196.164300 56 80 69
-1.673100 3.216200 196.209600 81 56 70
-1.673100 3.217200 196.259900 67 41 45
-1.673000 3.170300 196.290500 52 33 30
-1.673000 3.170500 196.262200 28 19 37
-1.673000 3.170600 196.239600 35 29 33
-1.673000 3.171000 196.153900 48 32 38
-1.673000 3.171400 196.285100 20 35 27
-1.673000 3.171400 196.289200 41 22 18
-1.673000 3.171800 196.212000 29 18 25
-1.673000 3.215100 196.168100 80 60 60
-1.673000 3.215100 196.172000 87 59 63
-1.673000 3.217200 196.250500 50 53 60
-1.672900 3.170300 196.289100 43 22 34
-1.672900 3.170500 196.264800 55 33 34
-1.672900 3.171000 196.152600 69 43 38
-1.672900 3.171100 196.141200 44 32 47
-1.672900 3.171400 196.298600 25 24 22
-1.672900 3.171600 196.239600 37 25 36
-1.672900 3.171600 196.247500 57 24 36
-1.672900 3.172000 196.171800 51 29 58
-1.672900 3.215100 196.163000 103 65 77
-1.672900 3.215200 196.143800 99 76 85
-1.672800 3.170400 196.274200 43 16 30
-1.672800 3.171000 196.146200 46 43 70
-1.672800 3.171000 196.151300 93 47 49
-1.672800 3.171400 196.278200 23 16 24
-1.672800 3.171400 196.281000 37 24 19
-1.672800 3.171400 196.282300 46 20 25
-1.672800 3.171500 196.262100 60 19 45
-1.672800 3.171600 196.240800 48 28 19
-1.672800 3.171600 196.248800 51 31 34
-1.672800 3.171900 196.184700 37 30 25
-1.672800 3.216100 196.204300 86 73 74
-1.672800 3.216200 196.203000 85 65 61
-1.672800 3.217200 196.249100 99 70 67
-1.672800 3.217200 196.251800 35 50 61
-1.672700 3.170300 196.291700 50 22 20
-1.672700 3.170400 196.268800 56 24 45
-1.672700 3.170600 196.242100 32 27 27
-1.672700 3.170700 196.204000 18 43 18
-1.672700 3.170700 196.209200 52 25 59
-1.672700 3.171400 196.283600 17 34 28
-1.672700 3.171500 196.256700 29 25 24
-1.672700 3.171500 196.260800 35 15 24
-1.672700 3.171500 196.266100 31 29 44
-1.672700 3.171500 196.268800 43 19 28
-1.672700 3.215100 196.156500 98 73 63
-1.672700 3.215200 196.140000 93 81 73
-1.672700 3.215200 196.142500 95 65 90
-1.672700 3.215200 196.146300 84 67 53
-1.672700 3.215200 196.147600 78 52 61
-1.672600 3.170300 196.283500 30 28 22
-1.672600 3.170500 196.254000 60 35 32
-1.672600 3.170800 196.196200 24 33 27
-1.672600 3.170900 196.167800 49 42 51
-1.672600 3.171400 196.276800 45 31 40
-1.672600 3.171400 196.286300 22 20 23
-1.672600 3.171500 196.264700 49 32 42
-1.672600 3.171800 196.207900 42 18 33
-1.672600 3.171900 196.174300 57 32 46
-1.672600 3.171900 196.189700 34 41 28
-1.672600 3.215200 196.145000 78 72 56
-1.672600 3.216100 196.205500 81 57 36
-1.672600 3.216200 196.196400 85 64 66
-1.672600 3.217200 196.245000 52 50 41
-1.672600 3.218300 196.293400 77 53 38
-1.672500 3.170400 196.272700 36 29 31
-1.672500 3.170500 196.250000 48 25 10
-1.672500 3.170500 196.252600 32 31 25
-1.672500 3.170500 196.256600 33 33 33
-1.672500 3.170600 196.240700 37 28 20
-1.672500 3.170700 196.205200 36 41 36
-1.672500 3.170700 196.207900 60 33 38
-1.672500 3.171000 196.139800 63 42 90
-1.672500 3.171000 196.149900 47 42 48
-1.672500 3.171400 196.293000 29 11 27
-1.672500 3.171500 196.258000 20 20 20
-1.672500 3.171500 196.259400 62 33 40
-1.672500 3.171700 196.226200 25 33 45
-1.672500 3.171900 196.181900 29 30 38
-1.672500 3.171900 196.183300 31 36 30
-1.672500 3.171900 196.188400 51 30 36
-1.672500 3.216200 196.197700 81 78 46
-1.672500 3.217200 196.247700 102 70 67
-1.672500 3.217200 196.252900 59 59 33
-1.672500 3.217200 196.255700 70 51 63
-1.672500 3.218300 196.298800 36 60 33
-1.672400 3.170500 196.248600 41 24 14
-1.672400 3.170800 196.194800 26 42 34
-1.672400 3.170900 196.155000 68 34 56
-1.672400 3.171000 196.143500 68 32 46
-1.672400 3.171500 196.263300 44 18 29
-1.672400 3.171600 196.235400 43 25 33
-1.672400 3.171700 196.220900 37 35 28
-1.672400 3.215100 196.152500 109 84 100
-1.672400 3.215100 196.153800 94 78 93
-1.672400 3.215100 196.155100 101 76 80
-1.672400 3.217200 196.246300 93 70 53
-1.672400 3.218300 196.292000 27 48 24
-1.672300 3.170300 196.282100 17 28 20
-1.672300 3.170400 196.275300 26 23 38
-1.672300 3.170700 196.202600 43 23 16
-1.672300 3.170700 196.206500 67 29 33
-1.672300 3.171600 196.234000 52 25 44
-1.672300 3.171700 196.219500 25 27 31
-1.672300 3.171900 196.190900 16 33 31
-1.672300 3.215100 196.151300 91 66 83
-1.672300 3.215200 196.138500 97 83 80
-1.672300 3.215200 196.141100 96 61 76
-1.672300 3.217200 196.254200 63 52 62
-1.672200 3.170500 196.251200 30 29 16
-1.672200 3.171000 196.147300 32 31 59
-1.672200 3.171600 196.236600 37 23 35
-1.672200 3.171800 196.196000 38 30 34
-1.672200 3.172100 196.139700 61 36 61
-1.672200 3.172600 196.298300 26 24 16
-1.672200 3.176200 196.242000 36 24 17
-1.672200 3.176200 196.248700 42 18 31
-1.672200 3.217200 196.243500 68 68 49
-1.672200 3.218300 196.275700 50 55 40
-1.672100 3.171400 196.287400 33 26 27
-1.672100 3.171500 196.267200 25 26 24
-1.672100 3.171700 196.210300 46 29 53
-1.672100 3.171800 196.205100 28 32 13
-1.672100 3.171800 196.206400 50 35 42
-1.672100 3.171900 196.175400 69 44 33
-1.672100 3.172000 196.154900 61 27 38
-1.672100 3.174800 196.280700 25 15 25
-1.672100 3.175400 196.277100 36 26 25
-1.672100 3.176200 196.240600 40 21 15
-1.672100 3.215100 196.149900 69 67 67
-1.672100 3.216100 196.200100 76 66 63
-1.672000 3.170500 196.243100 35 24 29
-1.672000 3.170500 196.255100 38 23 19
-1.672000 3.170600 196.218100 24 27 38
-1.672000 3.170600 196.235200 29 20 33
-1.672000 3.170800 196.183000 32 26 21
-1.672000 3.170800 196.184300 49 35 34
-1.672000 3.170900 196.165000 60 41 52
-1.672000 3.170900 196.170200 55 28 55
-1.672000 3.171000 196.142200 75 36 76
-1.672000 3.171600 196.230000 32 29 29
-1.672000 3.171600 196.231300 46 19 27
-1.672000 3.171800 196.194700 38 30 34
-1.672000 3.171900 196.168900 44 46 48
-1.672000 3.172000 196.151000 41 35 29
-1.672000 3.172100 196.140900 72 34 47
-1.672000 3.174900 196.261900 57 23 28
-1.672000 3.175600 196.205600 44 23 30
-1.672000 3.176500 196.172800 58 38 50
-1.672000 3.216100 196.194900 81 57 67
-1.672000 3.216100 196.198800 74 71 75
-1.672000 3.217200 196.240800 62 70 44
-1.671900 3.170300 196.277800 30 24 30
-1.671900 3.170300 196.279200 16 21 22
-1.671900 3.170500 196.237800 26 30 23
-1.671900 3.170500 196.257700 42 27 40
-1.671900 3.170600 196.219400 24 31 29
-1.671900 3.170600 196.236500 28 29 29
-1.671900 3.171000 196.148500 45 30 53
-1.671900 3.171700 196.209000 54 22 50
-1.671900 3.171800 196.193300 44 27 33
-1.671900 3.171800 196.201100 35 35 39
-1.671900 3.172000 196.145900 38 33 48
-1.671900 3.172000 196.156100 56 40 25
-1.671900 3.174200 196.183100 74 33 38
-1.671900 3.174800 196.290100 46 25 27
-1.671900 3.174800 196.291400 28 18 28
-1.671900 3.216100 196.193500 92 64 61
-1.671900 3.217200 196.242100 63 65 61
-1.671900 3.218200 196.290400 73 55 37
-1.671900 3.218200 196.294500 66 35 43
-1.671900 3.218200 196.297200 66 53 58
-1.671800 3.170800 196.180400 46 29 42
-1.671800 3.170900 196.158600 61 38 35
-1.671800 3.170900 196.159900 40 27 17
-1.671800 3.171300 196.294000 40 28 35
-1.671800 3.171700 196.224600 62 24 44
-1.671800 3.171800 196.192000 33 29 32
-1.671800 3.171900 196.166300 43 32 45
-1.671800 3.171900 196.176500 52 31 32
-1.671800 3.172000 196.147200 34 59 52
-1.671800 3.172100 196.138300 56 47 40
-1.671800 3.173100 196.189500 44 37 33
-1.671800 3.216200 196.180600 81 50 51
-1.671700 3.170400 196.260300 38 28 38
-1.671700 3.170600 196.216700 29 41 37
-1.671700 3.170600 196.232500 40 22 21
-1.671700 3.170700 196.197100 37 34 27
-1.671700 3.170700 196.210200 32 32 53
-1.671700 3.170800 196.179100 44 32 20
-1.671700 3.170800 196.193200 29 41 20
-1.671700 3.170900 196.168800 54 30 46
-1.671700 3.171700 196.212800 31 28 25
-1.671700 3.171700 196.222000 33 21 10
-1.671700 3.171700 196.227200 25 20 19
-1.671700 3.171800 196.197200 25 30 32
-1.671700 3.171900 196.185500 67 40 48
-1.671700 3.171900 196.186800 50 21 49
-1.671700 3.172000 196.152200 76 32 43
-1.671700 3.172700 196.271100 28 25 18
-1.671700 3.215100 196.137000 111 81 94
-1.671700 3.216100 196.187000 87 75 74
-1.671700 3.216100 196.192200 87 68 67
-1.671600 3.170300 196.280400 23 25 31
-1.671600 3.170700 196.201000 52 32 31
-1.671600 3.170800 196.177700 40 38 27
-1.671600 3.170800 196.181600 43 41 45
-1.671600 3.170900 196.156000 55 36 51
-1.671600 3.171000 196.136900 52 46 43
-1.671600 3.171600 196.228500 42 28 38
-1.671600 3.171600 196.232500 56 19 28
-1.671600 3.171700 196.203600 41 24 17
-1.671600 3.171800 196.199700 43 30 31
-1.671600 3.171900 196.170000 49 33 32
-1.671600 3.172000 196.142000 92 43 72
-1.671600 3.172000 196.158500 33 37 42
-1.671600 3.173100 196.190700 44 32 49
-1.671600 3.216100 196.184400 103 72 94
-1.671600 3.216100 196.185600 92 77 76
-1.671600 3.216100 196.188200 86 82 84
-1.671600 3.218300 196.274100 51 49 37
-1.671500 3.170500 196.245600 32 24 34
-1.671500 3.170500 196.246900 22 15 22
-1.671500 3.170600 196.212700 54 29 33
-1.671500 3.171000 196.138200 45 44 48
-1.671500 3.171700 196.202300 31 26 30
-1.671500 3.172000 196.161100 62 38 45
-1.671500 3.216100 196.190800 95 64 70
-1.671500 3.217200 196.219500 99 75 80
-1.671500 3.218200 196.295700 80 54 50
-1.671400 3.170400 196.269500 70 23 41
-1.671400 3.170500 196.244200 36 28 43
-1.671400 3.170600 196.220500 44 30 23
-1.671400 3.170700 196.198300 38 30 33
-1.671400 3.170900 196.157200 51 41 35
-1.671400 3.170900 196.161000 49 42 53
-1.671400 3.171700 196.215300 43 31 34
-1.671400 3.171700 196.217900 23 30 27
-1.671400 3.171800 196.198300 32 21 30
-1.671400 3.172800 196.236300 36 28 35
-1.671400 3.173200 196.164900 81 22 47
-1.671400 3.217200 196.232600 50 70 48
-1.671400 3.217200 196.234000 66 66 36
-1.671400 3.218200 196.283400 67 65 47
-1.671300 3.170400 196.270900 48 33 33
-1.671300 3.170700 196.199600 37 35 38
-1.671300 3.171700 196.216600 29 33 33
-1.671300 3.171700 196.223100 40 17 29
-1.671300 3.171900 196.163500 45 33 46
-1.671300 3.172000 196.157200 43 30 29
-1.671300 3.172900 196.208800 74 47 41
-1.671300 3.173200 196.228800 21 27 31
-1.671300 3.173500 196.138500 85 37 58
-1.671300 3.216100 196.181700 97 60 65
-1.671300 3.217200 196.227300 93 63 70
-1.671300 3.218200 196.276600 52 55 53
-1.671300 3.218200 196.288800 97 48 63
-1.671200 3.170300 196.276200 34 33 38
-1.671200 3.172900 196.210000 23 25 32
-1.671200 3.174900 196.262900 15 32 18
-1.671200 3.215100 196.135700 110 86 89
-1.671200 3.216100 196.182900 82 63 68
-1.671200 3.216100 196.189400 81 63 62
-1.671200 3.217200 196.231200 85 68 72
-1.671200 3.218200 196.272500 47 66 35
-1.671100 3.170400 196.258800 56 29 34
-1.671100 3.170500 196.233500 26 14 36
-1.671100 3.170900 196.163500 58 27 40
-1.671100 3.171900 196.162200 53 45 41
-1.671100 3.172800 196.237500 12 26 19
-1.671100 3.217200 196.218000 57 61 65
-1.671100 3.217200 196.229800 60 44 62
-1.671100 3.217200 196.239100 81 57 57
-1.671000 3.170600 196.211200 41 28 35
-1.671000 3.170600 196.213800 44 25 37
-1.671000 3.171000 196.135500 58 45 57
-1.671000 3.171700 196.213800 37 25 22
-1.671000 3.216100 196.179000 81 65 66
-1.671000 3.217200 196.228500 78 58 61
-1.671000 3.218200 196.280500 46 34 50
-1.670900 3.170600 196.224200 43 21 42
-1.670900 3.170900 196.162100 50 41 35
-1.670900 3.217100 196.236400 65 54 50
-1.670900 3.217100 196.237700 65 47 47
-1.670900 3.217200 196.235100 81 68 63
-1.670900 3.218200 196.271100 33 58 27
-1.670900 3.218200 196.277800 49 47 49
-1.670900 3.218200 196.284500 47 51 37
-1.670800 3.217200 196.225800 71 48 63
-1.670700 3.216100 196.173700 108 81 76
-1.670700 3.217200 196.220500 70 62 57
-1.670600 3.170600 196.215000 32 43 32
-1.670600 3.171900 196.164600 54 16 39
-1.670600 3.218100 196.287100 73 53 55
-1.670500 3.216100 196.166000 62 72 47
-1.670500 3.218100 196.285700 92 76 62
-1.670300 3.171800 196.177300 54 37 56
-1.670300 3.218200 196.268200 105 71 54
-1.670200 3.217200 196.216400 78 58 67
-1.670200 3.218200 196.266800 92 58 69
-1.670200 3.218200 196.269400 71 68 37
-1.670100 3.171800 196.178500 38 28 29
-1.670100 3.217100 196.224200 86 61 68
-1.670000 3.217100 196.221500 99 69 51
-1.669900 3.217100 196.222800 95 62 59
-1.669700 3.216100 196.158000 107 87 105
-1.669600 3.216100 196.159300 86 75 75
-1.669500 3.216100 196.160500 80 66 71
-1.669300 3.217100 196.212100 95 65 81
-1.669300 3.218100 196.265000 80 62 67
-1.669200 3.216100 196.142600 105 66 97
-1.669200 3.216100 196.156600 95 71 94
-1.669100 3.218100 196.260900 88 74 51
-1.668900 3.218100 196.258200 95 49 59
-1.668900 3.218100 196.259500 87 52 48
-1.668900 3.218100 196.262200 72 49 42
-1.668800 3.216100 196.141200 98 81 94
-1.668800 3.216100 196.143700 96 69 94
-1.668700 3.218100 196.263400 68 52 59
-1.668500 3.216000 196.152500 90 68 77
-1.668400 3.217100 196.201400 92 75 55
-1.668400 3.218100 196.254000 58 38 57
-1.668300 3.216000 196.144800 98 92 84
-1.668300 3.216000 196.151100 107 77 104
-1.668300 3.217000 196.202600 86 58 67
-1.668200 3.216000 196.155000 92 80 76
-1.668100 3.216000 196.139600 105 70 93
-1.668000 3.216000 196.153600 119 96 98
-1.667800 3.216000 196.138300 93 81 77
-1.667300 3.216000 196.135600 99 67 87
-1.667200 3.216000 196.136900 99 85 79
-1.667100 3.219000 196.288300 78 75 58
-1.665300 3.217000 196.161600 94 76 81
-1.664800 3.216900 196.162700 68 93 64
-1.664300 3.216900 196.159900 90 87 89
-1.664000 3.216900 196.157300 82 91 78
-1.664000 3.216900 196.163700 92 94 70
-1.663900 3.216900 196.158500 96 88 90
-1.663900 3.216900 196.166200 117 69 94
-1.663800 3.216900 196.164900 91 78 62
-1.662600 3.216800 196.144100 97 86 83
-1.662600 3.216800 196.145400 97 80 88
-1.662600 3.216800 196.146700 109 77 93
-1.662600 3.216800 196.153000 90 91 82
-1.662400 3.216800 196.150400 93 80 46
-1.662300 3.216800 196.147900 103 76 87
-1.662300 3.216800 196.149100 105 78 75
-1.662300 3.216800 196.151600 107 80 75
-1.662200 3.216800 196.142700 94 93 76
-1.658300 3.217600 196.168000 93 76 89
-1.658000 3.217600 196.164100 112 95 93
-1.658000 3.217600 196.165400 103 90 72
-1.657700 3.217600 196.166500 90 75 85
-1.656100 3.217500 196.149500 111 92 75
-1.655500 3.217500 196.151800 84 95 80
-1.653900 3.217400 196.134900 84 80 53
-1.653800 3.218400 196.174100 76 81 55
-1.651500 3.218300 196.165600 98 87 75
-1.651200 3.218300 196.162900 91 80 47
-1.651200 3.218300 196.164200 90 92 50
-1.650800 3.218300 196.161600 109 88 73
-1.650400 3.218300 196.153800 100 92 88
-1.650300 3.218300 196.155100 119 92 92
-1.650000 3.218200 196.160000 120 90 90
-1.649900 3.218300 196.152400 98 76 70
-1.649800 3.218300 196.149800 78 91 77
-1.649100 3.218200 196.148300 105 86 95
-1.648900 3.218200 196.147000 103 92 87
-1.648700 3.219200 196.178600 91 81 85
-1.648600 3.218200 196.145700 119 93 95
-1.648400 3.218100 196.144300 103 91 81
-1.648200 3.218100 196.139200 126 98 94
-1.647900 3.218100 196.135400 106 102 75
-1.647900 3.218100 196.136700 110 93 109
-1.647900 3.218100 196.137900 92 88 70
-1.647800 3.218100 196.140400 88 70 82
-1.647800 3.218100 196.142900 98 75 78
-1.647200 3.218100 196.141400 81 75 80
-1.645400 3.219000 196.158400 97 84 73
-1.639200 3.221600 196.292200 76 92 64
-1.639200 3.221600 196.294900 99 88 72
-1.639200 3.221600 196.296200 113 83 63
-1.639200 3.221600 196.297600 96 84 53
-1.639100 3.221600 196.289500 134 77 92
-1.639100 3.221600 196.290800 106 68 77
-1.638900 3.221600 196.282700 70 81 72
-1.638900 3.221600 196.293400 85 90 68
-1.638700 3.221600 196.281300 81 86 49
-1.638700 3.221600 196.284000 113 83 93
-1.638600 3.221600 196.268000 95 74 94
-1.638500 3.221600 196.275900 113 75 96
-1.638500 3.221600 196.286500 112 84 76
-1.638300 3.221600 196.258600 105 85 70
-1.638200 3.221600 196.259800 103 87 95
-1.638200 3.221600 196.266500 104 82 92
-1.638000 3.219600 196.147000 83 81 76
-1.638000 3.221600 196.261100 111 71 93
-1.638000 3.221600 196.262400 92 73 89
-1.638000 3.221600 196.269000 121 77 88
-1.637900 3.221500 196.279600 91 71 68
-1.637600 3.221600 196.251800 113 81 74
-1.637600 3.221600 196.253100 121 91 76
-1.637600 3.221600 196.263600 91 70 88
-1.637500 3.221500 196.264800 105 82 97
-1.637500 3.221500 196.270100 96 74 63
-1.637500 3.221500 196.272800 101 76 71
-1.637400 3.221500 196.278100 56 69 78
-1.637400 3.221600 196.256900 76 75 56
-1.637200 3.221500 196.271300 124 85 81
-1.637200 3.221600 196.250200 87 81 64
-1.637100 3.221500 196.254100 103 66 64
-1.636800 3.221500 196.255400 96 64 69
-1.636000 3.221500 196.241900 115 69 97
-1.636000 3.221500 196.247100 119 80 92
-1.635900 3.221500 196.244500 107 76 74
-1.635900 3.221500 196.245800 105 81 86
-1.635800 3.221500 196.243100 104 83 90
-1.635700 3.221500 196.239200 108 104 90
-1.635700 3.221500 196.240500 106 75 93
-1.635600 3.223300 196.293600 73 43 42
-1.635500 3.223300 196.297400 56 44 45
-1.635400 3.221500 196.235200 112 91 79
-1.635300 3.221500 196.237700 113 101 103
-1.635200 3.221500 196.236400 71 61 61
-1.634900 3.221500 196.231100 115 70 78
-1.634800 3.221500 196.233600 99 90 52
-1.634600 3.221500 196.229700 91 87 89
-1.634500 3.221400 196.232200 116 99 73
-1.633700 3.221400 196.225400 94 69 73
-1.633500 3.221400 196.226600 85 74 42
-1.633000 3.221300 196.223800 137 92 100
-1.632900 3.221300 196.218600 117 86 103
-1.632100 3.221300 196.222200 67 83 57
-1.632000 3.221300 196.219600 100 68 85
-1.631600 3.221200 196.220700 93 86 78
-1.631400 3.223300 196.297600 59 43 40
-1.631400 3.223400 196.293900 71 47 44
-1.631300 3.223600 196.290200 69 43 45
-1.631100 3.221300 196.206400 80 88 80
-1.631100 3.222300 196.260800 87 96 103
-1.630900 3.221200 196.207600 65 91 82
-1.630600 3.222300 196.267100 110 81 86
-1.630400 3.221200 196.201000 98 97 92
-1.630400 3.222300 196.257900 70 75 67
-1.630200 3.221200 196.199600 57 80 56
-1.629800 3.222100 196.282700 100 66 74
-1.626400 3.224400 196.290500 48 44 44
-1.626400 3.224400 196.294300 30 50 41
-1.626000 3.222100 196.219800 84 84 95
-1.625700 3.222000 196.218300 108 85 103
-1.625400 3.222000 196.216900 112 84 103
-1.624500 3.222900 196.286900 107 82 41
-1.624100 3.222800 196.285500 115 77 77
-1.623900 3.222800 196.288000 120 94 43
-1.623800 3.222900 196.270800 125 85 102
-1.623600 3.222800 196.281200 115 70 78
-1.623500 3.222800 196.279800 126 87 90
-1.623200 3.222800 196.269200 123 84 82
-1.623000 3.221900 196.196900 116 99 89
-1.623000 3.222700 196.283600 105 83 94
-1.622400 3.222700 196.267600 78 85 65
-1.622200 3.223900 196.290700 64 49 52
-1.622000 3.224200 196.294500 58 50 47
-1.621000 3.222800 196.230600 109 83 90
-1.620400 3.222800 196.214900 111 88 103
-1.620100 3.222700 196.228900 75 80 67
-1.619800 3.222700 196.216000 116 81 104
-1.619800 3.222700 196.221100 104 102 95
-1.619700 3.222700 196.219800 101 111 116
-1.619700 3.222700 196.224900 101 96 66
-1.619400 3.222700 196.223500 92 108 80
-1.619300 3.222700 196.217100 100 76 98
-1.618700 3.222700 196.210400 107 117 82
-1.617800 3.222600 196.205000 118 107 94
-1.617700 3.222600 196.201100 115 99 95
-1.617700 3.223500 196.278600 87 86 85
-1.617600 3.223500 196.272000 113 105 94
-1.617500 3.224400 196.294800 76 43 42
-1.617500 3.224400 196.298500 54 51 40
-1.617400 3.223400 196.279800 111 97 98
-1.617400 3.223400 196.281100 95 58 63
-1.617300 3.224700 196.291100 76 42 49
-1.617000 3.223400 196.269100 67 74 49
-1.616400 3.223400 196.257100 104 97 81
-1.616300 3.223400 196.255800 92 94 78
-1.616300 3.223400 196.261000 86 91 79
-1.615700 3.223400 196.246500 96 92 96
-1.615700 3.223400 196.251600 120 84 77
-1.615600 3.223400 196.245100 115 72 104
-1.615400 3.223400 196.241100 87 85 57
-1.614800 3.223400 196.239600 123 88 89
-1.614700 3.223400 196.231800 112 113 103
-1.614500 3.223400 196.226600 119 111 111
-1.614500 3.223400 196.238200 116 72 85
-1.614400 3.222500 196.152400 121 104 116
-1.614400 3.223400 196.233000 82 84 102
-1.614300 3.222500 196.153600 130 106 113
-1.614200 3.222500 196.151100 104 94 85
-1.614200 3.223300 196.236800 115 92 88
-1.614200 3.223400 196.224000 92 92 92
-1.613900 3.223300 196.235400 103 98 56
-1.613700 3.223300 196.230100 76 88 82
-1.613700 3.223300 196.234000 111 99 87
-1.612500 3.225100 196.291400 58 50 52
-1.612400 3.225200 196.298800 35 60 43
-1.612300 3.225200 196.295100 57 50 41
-1.610800 3.224100 196.278200 94 97 88
-1.610600 3.224100 196.276800 65 74 68
-1.610300 3.224100 196.275300 71 72 72
-1.610300 3.224100 196.279300 87 82 60
-1.610100 3.224100 196.267400 99 87 73
-1.610000 3.224100 196.266100 81 92 56
-1.609900 3.224100 196.268600 122 77 92
-1.609500 3.224000 196.281500 92 75 48
-1.609500 3.224000 196.282900 103 104 65
-1.609400 3.224000 196.280200 86 80 73
-1.609300 3.224000 196.290700 95 95 80
-1.609300 3.224000 196.293300 115 94 94
-1.609200 3.224000 196.286600 57 70 63
-1.609100 3.223900 196.289200 103 85 73
-1.609100 3.223900 196.291900 127 87 109
-1.609000 3.224000 196.285200 100 90 86
-1.608900 3.223900 196.283900 85 85 65
-1.608900 3.224000 196.264300 61 107 63
-1.608800 3.223900 196.295700 92 91 89
-1.608800 3.224000 196.262900 91 103 89
-1.608600 3.223900 196.287700 102 81 68
-1.608500 3.224000 196.261500 124 93 96
-1.608400 3.224000 196.254900 91 92 86
-1.608300 3.224000 196.252300 96 105 102
-1.608300 3.224000 196.253600 81 96 90
-1.608200 3.224000 196.251000 81 73 75
-1.608100 3.224000 196.256100 115 105 97
-1.608000 3.223900 196.271700 122 93 66
-1.608000 3.224000 196.248400 109 85 77
-1.608000 3.224000 196.249600 81 92 76
-1.608000 3.224000 196.258700 85 84 62
-1.608000 3.224000 196.260000 50 92 70
-1.594600 3.225000 196.269700 125 90 95
-1.592600 3.225000 196.220200 102 75 72
-1.587700 3.225800 196.167300 101 102 102
-1.587600 3.225700 196.187000 125 101 112
-1.587600 3.225700 196.193200 104 102 90
-1.587400 3.225700 196.188100 110 97 77
-1.587300 3.225500 196.238200 84 101 43
-1.587300 3.225700 196.184400 112 108 65
-1.587300 3.225700 196.191800 104 107 70
-1.587300 3.225800 196.163500 122 108 97
-1.587300 3.225800 196.168400 125 104 112
-1.587200 3.225700 196.183100 77 90 57
-1.587200 3.225800 196.165800 112 106 105
-1.587100 3.225500 196.236900 103 94 76
-1.587100 3.225500 196.245800 123 100 87
-1.587100 3.225700 196.175600 119 104 82
-1.587100 3.225700 196.181800 110 98 70
-1.587100 3.225700 196.185500 128 105 80
-1.587100 3.225800 196.139000 130 117 109
-1.587100 3.225800 196.159700 122 108 113
-1.587000 3.225500 196.249600 82 113 68
-1.587000 3.225700 196.174400 127 101 87
-1.587000 3.225700 196.176800 127 117 110
-1.587000 3.225700 196.178100 118 107 94
-1.587000 3.225700 196.196600 119 107 104
-1.587000 3.225700 196.197900 128 123 117
-1.587000 3.225800 196.149900 108 111 107
-1.587000 3.225800 196.162100 103 105 86
-1.587000 3.225800 196.164600 124 104 93
-1.586900 3.225800 196.158400 121 94 105
-1.586800 3.225500 196.247000 117 88 75
-1.586800 3.225500 196.248200 113 99 77
-1.586800 3.225600 196.202800 113 112 98
-1.586800 3.225700 196.173000 112 85 77
-1.586800 3.225700 196.179200 128 118 117
-1.586800 3.225700 196.180500 123 87 103
-1.586800 3.225700 196.194100 77 110 103
-1.586800 3.225800 196.148600 124 115 108
-1.586800 3.225800 196.151000 121 98 103
-1.586700 3.225500 196.239300 113 102 55
-1.586700 3.225600 196.201500 115 84 93
-1.586700 3.225700 196.169400 126 98 97
-1.586700 3.225700 196.189100 87 108 76
-1.586700 3.225700 196.195300 119 94 102
-1.586700 3.225800 196.146100 117 105 111
-1.586600 3.225300 196.292000 112 82 95
-1.586600 3.225700 196.160700 115 109 110
-1.586600 3.225800 196.152200 115 109 99
-1.586500 3.225400 196.260900 134 126 86
-1.586500 3.225400 196.262200 103 93 92
-1.586500 3.225400 196.263400 85 108 93
-1.586500 3.225400 196.280300 110 85 77
-1.586500 3.225500 196.244300 122 98 68
-1.586500 3.225600 196.190200 96 113 87
-1.586500 3.225700 196.153400 121 119 111
-1.586500 3.225700 196.157000 117 106 99
-1.586500 3.225700 196.170500 129 96 103
-1.586500 3.225700 196.171700 123 96 77
-1.586500 3.225800 196.136400 121 118 108
-1.586500 3.225800 196.137600 117 101 100
-1.586500 3.225800 196.142500 128 110 121
-1.586500 3.225800 196.144900 108 119 106
-1.586400 3.225300 196.290600 123 74 103
-1.586400 3.225400 196.264700 102 95 90
-1.586400 3.225700 196.155800 99 109 82
-1.586400 3.225800 196.140000 135 115 122
-1.586400 3.225800 196.147300 125 95 104
-1.586300 3.225400 196.259600 133 88 79
-1.586300 3.225500 196.242900 113 91 48
-1.586300 3.225600 196.198900 101 101 92
-1.586300 3.225700 196.154500 112 110 96
-1.586300 3.225800 196.135100 137 123 117
-1.586300 3.225800 196.143600 132 111 112
-1.586200 3.225300 196.297100 92 101 82
-1.586200 3.225400 196.258200 137 93 110
-1.586100 3.225400 196.265900 119 101 73
-1.586100 3.225500 196.235200 122 77 74
-1.586100 3.225600 196.203800 104 99 89
-1.586000 3.225300 196.278700 121 98 100
-1.586000 3.225300 196.281300 100 108 77
-1.586000 3.225300 196.293100 76 60 61
-1.586000 3.225300 196.298300 81 97 106
-1.586000 3.225400 196.240200 106 93 49
-1.586000 3.225400 196.241500 113 82 85
-1.586000 3.225400 196.254300 91 66 64
-1.586000 3.225400 196.256800 74 88 38
-1.586000 3.225500 196.226300 105 75 95
-1.585900 3.225300 196.295600 115 90 88
-1.585900 3.225400 196.255500 91 82 62
-1.585900 3.225500 196.199900 115 99 104
-1.585900 3.225500 196.228800 112 84 95
-1.585800 3.225300 196.274800 107 90 82
-1.585800 3.225300 196.277300 117 107 104
-1.585800 3.225400 196.250300 103 99 62
-1.585800 3.225500 196.224900 127 84 102
-1.585800 3.225700 196.141000 122 110 110
-1.585700 3.225300 196.285100 86 102 93
-1.585700 3.225500 196.227500 110 87 109
-1.585700 3.225500 196.230000 104 90 89
-1.585600 3.225300 196.266900 107 93 85
-1.585600 3.225300 196.288900 96 73 69
-1.585600 3.225400 196.252800 113 88 94
-1.585600 3.225500 196.204800 125 98 98
-1.585600 3.225500 196.221100 103 85 102
-1.585500 3.225200 196.294200 113 81 76
-1.585500 3.225300 196.269500 85 109 36
-1.585500 3.225300 196.273300 69 67 98
-1.585500 3.225300 196.275900 109 88 71
-1.585500 3.225300 196.283700 112 110 99
-1.585400 3.225300 196.268100 107 71 78
-1.585400 3.225300 196.270700 64 98 46
-1.585400 3.225500 196.207200 113 83 103
-1.585400 3.225500 196.208500 116 108 98
-1.585300 3.225400 196.231000 99 82 87
-1.585300 3.225500 196.205900 118 108 86
-1.585300 3.225500 196.215900 120 87 98
-1.585200 3.225500 196.214700 92 69 42
-1.585100 3.225200 196.282300 98 73 58
-1.585100 3.225400 196.222100 82 93 73
-1.585000 3.225300 196.271800 74 90 73
-1.585000 3.225400 196.213300 92 87 100
-1.585000 3.225400 196.223300 115 93 109
-1.585000 3.225400 196.251300 90 64 66
-1.584900 3.225200 196.286000 92 104 75
-1.584900 3.225400 196.217000 117 72 95
-1.584900 3.225400 196.219600 107 81 94
-1.584900 3.225400 196.233400 85 96 49
-1.584800 3.225200 196.287300 125 102 95
-1.584700 3.225400 196.211900 110 92 94
-1.584700 3.225400 196.232000 95 94 68
-1.584600 3.225400 196.209400 84 110 82
-1.584600 3.225400 196.218100 101 94 90
-1.584000 3.225400 196.210400 132 104 108
-1.583300 3.226500 196.158300 115 92 106
-1.582700 3.226500 196.159300 128 98 121
-1.582400 3.226300 196.183700 119 112 81
-1.582400 3.226400 196.162900 125 111 105
-1.582300 3.226100 196.261600 95 81 70
-1.582300 3.226300 196.184900 117 92 111
-1.582300 3.226500 196.149400 123 102 90
-1.582200 3.226300 196.182400 131 112 104
-1.582200 3.226400 196.161600 122 84 94
-1.582200 3.226400 196.177500 113 107 74
-1.707100 3.190800 196.448700 46 22 28
-1.706800 3.191300 196.445100 31 20 27
-1.706800 3.191300 196.452500 46 20 19
-1.706800 3.191500 196.434000 35 25 32
-1.706600 3.191900 196.408200 58 19 55
-1.706500 3.191700 196.456300 46 21 13
-1.706500 3.192000 196.415600 35 22 28
-1.706400 3.192000 196.460000 31 28 22
-1.706400 3.192200 196.430400 32 24 30
-1.706300 3.192100 196.463800 5 27 30
-1.706300 3.192300 196.423000 36 24 28
-1.706300 3.192300 196.441600 27 22 25
-1.706200 3.192400 196.437900 29 20 27
-1.706200 3.192600 196.419300 32 28 32
-1.706100 3.192700 196.426800 69 15 29
-1.706100 3.192800 196.412000 43 22 31
-1.704300 3.188400 196.407900 38 20 37
-1.703900 3.189400 196.367400 43 23 32
-1.703800 3.189300 196.411700 35 30 30
-1.703700 3.189400 196.404300 34 21 27
-1.703600 3.189500 196.415500 35 26 27
-1.703600 3.190000 196.356400 47 26 36
-1.703500 3.190200 196.334300 43 27 37
-1.703500 3.190300 196.330600 26 30 34
-1.703400 3.190100 196.389600 24 29 30
-1.703400 3.190300 196.352800 50 22 34
-1.703400 3.190300 196.371200 43 26 38
-1.703300 3.190400 196.378600 49 20 43
-1.703200 3.190100 196.456300 33 27 24
-1.703200 3.190100 196.460000 32 23 20
-1.703200 3.190400 196.393400 33 27 31
-1.703100 3.190400 196.419300 20 30 27
-1.703100 3.190400 196.434100 32 28 31
-1.703100 3.190600 196.363900 32 22 32
-1.703100 3.190800 196.360200 40 28 37
-1.703100 3.190900 196.327000 33 28 36
-1.703100 3.190900 196.345500 73 16 39
-1.703000 3.190400 196.449000 41 22 23
-1.703000 3.190700 196.397200 54 17 48
-1.703000 3.191000 196.341800 63 25 42
-1.702900 3.190900 196.400900 48 17 42
-1.702900 3.191000 196.386100 40 26 39
-1.702900 3.191100 196.375000 57 21 47
-1.702800 3.190700 196.445300 35 21 28
-1.702800 3.190700 196.452700 37 25 22
-1.702800 3.190900 196.430500 28 23 25
-1.702800 3.191200 196.382400 48 16 39
-1.702800 3.191400 196.349200 45 22 32
-1.702700 3.191000 196.423100 20 26 31
-1.702700 3.191100 196.426800 43 22 31
-1.702700 3.191600 196.338200 45 20 33
-1.702600 3.191000 196.463900 21 23 21
-1.702200 3.191800 196.438000 33 25 30
-1.702100 3.192000 196.441800 43 18 18
-1.698700 3.191400 196.345800 27 24 31
-1.698700 3.191400 196.349500 33 24 32
-1.698600 3.191100 196.449300 27 23 18
-1.698500 3.191900 196.309000 5 38 31
-1.698500 3.192000 196.305300 40 27 9
-1.698400 3.191800 196.368000 54 18 33
-1.698300 3.191700 196.423500 51 15 20
-1.698300 3.192100 196.334800 25 26 31
-1.698300 3.192200 196.331100 0 34 23
-1.698200 3.191700 196.453200 6 30 24
-1.698200 3.192400 196.301700 42 30 31
-1.698200 3.192400 196.320100 44 30 35
-1.698100 3.192200 196.408800 26 21 42
-1.698100 3.192300 196.371800 53 21 35
-1.698100 3.192300 196.375500 57 16 37
-1.698100 3.192300 196.379200 54 21 43
-1.698100 3.192700 196.316500 21 32 31
-1.698000 3.192300 196.401400 43 21 24
-1.698000 3.192400 196.412500 52 18 35
-1.698000 3.192500 196.364400 30 27 33
-1.698000 3.192800 196.312800 22 35 35
-1.697900 3.192300 196.445900 34 19 25
-1.697900 3.192400 196.405100 24 27 19
-1.697900 3.192800 196.338600 55 18 35
-1.697900 3.192800 196.353400 31 26 32
-1.697900 3.193000 196.327600 11 29 23
-1.697800 3.192900 196.342300 33 23 33
-1.697800 3.192900 196.357100 47 20 34
-1.697700 3.192900 196.397800 46 22 32
-1.697600 3.193100 196.383000 51 14 41
-1.697600 3.193200 196.386700 43 18 41
-1.697500 3.193500 196.360900 27 20 28
-1.697500 3.193600 196.324000 29 25 28
-1.697400 3.193400 196.390400 33 21 36
-1.696900 3.194100 196.394300 30 22 32
-1.694500 3.191200 196.408900 38 19 37
-1.694300 3.191400 196.438600 38 19 33
-1.693900 3.192200 196.423900 59 19 34
-1.693900 3.192700 196.324100 49 26 34
-1.693800 3.192900 196.327800 43 27 32
-1.693400 3.192900 196.461100 35 14 34
-1.692900 3.194400 196.317000 32 24 29
-1.692800 3.194600 196.313300 30 26 43
-1.692700 3.194300 196.420500 19 24 27
-1.692700 3.194700 196.346500 31 25 33
-1.692600 3.194900 196.342900 26 23 30
-1.692500 3.194700 196.383500 40 22 36
-1.692400 3.194800 196.428000 66 10 27
-1.692300 3.194800 196.442900 49 17 31
-1.692300 3.195000 196.435500 31 20 28
-1.692300 3.195300 196.372500 48 20 36
-1.692300 3.195500 196.306100 31 37 36
-1.692300 3.195500 196.331900 21 35 39
-1.692200 3.195400 196.368800 40 24 33
-1.692200 3.195700 196.309800 28 24 41
-1.692200 3.195700 196.320800 43 29 34
-1.692100 3.195600 196.380000 43 18 34
-1.692000 3.195600 196.402200 44 18 25
-1.692000 3.195800 196.354100 29 26 32
-1.692000 3.195900 196.335600 10 27 31
-1.691800 3.195800 196.413300 15 20 27
-1.691800 3.196100 196.365200 30 24 32
-1.691700 3.195900 196.446800 49 11 28
-1.691600 3.196500 196.350500 28 21 31
-1.691400 3.196400 196.458000 1 23 19
-1.691400 3.197000 196.339500 55 15 33
-1.691300 3.197300 196.302600 43 22 25
-1.691200 3.197000 196.387600 48 16 41
-1.691100 3.196900 196.450700 43 19 28
-1.691100 3.197200 196.391300 38 19 41
-1.691100 3.197200 196.398700 29 22 28
-1.690900 3.197700 196.361800 38 14 27
-1.690900 3.197700 196.376600 45 18 36
-1.690900 3.197800 196.358100 29 23 27
-1.690800 3.197700 196.417300 42 14 30
-1.690400 3.192100 196.320600 20 25 30
-1.690100 3.192100 196.413000 44 25 21
-1.690100 3.192200 196.409300 51 17 15
-1.690100 3.192200 196.416700 48 16 37
-1.690100 3.198800 196.395300 26 20 37
-1.690000 3.192900 196.324300 31 27 28
-1.689800 3.199200 196.432500 43 14 16
-1.689700 3.199400 196.454800 5 29 24
-1.689200 3.193600 196.461500 38 20 17
-1.688500 3.194900 196.435700 46 16 25
-1.688500 3.195200 196.383900 53 20 37
-1.688400 3.195400 196.354300 32 27 33
-1.688400 3.195700 196.306300 23 33 19
-1.688300 3.195100 196.450600 69 11 41
-1.688100 3.196200 196.313800 32 31 38
-1.688000 3.196300 196.332200 27 26 38
-1.687900 3.195800 196.454400 40 22 32
-1.687900 3.196400 196.336000 26 32 40
-1.687700 3.197000 196.310200 24 27 9
-1.686600 3.192300 196.346600 24 27 33
-1.686300 3.192800 196.328200 38 28 35
-1.686200 3.192800 196.380000 26 27 35
-1.686200 3.192900 196.350400 26 23 28
-1.686200 3.193000 196.339400 31 24 36
-1.686100 3.192900 196.376300 29 25 35
-1.686100 3.193200 196.335700 31 31 41
-1.686000 3.193300 196.343100 34 29 35
-1.686000 3.193400 196.332000 34 29 38
-1.686000 3.193500 196.324600 26 29 20
-1.685900 3.192900 196.450500 62 15 42
-1.685900 3.193100 196.413400 30 30 25
-1.685900 3.193100 196.417100 45 20 32
-1.685800 3.193400 196.409700 46 24 24
-1.685800 3.193900 196.306200 33 33 36
-1.685800 3.193900 196.310000 27 37 25
-1.685700 3.193300 196.446900 18 30 39
-1.685700 3.193300 196.458000 43 21 24
-1.685700 3.193600 196.402400 14 27 32
-1.685700 3.194000 196.321000 18 29 36
-1.685700 3.194100 196.302600 30 28 38
-1.685600 3.193400 196.454300 56 15 35
-1.685600 3.193500 196.435700 63 15 33
-1.685600 3.193700 196.391300 49 23 33
-1.685600 3.193700 196.406100 26 27 35
-1.685600 3.193800 196.383900 53 19 34
-1.685600 3.193900 196.361700 62 17 35
-1.685600 3.194000 196.358000 54 24 35
-1.685500 3.193700 196.420900 73 9 49
-1.685500 3.193700 196.432100 44 17 29
-1.685500 3.193800 196.398700 14 23 37
-1.685500 3.193800 196.428400 35 24 37
-1.685500 3.193900 196.395000 46 16 43
-1.685500 3.194000 196.365400 62 18 38
-1.685500 3.194000 196.372800 32 27 41
-1.685500 3.194000 196.387600 61 23 39
-1.685500 3.194100 196.369100 11 24 33
-1.685500 3.194200 196.354300 38 26 35
-1.685300 3.193800 196.461800 50 22 31
-1.685300 3.194600 196.317400 26 34 44
-1.685200 3.194300 196.424700 24 24 36
-1.685200 3.194900 196.313800 24 34 18
-1.685000 3.194600 196.439600 37 19 30
-1.684900 3.194800 196.443400 27 21 27
-1.681500 3.193600 196.328600 30 26 41
-1.681400 3.193800 196.302800 5 30 38
-1.681200 3.193500 196.424900 26 20 42
-1.681200 3.193500 196.428600 10 26 42
-1.681200 3.193700 196.413800 24 24 36
-1.681200 3.193900 196.350900 67 20 38
-1.681200 3.194000 196.313900 29 30 24
-1.681100 3.194200 196.332400 10 33 40
-1.681100 3.194300 196.306600 32 32 28
-1.681000 3.193900 196.406400 33 22 29
-1.681000 3.194000 196.410200 30 26 31
-1.681000 3.194200 196.362000 27 34 25
-1.681000 3.194300 196.343500 19 29 31
-1.681000 3.194400 196.317700 30 29 33
-1.681000 3.194500 196.310300 26 31 33
-1.680900 3.193900 196.458500 9 31 30
-1.680900 3.194000 196.432400 0 27 25
-1.680900 3.194600 196.325100 34 31 29
-1.680900 3.194600 196.339900 24 28 34
-1.680800 3.194300 196.417600 56 17 44
-1.680800 3.194400 196.395400 57 19 27
-1.680800 3.194600 196.347200 35 26 37
-1.680800 3.194600 196.354600 43 34 35
-1.680800 3.194600 196.358400 0 34 7
-1.680700 3.194300 196.421300 64 17 41
-1.680700 3.194300 196.462200 26 21 27
-1.680700 3.194400 196.436200 35 21 30
-1.680700 3.194500 196.376900 37 20 46
-1.680700 3.194500 196.388000 32 25 31
-1.680700 3.194500 196.391700 57 15 30
-1.680700 3.194600 196.384300 20 26 31
-1.680600 3.194400 196.443700 10 33 31
-1.680600 3.194400 196.454800 21 21 30
-1.680600 3.194500 196.440000 27 22 27
-1.680600 3.194700 196.399100 48 25 37
-1.680600 3.194700 196.402800 15 32 18
-1.680600 3.195100 196.321400 37 30 35
-1.680500 3.194500 196.447400 66 9 21
-1.680500 3.194900 196.373200 34 21 41
-1.680500 3.195100 196.365800 60 15 35
-1.680400 3.195100 196.380600 48 23 31
-1.680400 3.195300 196.336200 15 31 36
-1.680200 3.195000 196.451200 6 29 27
-1.680100 3.195800 196.369700 34 24 33
-1.678200 3.214900 196.361000 51 29 23
-1.678000 3.214700 196.409500 8 7 10
-1.678000 3.214800 196.403700 25 15 16
-1.677900 3.185300 196.442700 32 34 23
-1.677900 3.213900 196.301100 16 9 12
-1.677900 3.214700 196.410900 15 18 7
-1.677800 3.192900 196.302900 12 46 33
-1.677800 3.214700 196.405100 16 14 9
-1.677800 3.214900 196.342600 43 26 21
-1.677800 3.214900 196.373600 15 11 10
-1.677800 3.215000 196.330000 61 34 32
-1.677700 3.213800 196.336900 17 1 4
-1.677700 3.213900 196.302400 42 16 19
-1.677700 3.214900 196.362200 25 25 17
-1.677600 3.185600 196.446400 26 34 28
-1.677600 3.192300 196.458500 20 31 27
-1.677600 3.215000 196.313400 27 23 25
-1.677600 3.215000 196.314700 12 19 20
-1.677500 3.192800 196.410200 28 22 35
-1.677500 3.193000 196.384300 50 23 53
-1.677500 3.193300 196.314100 11 43 34
-1.677500 3.193400 196.306700 30 37 29
-1.677500 3.214800 196.384800 8 21 9
-1.677500 3.214800 196.392000 9 23 18
-1.677500 3.214900 196.343800 36 20 18
-1.677500 3.214900 196.356400 9 11 7
-1.677500 3.215000 196.316000 25 30 19
-1.677400 3.192800 196.432500 9 37 28
-1.677400 3.192800 196.454800 27 23 35
-1.677400 3.214700 196.393400 9 16 5
-1.677400 3.215900 196.407800 61 43 50
-1.677300 3.192800 196.462300 22 29 37
-1.677300 3.192900 196.436300 29 31 35
-1.677300 3.193100 196.425200 11 29 16
-1.677300 3.193200 196.406600 51 24 29
-1.677300 3.193300 196.369500 45 26 34
-1.677300 3.193400 196.347300 68 24 42
-1.677300 3.193400 196.362100 42 33 31
-1.677300 3.193400 196.365800 45 35 36
-1.677300 3.193400 196.380600 54 23 37
-1.677200 3.193400 196.402900 43 24 38
-1.677200 3.193800 196.317800 44 32 42
-1.677100 3.186800 196.387300 35 32 36
-1.677100 3.193400 196.414000 37 23 48
-1.677100 3.193400 196.421500 35 29 27
-1.677100 3.193500 196.399200 55 20 33
-1.677100 3.193600 196.388100 28 32 39
-1.677100 3.193600 196.391800 26 36 42
-1.677100 3.193700 196.351100 87 16 41
-1.677100 3.193900 196.310400 3 47 43
-1.677100 3.215800 196.409100 35 20 25
-1.677100 3.216000 196.356300 43 31 32
-1.677100 3.216000 196.357700 46 27 23
-1.677000 3.193400 196.451200 81 15 37
-1.677000 3.193600 196.428900 27 31 30
-1.677000 3.193600 196.440100 45 20 30
-1.677000 3.193700 196.417800 57 23 45
-1.677000 3.193800 196.373300 56 25 47
-1.677000 3.193900 196.358500 38 27 32
-1.677000 3.194100 196.329000 62 27 42
-1.677000 3.215900 196.381700 37 44 30
-1.677000 3.216000 196.363300 42 26 41
-1.676900 3.186900 196.450400 32 24 31
-1.676900 3.194200 196.332700 31 31 42
-1.676900 3.215800 196.417700 27 19 14
-1.676900 3.216000 196.361900 45 27 44
-1.676800 3.187000 196.457800 33 32 29
-1.676800 3.187400 196.368900 58 33 43
-1.676800 3.193900 196.443900 23 33 29
-1.676800 3.193900 196.447600 62 27 34
-1.676800 3.194400 196.336400 48 28 46
-1.676800 3.194400 196.343800 42 28 39
-1.676800 3.215800 196.401700 25 43 37
-1.676800 3.215800 196.406000 51 34 36
-1.676800 3.215800 196.416200 46 27 21
-1.676800 3.215900 196.380200 51 28 29
-1.676800 3.215900 196.387400 47 35 33
-1.676700 3.187700 196.372600 66 28 50
-1.676700 3.194300 196.377100 60 28 54
-1.676700 3.194300 196.395600 42 24 25
-1.676700 3.215800 196.400300 43 37 27
-1.676700 3.215800 196.403100 46 24 31
-1.676700 3.215800 196.404500 62 26 35
-1.676700 3.215900 196.375900 46 37 18
-1.676700 3.215900 196.385900 51 38 32
-1.676700 3.215900 196.395900 22 32 15
-1.676600 3.187800 196.357800 45 31 47
-1.676600 3.187900 196.343000 83 33 54
-1.676600 3.188000 196.328300 73 35 43
-1.676600 3.188100 196.324600 57 38 34
-1.676600 3.194700 196.354900 43 27 45
-1.676600 3.214600 196.430600 1 5 11
-1.676600 3.215800 196.419000 27 33 27
-1.676600 3.215900 196.393000 34 41 36
-1.676500 3.187500 196.454200 69 29 48
-1.676500 3.187900 196.376300 43 44 36
-1.676500 3.215800 196.397200 33 37 28
-1.676500 3.215800 196.398700 38 29 14
-1.676500 3.215800 196.411700 55 40 33
-1.676500 3.215900 196.388600 41 28 22
-1.676400 3.188200 196.346800 70 29 48
-1.676400 3.195200 196.321700 54 24 47
-1.676400 3.195200 196.325400 64 26 38
-1.676400 3.215700 196.432000 33 24 30
-1.676400 3.215800 196.391400 34 26 36
-1.676400 3.215800 196.414500 50 31 15
-1.676300 3.195300 196.340200 85 6 32
-1.676300 3.215700 196.430500 19 18 37
-1.676300 3.215700 196.434900 33 33 25
-1.676300 3.215700 196.442300 51 41 55
-1.676300 3.215700 196.443800 43 30 31
-1.676300 3.215700 196.446700 15 38 25
-1.676200 3.188500 196.350500 47 42 39
-1.676200 3.188600 196.339500 80 34 47
-1.676200 3.188700 196.332100 56 34 40
-1.676200 3.215600 196.461500 33 36 28
-1.676200 3.215700 196.433400 50 31 25
-1.676200 3.215700 196.436300 48 30 33
-1.676200 3.215700 196.445200 34 37 34
-1.676200 3.215800 196.413000 40 37 30
-1.676100 3.215600 196.448100 42 45 40
-1.676100 3.215600 196.455500 60 36 37
-1.676100 3.215600 196.462900 63 46 29
-1.676000 3.189100 196.321100 30 48 50
-1.676000 3.215600 196.451000 46 61 27
-1.676000 3.215700 196.420200 6 26 0
-1.676000 3.215700 196.437700 57 32 41
-1.676000 3.215700 196.439200 48 38 36
-1.676000 3.215800 196.389800 64 37 35
-1.675900 3.189000 196.380200 48 31 47
-1.675900 3.189200 196.354400 41 32 40
-1.675900 3.215600 196.449400 22 37 19
-1.675900 3.215600 196.453900 43 29 37
-1.675900 3.215600 196.456900 58 29 37
-1.675900 3.215600 196.464300 66 44 28
-1.675900 3.215700 196.440600 28 24 9
-1.675800 3.189000 196.383900 53 34 54
-1.675800 3.189400 196.335900 60 36 46
-1.675800 3.189500 196.306400 58 42 45
-1.675800 3.215600 196.452400 53 48 44
-1.675800 3.215600 196.459800 45 43 46
-1.675800 3.215700 196.428800 11 6 1
-1.675700 3.189600 196.302700 30 55 38
-1.675700 3.215600 196.458200 69 34 47
-1.675700 3.217100 196.361300 60 47 45
-1.675700 3.217100 196.368400 49 37 39
-1.675600 3.172400 196.352400 37 17 22
-1.675600 3.175800 196.351100 30 24 33
-1.675600 3.217100 196.351400 46 50 29
-1.675600 3.217100 196.362700 84 40 57
-1.675600 3.217100 196.372600 44 40 36
-1.675600 3.217200 196.343000 68 42 53
-1.675600 3.217300 196.307000 71 40 52
-1.675500 3.171100 196.374900 24 26 29
-1.675500 3.173600 196.338400 35 16 21
-1.675500 3.175300 196.371200 17 33 28
-1.675500 3.176700 196.380700 49 32 40
-1.675500 3.217200 196.326300 65 44 40
-1.675400 3.171200 196.341100 16 32 24
-1.675400 3.174000 196.383900 30 25 31
-1.675400 3.176400 196.365500 42 16 31
-1.675400 3.216900 196.419900 41 36 23
-1.675400 3.216900 196.431500 43 38 27
-1.675400 3.217000 196.373900 74 43 54
-1.675400 3.217100 196.356900 64 52 37
-1.675400 3.217100 196.364000 42 28 39
-1.675400 3.217100 196.365400 47 56 34
-1.675400 3.217200 196.322100 87 40 39
-1.675400 3.217200 196.323500 52 36 45
-1.675400 3.217200 196.327600 50 53 42
-1.675400 3.217200 196.329000 42 47 39
-1.675400 3.217200 196.330400 56 44 37
-1.675300 3.171200 196.346600 41 26 30
-1.675300 3.172400 196.359300 59 32 45
-1.675300 3.173000 196.365400 26 25 14
-1.675300 3.173200 196.300200 25 22 11
-1.675300 3.173600 196.335500 50 27 27
-1.675300 3.173600 196.336900 30 28 16
-1.675300 3.173700 196.323100 26 28 15
-1.675300 3.174600 196.350900 12 12 16
-1.675300 3.176300 196.379600 14 19 17
-1.675300 3.216900 196.430000 38 37 23
-1.675300 3.217000 196.366800 48 48 30
-1.675300 3.217100 196.355500 56 43 48
-1.675300 3.217100 196.358300 57 52 27
-1.675300 3.217100 196.359700 50 37 38
-1.675300 3.217200 196.315100 53 33 34
-1.675300 3.217200 196.317900 81 47 49
-1.675300 3.217200 196.319300 56 49 41
-1.675300 3.217200 196.320700 55 47 35
-1.675300 3.217200 196.324800 84 50 61
-1.675200 3.177400 196.428700 72 44 48
-1.675200 3.177500 196.412600 66 47 51
-1.675200 3.216900 196.409600 85 41 49
-1.675200 3.216900 196.418300 41 33 19
-1.675200 3.217000 196.369500 40 37 29
-1.675200 3.217000 196.375200 66 42 40
-1.675200 3.217000 196.379500 69 40 32
-1.675200 3.217100 196.344200 95 47 49
-1.675200 3.217100 196.352600 40 29 28
-1.675200 3.217200 196.304100 61 52 37
-1.675200 3.217200 196.316500 61 46 43
-1.675100 3.170900 196.406200 32 26 29
-1.675100 3.172200 196.397600 30 34 27
-1.675100 3.172400 196.360600 35 26 33
-1.675100 3.172800 196.450500 15 17 12
-1.675100 3.172900 196.418200 35 19 22
-1.675100 3.175400 196.441300 25 16 16
-1.675100 3.175600 196.389000 18 10 15
-1.675100 3.177400 196.430100 59 53 36
-1.675100 3.216800 196.440200 51 45 14
-1.675100 3.216900 196.400900 36 59 44
-1.675100 3.216900 196.402300 35 38 36
-1.675100 3.216900 196.416800 61 32 32
-1.675100 3.217100 196.341400 52 43 42
-1.675100 3.217100 196.349800 46 29 33
-1.675100 3.217100 196.353900 61 42 51
-1.675100 3.217200 196.302700 24 51 35
-1.675000 3.171100 196.357700 43 29 19
-1.675000 3.171100 196.367500 16 22 12
-1.675000 3.171100 196.376000 36 28 34
-1.675000 3.171300 196.320200 20 29 21
-1.675000 3.172300 196.369000 27 21 16
-1.675000 3.172300 196.370500 41 29 27
-1.675000 3.172500 196.338200 28 25 27
-1.675000 3.173100 196.313700 23 10 21
-1.675000 3.173700 196.321500 40 26 32
-1.675000 3.174000 196.376600 23 23 23
-1.675000 3.174200 196.430900 34 14 19
-1.675000 3.175400 196.439700 34 25 28
-1.675000 3.216800 196.441600 58 29 43
-1.675000 3.216900 196.398000 76 50 36
-1.675000 3.216900 196.399400 41 45 27
-1.675000 3.216900 196.406600 67 34 34
-1.675000 3.216900 196.408000 74 35 44
-1.675000 3.216900 196.410900 52 29 33
-1.675000 3.217000 196.370900 66 44 47
-1.675000 3.217000 196.377900 53 44 41
-1.674900 3.171000 196.391700 41 32 20
-1.674900 3.171200 196.345000 40 31 35
-1.674900 3.172200 196.396000 28 19 14
-1.674900 3.172400 196.353500 45 23 27
-1.674900 3.172800 196.449000 23 20 20
-1.674900 3.215600 196.426900 22 9 14
-1.674900 3.216800 196.435700 51 40 40
-1.674900 3.216800 196.437200 61 43 54
-1.674900 3.216800 196.438600 32 31 27
-1.674900 3.216900 196.396500 88 54 46
-1.674900 3.216900 196.405100 51 47 35
-1.674900 3.217000 196.376400 58 37 42
-1.674900 3.217100 196.332900 87 52 53
-1.674900 3.217100 196.334300 62 26 43
-1.674800 3.171100 196.368900 20 24 15
-1.674800 3.171200 196.339400 20 22 28
-1.674800 3.171400 196.313200 33 17 23
-1.674800 3.172300 196.380300 28 30 29
-1.674800 3.173200 196.301300 31 27 23
-1.674800 3.216800 196.432700 34 37 10
-1.674800 3.216800 196.450400 51 42 32
-1.674800 3.216800 196.451900 65 29 44
-1.674800 3.216900 196.415200 71 42 45
-1.674800 3.216900 196.428300 38 45 27
-1.674800 3.217100 196.335600 70 37 52
-1.674700 3.170900 196.395900 54 29 34
-1.674700 3.171000 196.394400 36 24 8
-1.674700 3.171100 196.366000 47 24 37
-1.674700 3.171200 196.333800 43 27 40
-1.674700 3.171200 196.347700 49 26 18
-1.674700 3.172200 196.398800 26 16 14
-1.674700 3.172200 196.400200 31 18 17
-1.674700 3.172400 196.343500 36 30 23
-1.674700 3.172400 196.347700 48 21 27
-1.674700 3.172800 196.429700 33 20 34
-1.674700 3.173700 196.304900 28 18 9
-1.674700 3.173800 196.460700 18 14 8
-1.674700 3.173800 196.462200 46 21 28
-1.674700 3.175300 196.461800 45 20 27
-1.674700 3.216700 196.453300 74 51 31
-1.674700 3.216900 196.412200 50 48 44
-1.674700 3.217100 196.338400 43 41 29
-1.674700 3.217100 196.345400 82 32 33
-1.674700 3.217200 196.301100 85 56 58
-1.674600 3.171100 196.364500 56 23 41
-1.674600 3.216900 196.394900 65 45 31
-1.674600 3.216900 196.403500 46 48 39
-1.674600 3.216900 196.420900 56 43 32
-1.674600 3.217000 196.380600 45 44 33
-1.674600 3.217100 196.339800 37 34 37
-1.674600 3.217100 196.348100 57 40 41
-1.674500 3.170800 196.417400 37 15 22
-1.674500 3.170900 196.413100 23 16 9
-1.674500 3.171000 196.392900 43 26 28
-1.674500 3.172100 196.407400 25 22 22
-1.674500 3.172200 196.382900 30 25 19
-1.674500 3.172200 196.401600 23 23 19
-1.674500 3.172200 196.403000 24 25 20
-1.674500 3.172800 196.442800 40 36 21
-1.674500 3.208500 196.435100 10 22 13
-1.674500 3.216800 196.434000 29 40 27
-1.674500 3.216800 196.445800 34 46 38
-1.674500 3.217000 196.346700 76 36 42
-1.674400 3.171100 196.353200 42 26 30
-1.674400 3.171100 196.356000 44 29 25
-1.674400 3.171100 196.358800 26 24 22
-1.674400 3.171400 196.308800 26 17 20
-1.674400 3.172000 196.440800 36 19 25
-1.674400 3.172300 196.374400 29 19 24
-1.674400 3.172500 196.339200 23 26 36
-1.674400 3.172600 196.317100 22 25 20
-1.674400 3.172700 196.454600 15 17 21
-1.674400 3.216700 196.448700 47 42 42
-1.674400 3.216800 196.442800 49 24 27
-1.674400 3.216900 196.381900 40 43 31
-1.674400 3.216900 196.386200 75 35 39
-1.674400 3.216900 196.387600 56 43 32
-1.674400 3.216900 196.390500 55 31 37
-1.674400 3.216900 196.413500 38 21 11
-1.674300 3.171100 196.372900 20 26 27
-1.674300 3.171300 196.321200 47 29 38
-1.674300 3.172200 196.384300 26 16 15
-1.674300 3.216700 196.454600 58 51 24
-1.674200 3.170800 196.415800 43 27 31
-1.674200 3.170900 196.404300 27 28 27
-1.674200 3.171300 196.326700 37 29 24
-1.674200 3.171400 196.307400 42 32 24
-1.674200 3.172200 196.381400 25 20 18
-1.674200 3.172700 196.456000 22 26 32
-1.674200 3.212100 196.420500 19 24 5
-1.674200 3.216700 196.447100 45 46 36
-1.674200 3.216900 196.383300 43 43 30
-1.674200 3.216900 196.389000 59 51 44
-1.674200 3.218300 196.321500 76 47 44
-1.674200 3.218300 196.325700 64 44 33
-1.674100 3.171200 196.341900 31 15 25
-1.674100 3.171900 196.442100 14 10 3
-1.674100 3.216700 196.455900 61 33 36
-1.674100 3.216700 196.458900 68 45 46
-1.674100 3.216900 196.391800 53 47 59
-1.674100 3.218300 196.331200 87 46 41
-1.674000 3.170900 196.411400 31 28 17
-1.674000 3.171000 196.382600 61 30 35
-1.674000 3.171200 196.332100 35 25 40
-1.674000 3.171200 196.343200 49 33 29
-1.674000 3.171200 196.348800 41 31 3
-1.674000 3.171300 196.325200 29 32 19
-1.674000 3.171400 196.305900 37 27 30
-1.674000 3.215600 196.422000 0 0 1
-1.674000 3.216700 196.444000 32 38 35
-1.674000 3.216700 196.457400 63 23 36
-1.674000 3.216700 196.460300 60 44 41
-1.674000 3.216700 196.461900 64 54 44
-1.674000 3.218300 196.327000 49 38 25
-1.674000 3.218300 196.332600 52 48 66
-1.673900 3.170900 196.409900 31 27 28
-1.673900 3.171000 196.376900 49 31 37
-1.673900 3.171100 196.354400 53 28 25
-1.673900 3.171100 196.359900 28 23 28
-1.673900 3.171100 196.362800 27 19 14
-1.673900 3.171200 196.330700 28 24 20
-1.673900 3.171300 196.311400 32 21 24
-1.673900 3.171300 196.314100 36 21 22
-1.673900 3.171300 196.318200 15 27 24
-1.673900 3.171900 196.458300 33 29 17
-1.673900 3.216900 196.384500 62 29 29
-1.673900 3.216900 196.393100 44 49 36
-1.673800 3.170800 196.414200 38 25 29
-1.673800 3.170800 196.418500 22 18 19
-1.673800 3.172000 196.424400 33 16 21
-1.673800 3.216700 196.463200 38 41 12
-1.673800 3.218300 196.314500 75 57 37
-1.673800 3.218300 196.315800 43 44 38
-1.673800 3.218300 196.322800 50 43 47
-1.673700 3.170600 196.453600 21 26 21
-1.673700 3.170900 196.389600 48 35 31
-1.673700 3.171200 196.334700 10 23 20
-1.673700 3.171300 196.309900 28 24 28
-1.673700 3.172200 196.389700 36 21 37
-1.673700 3.172400 196.340300 40 24 31
-1.673700 3.218300 196.324100 75 42 46
-1.673600 3.170900 196.386700 34 26 34
-1.673600 3.170900 196.399700 37 27 19
-1.673600 3.170900 196.401000 18 33 12
-1.673600 3.170900 196.402500 29 23 19
-1.673600 3.171100 196.369700 29 24 27
-1.673600 3.216800 196.426200 38 33 33
-1.673600 3.218300 196.302000 53 46 37
-1.673600 3.218300 196.303400 75 51 40
-1.673600 3.218300 196.319900 33 62 31
-1.673600 3.218300 196.329600 70 38 44
-1.673500 3.170600 196.449100 27 24 18
-1.673500 3.170700 196.437400 35 16 25
-1.673500 3.170800 196.427100 20 18 16
-1.673500 3.170900 196.398100 46 21 31
-1.673500 3.170900 196.406800 33 20 17
-1.673500 3.170900 196.408200 29 22 27
-1.673500 3.171100 196.350000 37 26 13
-1.673500 3.171200 196.337400 23 24 34
-1.673500 3.171900 196.453600 9 15 18
-1.673500 3.172500 196.315400 26 17 20
-1.673500 3.172500 196.330500 36 27 34
-1.673500 3.216800 196.421800 44 40 29
-1.673500 3.218300 196.313000 43 53 37
-1.673400 3.170700 196.435800 35 16 18
-1.673400 3.170700 196.438800 29 26 19
-1.673400 3.170700 196.440200 36 26 22
-1.673400 3.170900 196.388100 33 17 25
-1.673400 3.170900 196.396700 40 27 34
-1.673400 3.171000 196.371000 38 29 33
-1.673400 3.171200 196.329100 27 23 36
-1.673400 3.218300 196.308800 50 58 36
-1.673400 3.218300 196.317100 60 55 44
-1.673300 3.170700 196.434300 32 15 16
-1.673300 3.171000 196.378000 32 19 28
-1.673300 3.171100 196.351300 21 24 23
-1.673300 3.172200 196.388000 35 17 32
-1.673300 3.172300 196.365400 34 31 28
-1.673300 3.172500 196.309800 35 22 27
-1.673300 3.212000 196.421500 24 23 10
-1.673300 3.218200 196.333600 62 50 57
-1.673300 3.218300 196.310100 44 62 45
-1.673300 3.218300 196.318400 84 53 42
-1.673200 3.170900 196.383700 27 18 30
-1.673200 3.171200 196.323400 30 24 25
-1.673200 3.171400 196.301500 20 27 29
-1.673200 3.171800 196.463800 30 26 25
-1.673200 3.172000 196.425500 32 15 12
-1.673200 3.172200 196.392300 31 18 39
-1.673200 3.172500 196.324800 16 31 16
-1.673200 3.173000 196.336400 34 32 19
-1.673200 3.218100 196.370000 55 53 47
-1.673200 3.218200 196.336300 68 71 41
-1.673200 3.218300 196.311500 52 64 36
-1.673100 3.170700 196.429800 36 18 27
-1.673100 3.170800 196.428300 12 25 22
-1.673100 3.171200 196.322000 29 31 29
-1.673100 3.171200 196.335900 32 26 41
-1.673100 3.172000 196.418200 35 34 30
-1.673100 3.172000 196.419600 36 18 33
-1.673100 3.172000 196.432700 18 16 13
-1.673100 3.172500 196.311000 44 35 32
-1.673100 3.172500 196.319300 29 25 20
-1.673100 3.212000 196.424300 16 10 13
-1.673100 3.218100 196.372800 54 43 48
-1.673100 3.218300 196.306000 65 44 49
-1.673100 3.218300 196.307300 80 44 62
-1.673000 3.170600 196.454800 43 19 32
-1.673000 3.170700 196.441500 40 32 32
-1.673000 3.170800 196.422400 22 15 14
-1.673000 3.171000 196.380700 43 20 29
-1.673000 3.171900 196.448900 33 19 28
-1.673000 3.172000 196.426800 36 16 9
-1.673000 3.172100 196.408000 34 36 27
-1.673000 3.172200 196.376500 26 25 13
-1.673000 3.172200 196.390700 17 15 28
-1.673000 3.172400 196.334400 30 26 27
-1.673000 3.172800 196.414300 35 19 30
-1.673000 3.173400 196.369500 43 22 24
-1.673000 3.173500 196.345600 28 26 35
-1.673000 3.212000 196.422800 22 2 9
-1.673000 3.218100 196.354400 64 54 63
-1.673000 3.218100 196.371300 31 31 27
-1.673000 3.218300 196.300400 47 48 32
-1.673000 3.218300 196.304600 61 52 36
-1.672900 3.170600 196.447300 28 29 25
-1.672900 3.170700 196.442900 36 18 17
-1.672900 3.171100 196.360900 38 28 32
-1.672900 3.171200 196.327500 36 24 36
-1.672900 3.171300 196.316400 30 20 27
-1.672900 3.171900 196.450300 23 16 22
-1.672900 3.172000 196.409400 20 22 23
-1.672900 3.173400 196.358100 64 18 28
-1.672900 3.218100 196.341800 61 54 57
-1.672900 3.218100 196.343200 75 56 60
-1.672800 3.170600 196.450200 44 17 13
-1.672800 3.170600 196.451700 32 26 16
-1.672800 3.171300 196.315000 38 29 22
-1.672800 3.172000 196.428200 34 11 22
-1.672800 3.172300 196.363700 18 20 19
-1.672800 3.172600 196.300000 30 25 24
-1.672800 3.177500 196.429800 60 55 49
-1.672800 3.218100 196.355700 83 50 50
-1.672800 3.218200 196.334700 36 38 11
-1.672700 3.170600 196.457500 36 30 16
-1.672700 3.170700 196.432500 22 18 12
-1.672700 3.170800 196.419400 12 6 18
-1.672700 3.170800 196.425200 32 12 17
-1.672700 3.171900 196.431100 31 15 14
-1.672700 3.173000 196.319500 36 33 29
-1.672700 3.173000 196.325100 22 29 16
-1.672700 3.216700 196.422800 37 40 28
-1.672700 3.218000 196.374000 55 35 43
-1.672700 3.218100 196.364100 47 54 34
-1.672600 3.170900 196.384800 24 26 25
-1.672600 3.171300 196.303900 45 37 43
-1.672600 3.171800 196.459000 45 25 18
-1.672600 3.171900 196.438300 15 25 31
-1.672600 3.171900 196.442800 47 33 28
-1.672600 3.171900 196.444200 26 18 24
-1.672600 3.172500 196.325900 27 27 21
-1.672600 3.173000 196.318100 33 16 23
-1.672600 3.174000 196.340300 23 25 22
-1.672600 3.174000 196.365500 43 28 28
-1.672600 3.175200 196.350100 29 24 28
-1.672600 3.176500 196.395000 41 15 32
-1.672600 3.176800 196.345500 60 37 53
-1.672600 3.218000 196.368300 60 66 44
-1.672600 3.218100 196.365500 36 37 11
-1.672500 3.170600 196.463400 41 22 20
-1.672500 3.170800 196.420700 25 28 29
-1.672500 3.171300 196.299800 34 30 34
-1.672500 3.171300 196.302600 16 17 25
-1.672500 3.171900 196.429500 46 15 35
-1.672500 3.173000 196.323600 27 25 27
-1.672500 3.173000 196.329100 37 32 35
-1.672500 3.173200 196.404900 37 24 37
-1.672500 3.173400 196.353700 45 23 28
-1.672500 3.175100 196.364100 29 15 29
-1.672500 3.175600 196.376300 21 20 13
-1.672500 3.176400 196.319500 52 24 38
-1.672500 3.216700 196.424100 28 34 28
-1.672500 3.218100 196.340200 48 31 51
-1.672500 3.218100 196.349900 35 64 42
-1.672500 3.218100 196.351400 64 75 68
-1.672500 3.218100 196.352800 60 47 64
-1.672500 3.218100 196.362600 31 51 33
-1.672400 3.170600 196.455900 40 17 22
-1.672400 3.171900 196.436800 41 18 29
-1.672400 3.172000 196.422200 42 23 25
-1.672400 3.172800 196.386700 23 17 23
-1.672400 3.172800 196.398100 20 17 22
-1.672400 3.172800 196.399500 34 26 31
-1.672400 3.218100 196.359800 46 34 18
-1.672300 3.170600 196.458900 31 23 15
-1.672300 3.172000 196.420700 26 16 29
-1.672300 3.174700 196.316200 32 25 24
-1.672300 3.176300 196.442700 31 16 25
-1.672300 3.177700 196.390500 70 68 67
-1.672300 3.218000 196.379500 51 36 28
-1.672300 3.218100 196.361100 69 52 46
-1.672200 3.170600 196.444000 28 25 10
-1.672200 3.170900 196.379000 35 22 39
-1.672200 3.171900 196.433700 33 18 21
-1.672200 3.172700 196.438600 10 15 25
-1.672200 3.175000 196.406700 32 24 15
-1.672200 3.175200 196.348500 26 25 27
-1.672100 3.170600 196.445400 42 34 25
-1.672100 3.170700 196.430700 30 25 7
-1.672100 3.176500 196.409100 24 15 17
-1.672100 3.218000 196.366600 83 48 47
-1.672100 3.218000 196.375100 59 33 51
-1.672100 3.218000 196.378000 70 54 34
-1.672000 3.170700 196.423300 31 30 33
-1.672000 3.171800 196.461700 20 15 8
-1.672000 3.171900 196.435100 29 18 22
-1.672000 3.172700 196.419500 35 24 25
-1.672000 3.173000 196.309600 35 23 28
-1.672000 3.174900 196.460800 33 20 20
-1.672000 3.217900 196.383600 49 26 23
-1.672000 3.218000 196.358200 62 56 25
-1.672000 3.218000 196.376500 77 48 63
-1.672000 3.218100 196.346900 81 60 51
-1.672000 3.218100 196.348300 52 26 24
-1.671900 3.174100 196.438000 22 14 10
-1.671900 3.217900 196.380700 45 43 32
-1.671900 3.218000 196.356700 64 45 27
-1.671900 3.218100 196.345500 76 50 50
-1.671800 3.170500 196.460000 30 31 19
-1.671800 3.171800 196.454100 31 26 37
-1.671800 3.173000 196.308200 42 23 27
-1.671800 3.217900 196.384900 69 44 37
-1.671700 3.170500 196.461400 23 19 7
-1.671700 3.174000 196.457100 43 22 27
-1.671700 3.174800 196.462100 19 15 7
-1.671700 3.217900 196.397800 55 46 47
-1.671700 3.217900 196.399200 44 59 47
-1.671600 3.171700 196.459900 44 26 19
-1.671600 3.217900 196.382000 67 61 53
-1.671500 3.217800 196.407700 69 36 50
-1.671500 3.217900 196.396200 75 41 39
-1.671400 3.175300 196.426100 38 20 24
-1.671200 3.217900 196.386000 92 45 51
-1.671100 3.217900 196.388900 71 51 39
-1.671100 3.217900 196.393100 84 46 40
-1.671000 3.217800 196.394500 90 48 46
-1.671000 3.217800 196.408900 52 60 35
-1.671000 3.217900 196.387400 74 56 27
-1.671000 3.217900 196.391600 62 54 38
-1.670900 3.217800 196.411700 75 38 49
-1.670800 3.217700 196.430600 60 50 52
-1.670800 3.217700 196.436500 83 42 45
-1.670800 3.217800 196.413100 57 29 18
-1.670700 3.217700 196.437900 57 44 15
-1.670700 3.217700 196.445200 43 45 21
-1.670700 3.217800 196.390100 26 35 31
-1.670700 3.217800 196.400100 32 53 30
-1.670700 3.217800 196.414500 47 55 28
-1.670600 3.217800 196.401500 37 56 27
-1.670500 3.217700 196.443700 46 52 27
-1.670400 3.217600 196.446500 83 37 53
-1.670400 3.217700 196.439200 52 49 46
-1.670400 3.217700 196.442100 56 33 21
-1.670300 3.217600 196.461300 64 55 45
-1.670300 3.217700 196.428900 31 28 38
-1.670300 3.217700 196.431800 58 29 30
-1.670300 3.217700 196.434800 77 42 70
-1.670300 3.217700 196.440600 63 36 27
-1.670200 3.217600 196.462700 90 40 53
-1.670100 3.217700 196.415700 49 53 32
-1.670000 3.217600 196.455200 70 48 32
-1.670000 3.217700 196.433100 46 24 49
-1.669900 3.217600 196.447700 88 47 54
-1.669900 3.217600 196.456600 90 49 34
-1.669900 3.217700 196.417000 73 40 29
-1.669900 3.217700 196.425700 72 41 34
-1.669900 3.217700 196.427200 47 38 31
-1.669900 3.219200 196.322300 97 58 55
-1.669800 3.217700 196.418400 64 48 27
-1.669800 3.219100 196.327900 100 73 55
-1.669800 3.219200 196.321000 46 55 42
-1.669700 3.219100 196.323700 74 62 42
-1.669700 3.219100 196.329200 97 63 66
-1.669700 3.219100 196.331900 58 46 36
-1.669600 3.217600 196.459400 47 34 23
-1.669600 3.217700 196.422700 38 41 31
-1.669600 3.217700 196.424100 54 28 33
-1.669600 3.219100 196.319500 65 64 59
-1.669600 3.219100 196.325000 59 51 57
-1.669600 3.219100 196.330500 75 47 52
-1.669500 3.217500 196.463800 68 44 42
-1.669500 3.217700 196.421200 51 28 31
-1.669500 3.219000 196.341600 44 46 41
-1.669400 3.217600 196.448900 91 43 53
-1.669400 3.217600 196.453400 64 41 16
-1.669400 3.217700 196.419600 37 41 23
-1.669400 3.219100 196.326300 66 60 39
-1.669100 3.219000 196.342800 88 70 59
-1.669100 3.219100 196.317900 31 49 30
-1.668800 3.219000 196.332900 80 69 45
-1.668800 3.219000 196.335700 68 44 38
-1.668800 3.219000 196.351000 45 67 38
-1.668700 3.219100 196.314900 40 65 27
-1.668600 3.219000 196.334200 65 43 36
-1.668600 3.219000 196.337000 71 29 46
-1.668200 3.218900 196.352100 56 45 44
-1.668000 3.219100 196.302300 86 49 57
-1.667400 3.218900 196.354500 72 49 49
-1.667200 3.218800 196.375500 62 55 42
-1.667100 3.218800 196.381200 91 58 46
-1.655900 3.220400 196.336500 84 81 52
-1.651900 3.219900 196.386300 54 38 28
-1.647900 3.221000 196.315000 106 84 55
-1.647800 3.221000 196.324500 75 71 56
-1.642000 3.220200 196.434100 75 42 51
-1.640100 3.221500 196.329100 74 67 64
-1.639900 3.221500 196.335800 108 65 70
-1.639800 3.221500 196.334400 85 71 78
-1.639700 3.221500 196.339900 109 64 80
-1.639500 3.221500 196.337000 78 56 56
-1.639500 3.221600 196.308400 71 68 65
-1.639400 3.221500 196.338400 82 83 63
-1.639400 3.221600 196.305700 70 97 60
-1.639100 3.221500 196.309600 90 81 52
-1.638700 3.221400 196.342100 74 48 30
-1.638300 3.221500 196.310600 55 74 25
-1.637200 3.221200 196.359300 83 81 59
-1.635700 3.223000 196.308500 18 55 29
-1.635600 3.223100 196.330900 61 42 44
-1.635400 3.223500 196.304900 41 43 35
-1.635200 3.221000 196.387700 37 58 33
-1.635100 3.220900 196.421700 98 63 65
-1.635100 3.220900 196.444800 51 63 41
-1.635000 3.221000 196.403100 81 53 61
-1.634900 3.220800 196.443200 62 45 53
-1.634800 3.220900 196.408700 98 68 73
-1.634800 3.220900 196.431600 101 57 79
-1.634700 3.220900 196.424400 77 75 41
-1.634700 3.220900 196.425800 112 76 47
-1.634500 3.220800 196.445900 47 58 38
-1.634500 3.220800 196.450300 81 57 32
-1.634500 3.220900 196.430000 95 72 73
-1.634300 3.220700 196.460400 95 63 52
-1.634200 3.220700 196.461900 70 61 62
-1.634200 3.220700 196.463300 112 71 77
-1.634100 3.220700 196.447200 97 59 62
-1.634000 3.220800 196.438400 78 59 37
-1.634000 3.220800 196.439900 122 80 82
-1.634000 3.220800 196.441300 94 59 94
-1.633900 3.220700 196.458800 90 73 40
-1.633900 3.220700 196.464600 90 75 52
-1.633900 3.220800 196.428300 71 52 37
-1.633800 3.220800 196.426700 97 81 50
-1.633500 3.220700 196.457000 52 56 23
-1.631800 3.222200 196.321100 102 91 52
-1.631700 3.222100 196.337400 70 56 61
-1.631600 3.222900 196.305000 18 58 44
-1.631500 3.222200 196.319600 115 75 51
-1.631500 3.223000 196.301300 45 48 47
-1.631500 3.223100 196.308700 54 43 45
-1.631500 3.223200 196.312500 62 37 43
-1.631400 3.223100 196.334900 65 31 50
-1.631400 3.223200 196.331100 72 40 48
-1.631300 3.223500 196.316300 17 53 40
-1.631300 3.223500 196.320000 76 40 49
-1.631200 3.223500 196.327500 55 42 44
-1.631200 3.223600 196.323700 63 41 47
-1.630900 3.222000 196.349300 121 86 86
-1.630700 3.222000 196.352000 120 87 60
-1.630700 3.222000 196.353400 95 76 73
-1.630600 3.222000 196.342300 98 68 38
-1.630400 3.222000 196.343600 110 73 81
-1.630400 3.222000 196.354600 92 58 63
-1.630400 3.222000 196.358700 78 71 69
-1.630400 3.222000 196.360100 71 61 65
-1.630300 3.222000 196.344900 81 76 59
-1.629900 3.222000 196.346100 103 83 86
-1.629900 3.222000 196.347500 85 60 54
-1.629700 3.221900 196.361100 70 66 43
-1.628300 3.221800 196.363200 93 43 36
-1.628100 3.221800 196.365900 92 51 64
-1.628000 3.221700 196.374100 67 55 61
-1.628000 3.221700 196.377000 81 53 52
-1.628000 3.221800 196.364400 105 84 72
-1.627800 3.221800 196.367200 88 61 76
-1.627700 3.221700 196.372600 92 67 51
-1.627700 3.221700 196.375400 88 80 83
-1.627500 3.221700 196.369800 75 51 74
-1.627500 3.221700 196.371100 81 65 51
-1.627400 3.221700 196.378000 111 86 60
-1.627300 3.221700 196.368300 107 62 75
-1.627200 3.221600 196.406000 99 62 70
-1.627000 3.221600 196.407400 111 69 75
-1.626900 3.221600 196.387600 107 52 49
-1.626900 3.221600 196.397400 52 57 43
-1.626900 3.221700 196.379200 92 82 46
-1.626700 3.221600 196.380500 67 62 43
-1.626600 3.221600 196.386000 110 61 50
-1.626600 3.221600 196.388800 90 52 33
-1.626600 3.221600 196.393000 90 71 40
-1.626600 3.221600 196.395900 71 61 63
-1.626600 3.223800 196.327700 51 44 46
-1.626500 3.221500 196.412800 115 77 80
-1.626500 3.224000 196.331500 58 45 52
-1.626500 3.224000 196.335300 63 41 62
-1.626400 3.221500 196.398600 81 78 52
-1.626300 3.221500 196.404100 106 67 73
-1.626300 3.221500 196.418400 83 77 35
-1.626200 3.221500 196.411200 96 85 66
-1.626100 3.221500 196.425500 84 90 57
-1.626100 3.221600 196.384400 100 65 60
-1.625900 3.221300 196.449900 62 57 39
-1.625800 3.221400 196.423800 88 78 58
-1.625800 3.221400 196.429600 86 82 44
-1.625800 3.221500 196.402500 105 74 62
-1.625800 3.221500 196.409600 80 76 50
-1.625800 3.221500 196.416700 119 75 81
-1.625700 3.221400 196.422400 88 61 63
-1.625600 3.221300 196.461400 68 53 41
-1.625600 3.221300 196.462800 61 59 49
-1.625600 3.221400 196.415100 102 84 59
-1.625600 3.221500 196.391100 46 43 14
-1.625400 3.221300 196.436600 64 50 48
-1.625300 3.221300 196.448100 92 75 57
-1.625100 3.221300 196.453800 74 70 64
-1.625100 3.221300 196.459600 105 93 90
-1.624600 3.221200 196.454900 81 66 72
-1.622000 3.222400 196.362900 102 70 65
-1.621900 3.224200 196.331800 45 49 55
-1.621600 3.222400 196.364000 69 63 59
-1.621600 3.222400 196.365400 92 73 65
-1.621200 3.222400 196.366500 72 92 76
-1.620800 3.222300 196.367800 92 88 66
-1.620600 3.222300 196.385700 99 69 65
-1.620500 3.222300 196.387100 62 63 56
-1.620200 3.222300 196.379900 76 64 72
-1.620000 3.222200 196.388200 82 73 53
-1.619700 3.222100 196.429100 131 88 59
-1.619400 3.222100 196.406200 88 67 61
-1.619300 3.222100 196.427500 72 82 35
-1.619200 3.222000 196.430300 101 72 62
-1.619200 3.222000 196.431700 96 80 81
-1.617500 3.224400 196.306000 78 43 56
-1.617400 3.224400 196.302200 81 45 49
-1.617400 3.224400 196.309700 57 52 47
-1.617400 3.224400 196.320900 45 49 43
-1.617400 3.224600 196.313500 26 57 53
-1.617300 3.223300 196.337300 110 86 72
-1.617300 3.224500 196.335900 50 43 45
-1.617300 3.224600 196.324600 41 52 44
-1.617200 3.224700 196.332200 60 41 50
-1.617200 3.224900 196.317200 69 45 54
-1.617000 3.225100 196.328500 60 43 48
-1.616900 3.223200 196.338400 74 75 51
-1.616800 3.223200 196.345200 85 90 77
-1.616600 3.223200 196.343700 60 77 55
-1.616500 3.223200 196.346400 92 68 56
-1.616300 3.223100 196.361400 82 82 70
-1.616100 3.223100 196.359900 102 77 49
-1.615700 3.223100 196.356900 87 84 50
-1.615500 3.223000 196.358200 109 84 49
-1.615200 3.223000 196.364900 95 90 64
-1.615100 3.223000 196.371800 74 60 63
-1.614900 3.222900 196.378600 105 76 42
-1.614800 3.222900 196.377200 78 73 60
-1.614400 3.222900 196.379700 117 81 74
-1.614400 3.222900 196.400800 115 69 71
-1.614300 3.222900 196.389500 67 68 60
-1.614200 3.222900 196.375500 109 76 90
-1.614200 3.222900 196.388000 125 80 84
-1.614200 3.222900 196.390800 81 76 52
-1.614100 3.222900 196.368500 86 57 70
-1.613900 3.222700 196.424500 112 96 67
-1.613900 3.222700 196.426000 88 97 37
-1.613900 3.222800 196.401800 102 88 68
-1.613800 3.222800 196.403200 71 65 69
-1.613600 3.222800 196.386300 99 68 72
-1.613600 3.222900 196.373800 87 72 51
-1.613400 3.222700 196.427100 100 80 67
-1.613400 3.222700 196.435700 101 92 82
-1.613400 3.222800 196.397400 94 57 69
-1.613300 3.222700 196.408600 71 93 81
-1.613300 3.222700 196.437100 109 81 95
-1.613200 3.222700 196.409900 112 60 64
-1.613200 3.222700 196.418400 119 86 63
-1.613100 3.222600 196.438400 98 72 68
-1.613000 3.222700 196.394300 104 61 51
-1.613000 3.222700 196.395800 111 76 56
-1.613000 3.222700 196.412700 96 75 69
-1.613000 3.222700 196.419700 102 83 87
-1.612900 3.222600 196.434000 93 63 63
-1.612900 3.222700 196.422500 108 68 79
-1.612800 3.222600 196.429600 92 83 73
-1.612800 3.222600 196.432500 124 88 83
-1.612800 3.222700 196.414000 91 81 67
-1.612700 3.222600 196.439600 101 105 69
-1.612700 3.222600 196.442500 54 83 52
-1.612700 3.222700 196.406900 55 82 66
-1.612700 3.222700 196.411100 112 67 57
-1.612700 3.222700 196.421000 111 83 85
-1.612600 3.222600 196.430900 111 78 77
-1.612500 3.222600 196.416600 124 92 82
-1.612500 3.224900 196.313800 59 47 52
-1.612500 3.224900 196.325000 32 56 42
-1.612400 3.224900 196.332500 51 48 47
-1.612400 3.225000 196.310100 22 59 33
-1.612400 3.225000 196.317500 64 48 50
-1.612400 3.225100 196.302600 29 55 50
-1.612400 3.225100 196.306300 24 52 44
-1.612300 3.222600 196.440800 105 96 66
-1.612200 3.222500 196.450900 93 71 57
-1.612200 3.222500 196.461100 105 81 80
-1.612200 3.222600 196.443600 69 81 54
-1.612200 3.222600 196.445100 98 85 66
-1.612200 3.225200 196.336200 14 53 39
-1.612100 3.222600 196.415000 99 98 61
-1.612100 3.222700 196.405100 81 73 86
-1.612000 3.222500 196.459500 120 106 86
-1.611900 3.222500 196.446300 119 78 77
-1.611800 3.222500 196.449200 100 92 104
-1.611700 3.222400 196.462200 102 71 81
-1.611700 3.222400 196.463700 105 67 69
-1.611600 3.222500 196.452000 100 92 64
-1.611500 3.222400 196.456300 76 68 61
-1.611400 3.222400 196.454700 118 95 94
-1.611400 3.222400 196.457700 100 72 42
-1.611100 3.222400 196.453200 68 63 66
-1.611000 3.222400 196.447300 118 93 78
-1.610400 3.223900 196.321800 81 70 63
-1.610400 3.224000 196.309800 45 63 45
-1.610300 3.223900 196.333900 71 110 55
-1.610200 3.223900 196.332500 101 98 83
-1.609900 3.224000 196.304200 110 73 90
-1.609700 3.224000 196.300100 105 81 77
-1.609700 3.224000 196.302800 117 69 90
-1.609500 3.223800 196.338900 121 95 77
-1.609500 3.223800 196.351100 70 76 43
-1.609400 3.223900 196.320000 105 104 77
-1.609300 3.223800 196.344200 44 86 79
-1.609200 3.223800 196.345600 44 72 48
-1.609100 3.223900 196.305100 117 93 100
-1.609000 3.223800 196.317100 112 93 95
-1.608900 3.223900 196.306400 102 82 74
-1.608800 3.223700 196.346700 110 66 64
-1.608700 3.223700 196.349400 119 90 69
-1.608500 3.223700 196.354700 100 85 49
-1.608300 3.223700 196.351900 101 80 89
-1.608200 3.223700 196.355900 112 81 54
-1.608200 3.223700 196.358700 91 81 81
-1.607900 3.223600 196.368100 98 82 68
-1.607900 3.223700 196.353000 99 92 57
-1.607800 3.223600 196.357100 102 95 89
-1.607600 3.223600 196.366600 103 71 63
-1.607500 3.223600 196.369300 93 77 54
-1.607200 3.223500 196.392700 115 55 48
-1.607100 3.223500 196.391300 124 78 85
-1.605200 3.223200 196.439700 121 86 77
-1.601400 3.224100 196.398000 95 81 58
-1.601200 3.224300 196.314700 118 82 63
-1.601000 3.224000 196.399200 118 93 99
-1.600000 3.223800 196.429700 125 94 42
-1.595300 3.224900 196.327900 41 67 50
-1.587900 3.225300 196.328400 68 99 45
-1.587800 3.225300 196.327000 77 90 82
-1.587600 3.224900 196.461400 119 88 67
-1.587500 3.225300 196.325500 98 108 72
-1.587400 3.225000 196.414300 119 57 68
-1.587400 3.225000 196.435400 115 83 72
-1.587400 3.225400 196.301600 100 119 104
-1.587300 3.224900 196.459700 109 72 84
-1.587200 3.224900 196.462600 124 92 70
-1.587100 3.224900 196.436700 54 81 45
-1.587100 3.224900 196.458200 107 111 77
-1.587100 3.225000 196.426800 90 74 64
-1.587100 3.225100 196.401500 80 81 96
-1.587000 3.225300 196.318600 127 82 70
-1.587000 3.225300 196.323900 109 78 72
-1.586900 3.225000 196.412600 124 78 75
-1.586900 3.225300 196.308000 124 102 89
-1.586800 3.225300 196.302600 55 104 53
-1.586700 3.224900 196.423700 93 59 75
-1.586700 3.224900 196.425200 119 100 111
-1.586700 3.224900 196.442200 107 88 67
-1.586700 3.224900 196.453600 105 81 103
-1.586700 3.225000 196.409700 112 117 86
-1.586700 3.225000 196.411000 117 85 59
-1.586700 3.225100 196.375100 96 97 88
-1.586700 3.225100 196.376400 50 98 24
-1.586700 3.225200 196.322400 70 88 72
-1.586700 3.225300 196.313100 111 99 97
-1.586600 3.224900 196.440700 96 70 74
-1.586600 3.225000 196.404000 126 94 108
-1.586600 3.225200 196.319700 73 90 69
-1.586600 3.225300 196.299900 98 96 116
-1.586600 3.225300 196.306500 106 102 99
-1.586600 3.225300 196.317100 140 98 81
-1.586500 3.224800 196.452100 74 84 83
-1.586500 3.224800 196.455000 109 75 54
-1.586500 3.224800 196.456400 59 88 79
-1.586500 3.224900 196.418000 106 73 77
-1.586500 3.224900 196.419400 119 101 74
-1.586500 3.224900 196.443500 132 71 94
-1.586500 3.225000 196.406800 91 93 78
-1.586400 3.224800 196.450500 124 103 96
-1.586400 3.224900 196.420700 116 81 87
-1.586400 3.225000 196.408100 90 90 60
-1.586400 3.225200 196.314300 111 84 81
-1.586400 3.225300 196.311600 128 95 112
-1.586300 3.224800 196.446200 57 92 45
-1.586300 3.224900 196.422100 101 94 85
-1.586300 3.224900 196.444800 77 84 65
-1.586300 3.225000 196.405300 110 80 92
-1.586300 3.225200 196.315600 125 104 106
-1.586200 3.224800 196.463400 85 92 76
-1.586200 3.224900 196.437600 55 76 31
-1.586200 3.225200 196.308900 96 105 65
-1.586200 3.225200 196.320900 125 103 89
-1.586200 3.225300 196.305000 121 109 89
-1.586000 3.224800 196.447500 103 77 36
-1.586000 3.225200 196.303600 107 92 70
-1.585900 3.224800 196.438900 92 61 43
-1.585900 3.224800 196.448800 118 81 63
-1.585900 3.225200 196.310100 128 93 99
-1.584600 3.226000 196.341500 84 73 88
-1.584600 3.226000 196.342800 122 82 80
-1.584500 3.226000 196.338700 81 71 49
-1.584400 3.226000 196.340000 81 90 53
-1.584400 3.226000 196.344000 95 104 98
-1.584300 3.226000 196.345300 92 92 79
-1.584300 3.226000 196.346700 119 78 53
-1.584100 3.226000 196.337200 111 93 80
-1.584100 3.226000 196.347900 126 87 57
-1.583900 3.226000 196.335800 71 65 47
-1.583700 3.226000 196.349100 100 86 57
-1.583500 3.225900 196.351600 116 91 62
-1.583500 3.226000 196.334200 96 113 66
-1.583400 3.225900 196.353000 80 55 42
-1.583300 3.225900 196.350200 103 106 56
-1.583200 3.225900 196.363700 55 58 68
-1.583200 3.225900 196.365100 102 90 74
-1.583200 3.226000 196.332700 116 86 80
-1.583000 3.225700 196.410500 108 82 61
-1.583000 3.225800 196.366300 106 69 79
-1.583000 3.225800 196.375900 105 93 86
-1.583000 3.225800 196.380000 119 72 83
-1.583000 3.226000 196.331300 117 76 86
-1.582900 3.225800 196.358100 101 86 83
-1.582900 3.225800 196.374500 115 109 76
-1.582900 3.225900 196.354100 94 77 76
-1.582900 3.225900 196.356800 111 83 81
-1.582900 3.226000 196.328600 49 78 89
-1.582900 3.226000 196.329900 110 91 100
-1.582800 3.225800 196.362100 120 88 105
-1.582800 3.225800 196.390900 92 88 67
-1.582700 3.225600 196.427200 121 67 57
-1.582700 3.225700 196.402000 80 86 77
-1.582700 3.225700 196.424300 92 84 70
-1.582700 3.225700 196.425800 124 92 80
-1.582700 3.225800 196.355300 106 76 61
-1.582600 3.225700 196.386600 93 83 103
-1.582600 3.225700 196.389400 112 104 71
-1.582600 3.225700 196.396300 99 66 47
-1.582600 3.225700 196.411700 132 87 105
-1.582600 3.225800 196.381200 107 69 68
-1.582500 3.225600 196.428500 100 61 58
-1.582500 3.225700 196.392100 96 92 92
-1.582500 3.225700 196.404600 81 64 60
-1.582500 3.225800 196.359200 119 108 102
-1.582500 3.225800 196.378300 115 92 93
-1.582400 3.225700 196.385200 80 85 72
-1.582400 3.225700 196.387900 84 71 78
-1.582400 3.225700 196.397600 110 65 94
-1.582400 3.225800 196.370100 115 84 102
-1.582400 3.225800 196.376900 98 64 89
-1.582300 3.225600 196.429800 82 77 63
-1.582300 3.225600 196.438300 91 77 51
-1.582300 3.225700 196.403100 68 66 60
-1.582300 3.225800 196.360500 115 107 96
-1.582300 3.225800 196.367300 116 81 81
-1.582300 3.225900 196.324300 51 84 43
-1.582300 3.225900 196.326900 38 62 73
-1.582200 3.225600 196.422600 96 65 92
-1.582200 3.225700 196.383700 48 90 42
-1.582200 3.225700 196.394700 138 95 84
-1.582200 3.225700 196.400300 61 83 64
-1.582200 3.225700 196.412800 92 74 70
-1.715400 3.190900 196.604500 65 23 29
-1.715200 3.191400 196.600900 44 34 44
-1.714400 3.164400 196.603700 176 168 181
-1.714100 3.166800 196.603600 179 172 183
-1.712900 3.179900 196.606700 37 42 39
-1.711600 3.189700 196.541100 44 25 30
-1.711300 3.190300 196.545000 55 15 25
-1.711200 3.190600 196.522700 34 24 29
-1.711100 3.190800 196.526400 30 27 22
-1.711000 3.190600 196.578600 48 37 43
-1.711000 3.190800 196.530200 32 26 25
-1.711000 3.191000 196.511600 23 28 18
-1.710900 3.190700 196.582400 38 23 33
-1.710900 3.191100 196.548900 38 25 16
-1.710900 3.191200 196.504200 43 27 45
-1.710700 3.191000 196.593700 87 33 60
-1.710700 3.191400 196.515400 37 25 31
-1.710700 3.191500 196.507900 25 26 42
-1.710700 3.191500 196.519100 49 20 31
-1.710600 3.191300 196.590000 65 38 41
-1.710600 3.191400 196.586300 53 32 48
-1.710600 3.191500 196.534000 50 24 33
-1.710600 3.191600 196.552700 53 26 35
-1.710600 3.191900 196.500600 24 23 37
-1.710500 3.191500 196.575100 49 18 41
-1.710500 3.191500 196.597500 54 34 22
-1.710500 3.191700 196.537800 22 26 24
-1.710500 3.191700 196.563900 36 27 32
-1.710500 3.192000 196.496900 25 28 44
-1.710400 3.191600 196.605100 73 30 45
-1.710400 3.191800 196.567700 23 28 30
-1.710200 3.192100 196.571500 17 27 29
-1.710100 3.192400 196.560300 42 28 32
-1.710100 3.192700 196.482100 0 28 20
-1.709900 3.192500 196.601500 49 30 27
-1.709900 3.192700 196.556700 46 23 41
-1.709900 3.193200 196.478500 26 30 24
-1.708800 3.179500 196.607000 60 37 58
-1.706800 3.190500 196.605200 29 35 33
-1.706800 3.191100 196.474700 34 32 20
-1.706800 3.191100 196.500800 41 20 35
-1.706800 3.191200 196.471000 37 24 29
-1.706700 3.176200 196.606600 68 28 52
-1.706700 3.191000 196.556700 33 24 25
-1.706700 3.191300 196.497100 32 22 41
-1.706600 3.190900 196.594100 41 29 35
-1.706600 3.191100 196.564200 33 23 28
-1.706600 3.191400 196.504500 60 16 32
-1.706600 3.191500 196.486000 64 19 28
-1.706500 3.191000 196.597800 25 43 27
-1.706500 3.191200 196.567900 28 30 33
-1.706500 3.191700 196.467400 61 16 33
-1.706500 3.191700 196.478500 26 27 29
-1.706400 3.191300 196.582900 25 34 27
-1.706400 3.191300 196.586700 5 29 30
-1.706400 3.191300 196.590400 40 32 32
-1.706400 3.191500 196.553000 59 22 30
-1.706400 3.191500 196.560500 32 26 27
-1.706400 3.191500 196.571700 20 31 32
-1.706400 3.191700 196.508300 23 21 44
-1.706400 3.191700 196.523200 33 26 31
-1.706300 3.191600 196.541800 27 26 23
-1.706300 3.191800 196.519500 44 22 46
-1.706300 3.191800 196.538100 15 33 27
-1.706200 3.191900 196.530700 43 21 18
-1.706200 3.191900 196.549400 32 27 27
-1.706200 3.192000 196.512100 23 28 33
-1.706100 3.191700 196.601700 14 42 13
-1.706100 3.192000 196.545700 45 23 29
-1.706100 3.192200 196.534500 12 37 29
-1.706100 3.192400 196.482400 37 24 27
-1.706000 3.192100 196.575600 30 26 25
-1.705900 3.192700 196.493600 31 26 48
-1.705800 3.192300 196.579400 26 26 24
-1.705800 3.192700 196.527100 40 25 25
-1.705800 3.192900 196.489900 41 20 35
-1.705300 3.193600 196.516100 33 29 35
-1.703800 3.188300 196.605100 67 30 45
-1.703600 3.189300 196.474700 28 27 27
-1.703400 3.189600 196.478500 24 29 37
-1.703300 3.189400 196.545500 52 25 31
-1.703200 3.175100 196.606800 51 43 47
-1.703200 3.189900 196.486000 60 17 27
-1.703100 3.189500 196.586700 38 32 35
-1.703100 3.189800 196.541800 24 29 25
-1.703100 3.190000 196.519500 32 22 41
-1.703000 3.189700 196.582900 24 31 25
-1.703000 3.189800 196.564300 32 31 35
-1.703000 3.190000 196.530700 47 23 23
-1.703000 3.190100 196.515800 26 30 22
-1.703000 3.190300 196.482300 26 27 25
-1.702900 3.189900 196.590500 47 26 19
-1.702800 3.190000 196.601700 55 30 33
-1.702800 3.190100 196.594300 30 34 32
-1.702800 3.190200 196.549400 38 27 30
-1.702800 3.190400 196.504700 50 12 28
-1.702800 3.190600 196.489900 45 16 24
-1.702800 3.190600 196.493500 56 21 48
-1.702800 3.190600 196.512100 76 15 35
-1.702700 3.190300 196.598000 21 25 10
-1.702700 3.190400 196.560700 51 25 40
-1.702700 3.190600 196.523300 33 21 36
-1.702700 3.190600 196.534500 36 28 24
-1.702700 3.190700 196.501000 42 23 32
-1.702700 3.190900 196.471300 30 23 20
-1.702600 3.190700 196.553200 44 23 27
-1.702600 3.190800 196.527100 41 17 22
-1.702500 3.191000 196.497400 35 20 37
-1.702400 3.190800 196.568200 18 27 29
-1.702400 3.190900 196.557000 26 29 23
-1.702400 3.191500 196.467700 42 23 32
-1.699600 3.188400 196.605500 63 27 42
-1.699200 3.165000 196.595700 255 236 243
-1.699000 3.175900 196.607300 26 33 39
-1.698400 3.191000 196.512600 42 24 28
-1.698300 3.191200 196.516300 0 42 15
-1.698300 3.191300 196.497700 37 20 35
-1.698200 3.191600 196.486600 16 26 24
-1.698000 3.166200 196.595000 241 224 231
-1.698000 3.191600 196.550000 17 29 25
-1.697900 3.192100 196.490400 24 32 31
-1.697800 3.191800 196.561300 25 22 17
-1.697600 3.192300 196.531400 26 19 18
-1.697300 3.192500 196.602600 58 15 27
-1.697300 3.192600 196.591400 42 17 20
-1.696900 3.193300 196.569000 22 24 43
-1.696900 3.193800 196.479600 36 14 14
-1.696700 3.193700 196.572900 3 29 32
-1.696600 3.193800 196.580400 30 20 29
-1.696600 3.194000 196.543000 33 20 28
-1.696500 3.194400 196.528100 43 18 29
-1.696300 3.194500 196.539400 30 20 24
-1.696000 3.194900 196.584400 33 25 25
-1.695800 3.195500 196.524600 43 22 39
-1.695500 3.188500 196.605900 23 30 25
-1.695400 3.175700 196.607600 43 33 16
-1.693600 3.171300 196.607000 47 34 37
-1.693400 3.192600 196.539300 35 16 35
-1.692500 3.194300 196.509800 17 24 28
-1.692100 3.194700 196.536000 33 15 31
-1.692000 3.194900 196.513700 20 22 27
-1.691900 3.195000 196.547300 53 15 25
-1.691800 3.195500 196.476500 25 17 19
-1.691800 3.195500 196.495100 21 23 25
-1.691800 3.195600 196.472800 30 20 21
-1.691700 3.195700 196.498800 29 23 35
-1.691600 3.195700 196.517500 29 23 27
-1.691500 3.195400 196.603600 18 21 17
-1.691500 3.196000 196.502700 2 29 39
-1.691400 3.196000 196.532500 35 19 29
-1.691300 3.195800 196.577400 29 21 33
-1.691300 3.196300 196.491500 0 28 28
-1.691200 3.196000 196.581200 47 15 32
-1.691200 3.196100 196.592500 43 17 25
-1.691100 3.196100 196.596200 51 18 25
-1.691100 3.196600 196.528900 28 26 37
-1.691100 3.196800 196.465500 6 22 35
-1.691000 3.189700 196.606500 15 41 24
-1.691000 3.196600 196.558800 44 19 25
-1.690900 3.196700 196.570100 26 25 29
-1.690700 3.197000 196.566400 6 28 18
-1.690400 3.197400 196.585200 45 19 25
-1.690300 3.197500 196.600300 32 18 17
-1.690300 3.197600 196.589000 32 20 20
-1.690100 3.198600 196.469600 25 21 21
-1.690000 3.198300 196.551700 30 21 24
-1.689900 3.192100 196.483600 33 17 32
-1.689700 3.198900 196.525600 27 23 28
-1.689600 3.192700 196.487400 36 15 13
-1.689600 3.199200 196.521900 33 24 24
-1.689600 3.199400 196.480900 32 17 25
-1.689500 3.199200 196.555600 54 17 28
-1.689400 3.193200 196.480100 63 11 39
-1.689200 3.192900 196.584700 46 24 29
-1.689100 3.193100 196.580900 61 11 37
-1.689000 3.193300 196.569700 15 20 23
-1.688900 3.193400 196.566000 28 24 33
-1.688900 3.193500 196.562300 23 23 32
-1.688900 3.194000 196.472800 36 16 3
-1.688900 3.194100 196.476500 70 15 24
-1.688900 3.200500 196.488600 26 22 23
-1.688600 3.172800 196.607700 43 25 41
-1.688600 3.194400 196.495200 31 23 29
-1.688400 3.194200 196.588700 34 24 27
-1.688300 3.194400 196.600000 27 24 23
-1.688300 3.194800 196.502700 31 21 27
-1.688100 3.195100 196.521400 32 25 31
-1.688100 3.195100 196.543800 42 17 23
-1.688100 3.195200 196.499100 50 18 34
-1.688000 3.194800 196.603800 11 28 24
-1.687800 3.195300 196.596400 32 25 24
-1.687600 3.202800 196.485200 12 26 21
-1.687400 3.189600 196.606800 14 34 11
-1.686300 3.169900 196.607500 61 23 34
-1.686000 3.192700 196.480300 71 7 43
-1.685800 3.192800 196.510100 46 20 31
-1.685800 3.193000 196.476600 57 16 28
-1.685700 3.192800 196.547500 45 21 28
-1.685600 3.192700 196.573700 42 19 29
-1.685600 3.192800 196.562400 40 18 28
-1.685600 3.192900 196.543800 43 20 24
-1.685600 3.193200 196.487800 43 22 43
-1.685600 3.193300 196.484100 51 19 29
-1.685600 3.193300 196.491500 43 14 33
-1.685500 3.193200 196.517700 26 22 38
-1.685500 3.193200 196.521400 37 18 29
-1.685500 3.193300 196.513900 30 28 22
-1.685500 3.193400 196.506500 44 14 24
-1.685500 3.193500 196.469200 41 19 13
-1.685400 3.193100 196.577500 41 25 31
-1.685400 3.193700 196.465500 31 24 27
-1.685300 3.193300 196.570000 30 26 30
-1.685300 3.193400 196.540100 23 28 15
-1.685300 3.193500 196.525200 40 17 25
-1.685300 3.193800 196.473000 56 21 9
-1.685200 3.193500 196.566300 28 23 33
-1.685200 3.193600 196.551400 40 23 25
-1.685200 3.193700 196.529000 25 26 30
-1.685200 3.193700 196.536400 30 23 25
-1.685200 3.193800 196.532700 47 19 28
-1.685100 3.193600 196.581300 45 10 35
-1.685100 3.193600 196.585100 29 23 30
-1.685100 3.193700 196.558900 22 21 25
-1.685100 3.193700 196.588900 29 24 18
-1.685100 3.194100 196.502900 48 19 33
-1.685000 3.194300 196.495400 24 21 16
-1.685000 3.194300 196.499200 42 23 21
-1.684900 3.194000 196.592700 16 28 24
-1.684800 3.194100 196.596500 18 27 24
-1.684800 3.194300 196.555300 69 10 31
-1.684600 3.194300 196.600300 24 31 28
-1.684500 3.194500 196.604100 19 32 29
-1.683600 3.188500 196.606900 30 29 32
-1.681900 3.170400 196.607900 33 31 30
-1.681500 3.164600 196.607000 26 34 34
-1.681500 3.192800 196.484300 34 18 11
-1.681200 3.192900 196.555300 33 16 24
-1.681200 3.192900 196.559100 14 25 27
-1.681100 3.193200 196.521700 28 26 28
-1.681000 3.193300 196.551700 52 22 33
-1.681000 3.193600 196.480700 31 22 35
-1.681000 3.193600 196.488200 29 22 28
-1.680900 3.193200 196.585400 8 26 27
-1.680900 3.193600 196.518100 19 24 39
-1.680900 3.193700 196.525600 16 22 33
-1.680900 3.193800 196.473300 69 17 22
-1.680800 3.193400 196.589200 42 21 23
-1.680800 3.193500 196.563000 24 20 27
-1.680800 3.193600 196.536800 23 29 31
-1.680800 3.193600 196.540500 34 27 18
-1.680800 3.193700 196.533000 43 21 32
-1.680800 3.193800 196.495700 51 17 23
-1.680800 3.194000 196.477100 40 22 37
-1.680700 3.193500 196.604300 20 21 15
-1.680700 3.193800 196.529300 41 21 36
-1.680700 3.194100 196.499500 42 17 6
-1.680600 3.186500 196.588100 35 30 34
-1.680500 3.194100 196.548100 49 20 32
-1.680500 3.194300 196.492100 46 21 30
-1.680400 3.165700 196.585400 231 200 196
-1.680400 3.194100 196.581800 17 25 23
-1.680400 3.194200 196.566800 29 24 38
-1.680400 3.194200 196.570600 41 15 27
-1.680400 3.194200 196.574300 59 15 30
-1.680400 3.194400 196.544400 27 29 4
-1.680400 3.194500 196.507000 26 21 27
-1.680400 3.194700 196.469700 61 16 27
-1.680300 3.187100 196.592000 33 28 31
-1.680300 3.194200 196.578100 30 19 17
-1.680200 3.164400 196.585200 206 196 179
-1.680200 3.194300 196.600700 17 27 23
-1.680200 3.194400 196.593200 21 26 21
-1.680200 3.194900 196.510800 36 21 28
-1.680100 3.194600 196.597000 10 24 20
-1.680100 3.195000 196.503400 24 22 28
-1.680100 3.195000 196.514600 28 21 24
-1.680100 3.195200 196.466100 28 26 31
-1.679700 3.187900 196.607200 33 35 34
-1.679500 3.166800 196.584800 203 179 183
-1.679200 3.182500 196.516600 73 26 44
-1.679000 3.182900 196.512900 72 19 46
-1.678700 3.183500 196.509300 62 27 29
-1.678400 3.190400 196.585200 23 35 42
-1.677700 3.185200 196.505900 43 29 27
-1.677700 3.185300 196.502200 46 26 41
-1.677700 3.191800 196.536700 45 27 27
-1.677600 3.192200 196.499500 53 23 28
-1.677500 3.191900 196.604300 44 28 19
-1.677500 3.192000 196.566700 8 29 25
-1.677500 3.192000 196.596800 29 26 36
-1.677500 3.192100 196.540600 38 25 30
-1.677500 3.192400 196.488300 27 23 23
-1.677400 3.192200 196.581800 9 38 32
-1.677300 3.192600 196.503300 9 32 33
-1.677300 3.214400 196.496700 42 46 27
-1.677200 3.192700 196.533200 35 25 39
-1.677200 3.193000 196.484700 27 29 23
-1.677100 3.192600 196.600700 24 22 41
-1.677100 3.192700 196.570600 29 28 29
-1.677100 3.192900 196.529500 17 30 13
-1.677100 3.192900 196.544400 9 34 24
-1.677100 3.193100 196.495900 50 20 32
-1.677100 3.193200 196.473500 54 21 32
-1.677100 3.214400 196.492000 49 40 34
-1.677000 3.193100 196.522000 0 33 12
-1.677000 3.193200 196.525800 27 26 32
-1.677000 3.193400 196.466100 32 24 35
-1.677000 3.193400 196.469900 60 11 29
-1.677000 3.193400 196.477300 36 21 36
-1.677000 3.214400 196.510300 71 50 24
-1.676900 3.193000 196.574400 48 21 30
-1.676900 3.193400 196.507200 10 31 23
-1.676800 3.193500 196.518400 20 31 39
-1.676800 3.193700 196.481100 64 23 29
-1.676800 3.214400 196.519400 64 34 34
-1.676700 3.193400 196.578300 27 29 12
-1.676700 3.193500 196.555800 29 22 30
-1.676700 3.193700 196.492300 43 26 38
-1.676700 3.193700 196.514700 43 20 39
-1.676600 3.193800 196.511000 36 31 25
-1.676600 3.215600 196.469200 66 36 37
-1.676500 3.193800 196.548400 18 30 45
-1.676400 3.215600 196.467600 61 52 33
-1.676400 3.215600 196.470600 57 26 28
-1.676400 3.215600 196.472100 48 54 25
-1.676400 3.215600 196.490100 41 46 25
-1.676300 3.194100 196.552200 43 17 46
-1.676300 3.215500 196.500700 45 40 27
-1.676200 3.214200 196.550200 50 43 35
-1.676200 3.215500 196.491600 17 48 23
-1.676200 3.215500 196.502200 49 41 27
-1.676200 3.215500 196.503700 34 26 25
-1.676200 3.215500 196.505300 40 34 28
-1.676200 3.215500 196.506800 49 44 32
-1.676200 3.215500 196.508300 52 32 29
-1.676200 3.215600 196.473400 57 43 27
-1.676200 3.215600 196.485500 54 26 38
-1.676100 3.177100 196.585100 17 26 27
-1.676100 3.214200 196.561100 44 38 37
-1.676100 3.215500 196.486900 70 44 18
-1.676100 3.215500 196.488400 69 43 25
-1.676100 3.215500 196.493000 41 36 17
-1.676100 3.215500 196.494600 58 26 27
-1.676100 3.215500 196.509800 51 44 28
-1.676100 3.215600 196.477900 54 37 20
-1.676100 3.215600 196.479400 80 40 47
-1.676100 3.215600 196.483900 80 43 64
-1.676000 3.167800 196.582600 52 55 53
-1.676000 3.214200 196.559400 43 25 40
-1.676000 3.215400 196.529800 47 50 30
-1.676000 3.215500 196.496000 59 45 27
-1.676000 3.215500 196.497500 29 28 17
-1.676000 3.215500 196.499000 43 43 33
-1.676000 3.215600 196.465900 57 40 27
-1.676000 3.215600 196.474900 60 38 35
-1.676000 3.215600 196.476400 59 49 54
-1.675900 3.172600 196.552600 19 9 8
-1.675900 3.173700 196.554200 18 7 2
-1.675900 3.174800 196.570000 1 8 0
-1.675900 3.177100 196.540200 52 34 39
-1.675900 3.215500 196.482300 64 41 34
-1.675900 3.215500 196.511200 43 38 33
-1.675900 3.215500 196.514300 42 30 28
-1.675800 3.170200 196.577800 22 12 1
-1.675800 3.176000 196.541700 49 20 29
-1.675800 3.214100 196.578400 51 36 25
-1.675800 3.215400 196.521900 30 31 36
-1.675800 3.215500 196.480800 46 43 41
-1.675700 3.173700 196.541500 22 21 25
-1.675700 3.176000 196.543100 14 5 6
-1.675700 3.215400 196.515700 52 35 35
-1.675700 3.215400 196.520300 37 36 32
-1.675700 3.215400 196.537400 92 46 53
-1.675700 3.215500 196.512700 52 37 36
-1.675600 3.170200 196.576100 16 9 2
-1.675600 3.172400 196.581400 15 11 4
-1.675600 3.177100 196.538400 50 43 49
-1.675600 3.214100 196.576700 46 37 30
-1.675600 3.215300 196.538800 72 47 40
-1.675600 3.215400 196.517200 55 43 38
-1.675600 3.215400 196.528000 30 47 27
-1.675600 3.215400 196.531100 61 41 21
-1.675500 3.171400 196.560200 6 15 5
-1.675500 3.171400 196.563300 26 18 8
-1.675500 3.215300 196.535700 66 42 44
-1.675500 3.215400 196.523300 57 40 18
-1.675400 3.172500 196.568000 17 16 0
-1.675400 3.172500 196.569700 15 9 5
-1.675400 3.177000 196.586300 18 9 7
-1.675400 3.214100 196.579700 48 41 36
-1.675400 3.215300 196.534100 61 44 34
-1.675400 3.215400 196.518600 57 41 34
-1.675400 3.215400 196.524800 51 43 27
-1.675400 3.215400 196.526400 50 56 37
-1.675400 3.215400 196.532500 64 61 23
-1.675300 3.170100 196.579100 24 9 17
-1.675300 3.171400 196.558500 5 11 7
-1.675200 3.172500 196.566800 23 8 6
-1.675200 3.172600 196.553700 29 17 17
-1.675200 3.214100 196.571600 60 40 39
-1.675200 3.215300 196.541700 25 27 40
-1.675200 3.215300 196.543300 73 48 71
-1.675200 3.215300 196.549500 53 44 38
-1.675100 3.169000 196.582100 19 23 19
-1.675100 3.171400 196.561500 15 14 7
-1.675100 3.171500 196.549000 26 5 11
-1.675100 3.212800 196.610100 45 35 37
-1.675100 3.215300 196.540100 32 41 28
-1.675100 3.215300 196.544800 70 37 37
-1.675100 3.215300 196.551100 43 20 19
-1.675000 3.172500 196.555700 32 15 21
-1.675000 3.212800 196.611600 14 29 34
-1.675000 3.214000 196.590700 47 49 32
-1.675000 3.215300 196.546300 37 38 20
-1.675000 3.215300 196.547900 58 34 30
-1.674900 3.172600 196.541000 16 14 7
-1.674900 3.174900 196.504600 26 25 12
-1.674900 3.215300 196.557300 64 45 44
-1.674800 3.171400 196.556600 16 11 14
-1.674800 3.171400 196.570900 0 5 2
-1.674800 3.172500 196.568300 15 17 0
-1.674800 3.176000 196.507600 12 10 10
-1.674800 3.214000 196.592200 25 30 16
-1.674700 3.169000 196.586700 40 16 17
-1.674700 3.171400 196.550300 8 7 5
-1.674700 3.172500 196.561800 22 5 8
-1.674700 3.172500 196.566000 28 7 14
-1.674700 3.176200 196.494800 20 24 22
-1.674700 3.214000 196.584000 56 36 37
-1.674700 3.214000 196.585700 72 33 30
-1.674700 3.214000 196.587300 46 35 23
-1.674700 3.214000 196.588900 43 30 27
-1.674700 3.215200 196.555500 37 26 8
-1.674700 3.216700 196.466700 57 40 27
-1.674600 3.172500 196.536700 24 11 12
-1.674600 3.212700 196.626100 17 18 11
-1.674500 3.170100 196.580200 7 8 7
-1.674500 3.171500 196.536100 25 15 25
-1.674500 3.175100 196.497700 21 17 21
-1.674500 3.213900 196.593600 55 38 29
-1.674500 3.215200 196.558600 42 36 29
-1.674500 3.216700 196.481600 56 64 40
-1.674400 3.171400 196.569000 10 19 2
-1.674400 3.172400 196.564800 30 8 13
-1.674400 3.212700 196.624300 35 19 14
-1.674400 3.213900 196.595200 43 30 19
-1.674400 3.215200 196.552200 20 40 11
-1.674400 3.215200 196.560100 47 43 23
-1.674300 3.171400 196.546900 52 6 27
-1.674300 3.172500 196.535000 30 15 37
-1.674300 3.212700 196.627600 25 24 12
-1.674300 3.216600 196.504200 66 43 51
-1.674300 3.216700 196.468000 75 35 46
-1.674300 3.216700 196.470900 47 40 38
-1.674300 3.216700 196.477000 43 45 56
-1.674300 3.216700 196.479900 36 48 34
-1.674200 3.171300 196.572100 5 9 9
-1.674200 3.171400 196.554700 15 12 9
-1.674200 3.172500 196.562500 28 17 8
-1.674200 3.172600 196.511700 17 29 12
-1.674200 3.172600 196.514800 17 8 9
-1.674200 3.213900 196.596600 22 22 17
-1.674200 3.215200 196.567900 47 36 33
-1.674200 3.216700 196.475400 57 45 65
-1.674200 3.216700 196.478400 62 38 54
-1.674100 3.171400 196.551400 9 15 1
-1.674100 3.171400 196.553000 29 22 14
-1.674100 3.171500 196.521900 57 18 27
-1.674100 3.172500 196.554700 33 15 20
-1.674100 3.172800 196.489900 25 15 15
-1.674100 3.213900 196.601400 35 30 33
-1.674100 3.213900 196.611100 51 18 30
-1.674100 3.215200 196.564700 51 43 25
-1.674100 3.215200 196.566300 24 34 21
-1.674100 3.215200 196.569400 57 46 40
-1.674100 3.216700 196.469300 66 41 61
-1.674000 3.171600 196.517200 27 8 11
-1.674000 3.172400 196.563000 35 26 3
-1.674000 3.172500 196.519300 43 18 31
-1.674000 3.172500 196.525500 7 11 10
-1.674000 3.172600 196.534300 43 25 45
-1.674000 3.172700 196.514200 17 5 10
-1.674000 3.213900 196.598100 47 45 51
-1.674000 3.213900 196.599700 15 24 6
-1.674000 3.213900 196.603000 41 24 35
-1.674000 3.215200 196.561400 43 36 18
-1.674000 3.216600 196.482800 61 52 46
-1.674000 3.216600 196.496400 55 45 40
-1.674000 3.216600 196.497900 61 50 38
-1.674000 3.216600 196.502500 53 35 44
-1.673900 3.171500 196.534100 20 8 14
-1.673900 3.172400 196.570800 18 12 3
-1.673900 3.172400 196.572400 17 14 5
-1.673900 3.172500 196.516200 36 22 19
-1.673900 3.172500 196.523800 27 15 17
-1.673900 3.172500 196.526900 36 24 15
-1.673900 3.172500 196.557600 8 8 1
-1.673900 3.172600 196.510000 36 17 7
-1.673900 3.213900 196.607700 52 34 31
-1.673900 3.213900 196.609400 35 24 16
-1.673900 3.213900 196.612700 24 25 24
-1.673900 3.215200 196.562900 18 38 18
-1.673900 3.216600 196.484300 57 45 55
-1.673900 3.216600 196.491800 69 51 65
-1.673900 3.216600 196.494900 41 32 5
-1.673900 3.216700 196.464800 81 64 40
-1.673800 3.171300 196.576600 3 2 0
-1.673800 3.172600 196.482600 14 18 21
-1.673800 3.215100 196.574000 34 41 27
-1.673800 3.215200 196.553400 32 48 16
-1.673800 3.216500 196.522300 60 35 34
-1.673800 3.216500 196.530000 60 46 39
-1.673800 3.216600 196.472200 63 43 35
-1.673800 3.216600 196.473700 60 33 49
-1.673800 3.216600 196.485700 62 47 49
-1.673800 3.216600 196.493300 80 40 51
-1.673800 3.216600 196.505400 62 35 43
-1.673800 3.216600 196.507000 37 37 35
-1.673700 3.171500 196.540300 16 14 0
-1.673700 3.172500 196.542400 15 15 15
-1.673700 3.172500 196.547100 38 18 17
-1.673700 3.172500 196.560700 23 2 10
-1.673700 3.172600 196.478100 22 16 5
-1.673700 3.172800 196.495700 26 29 21
-1.673700 3.216500 196.508400 48 48 36
-1.673700 3.216500 196.511500 55 49 48
-1.673700 3.216500 196.513000 35 51 41
-1.673700 3.216500 196.523800 71 44 28
-1.673600 3.170600 196.465500 48 23 31
-1.673600 3.171300 196.574800 17 12 1
-1.673600 3.171400 196.544900 20 15 9
-1.673600 3.171800 196.465500 20 17 24
-1.673600 3.171800 196.474500 49 30 30
-1.673600 3.172500 196.512900 19 11 13
-1.673600 3.172800 196.485000 5 10 2
-1.673600 3.213900 196.604300 59 53 47
-1.673600 3.213900 196.605900 49 26 27
-1.673600 3.215100 196.572300 66 42 27
-1.673600 3.215100 196.575400 57 36 39
-1.673600 3.216400 196.531500 75 42 39
-1.673600 3.216400 196.536100 54 37 42
-1.673500 3.166600 196.582600 230 222 232
-1.673500 3.171300 196.573200 24 19 0
-1.673500 3.171700 196.480500 31 15 22
-1.673500 3.171800 196.466900 5 12 15
-1.673500 3.171800 196.472900 37 5 13
-1.673500 3.216500 196.520600 67 41 32
-1.673400 3.171500 196.520000 41 22 23
-1.673400 3.171500 196.536900 36 17 34
-1.673400 3.171800 196.468400 16 18 6
-1.673400 3.172500 196.529700 42 38 21
-1.673400 3.172500 196.548400 19 7 14
-1.673400 3.175700 196.579700 9 12 8
-1.673400 3.213800 196.614000 27 31 20
-1.673400 3.215100 196.570500 65 38 63
-1.673400 3.216400 196.525200 51 36 22
-1.673400 3.216400 196.534500 25 49 10
-1.673400 3.216500 196.500700 65 42 36
-1.673400 3.216500 196.509800 53 46 47
-1.673400 3.216600 196.499100 59 45 27
-1.673300 3.165400 196.582500 255 255 255
-1.673300 3.170600 196.466800 17 31 15
-1.673300 3.171400 196.541600 33 16 23
-1.673300 3.171400 196.543200 17 20 14
-1.673300 3.171500 196.515300 25 17 7
-1.673300 3.171700 196.481800 23 17 27
-1.673300 3.175700 196.574800 18 8 11
-1.673300 3.182200 196.594200 78 60 56
-1.673300 3.213800 196.618700 37 25 9
-1.673300 3.216400 196.528200 70 47 47
-1.673300 3.216400 196.532900 64 56 33
-1.673300 3.216500 196.514300 47 58 43
-1.673300 3.216500 196.518900 86 40 27
-1.673300 3.216600 196.490000 44 42 10
-1.673200 3.171500 196.527600 24 15 9
-1.673200 3.172600 196.532200 12 2 3
-1.673200 3.213800 196.615400 51 30 27
-1.673200 3.213800 196.620400 45 16 27
-1.673200 3.213800 196.622000 43 20 17
-1.673200 3.215100 196.581600 51 31 33
-1.673200 3.215100 196.583200 34 31 39
-1.673200 3.216400 196.543700 77 25 25
-1.673200 3.216500 196.517300 87 43 43
-1.673100 3.170500 196.474200 36 37 30
-1.673100 3.171800 196.469700 30 15 22
-1.673100 3.172500 196.558700 23 9 13
-1.673100 3.172600 196.479200 11 26 12
-1.673100 3.175700 196.573000 22 14 10
-1.673100 3.213800 196.617000 42 27 18
-1.673100 3.215100 196.579900 23 35 15
-1.673100 3.216400 196.526600 58 49 46
-1.673100 3.216400 196.537400 59 42 30
-1.673100 3.216600 196.486800 63 53 40
-1.673000 3.171400 196.538300 20 11 6
-1.673000 3.171500 196.529000 15 15 6
-1.673000 3.171600 196.501300 20 23 22
-1.673000 3.171600 196.502900 27 15 16
-1.673000 3.171600 196.510500 2 16 11
-1.673000 3.171700 196.487700 18 16 6
-1.673000 3.213800 196.623500 42 26 29
-1.673000 3.215000 196.584700 78 26 47
-1.673000 3.215000 196.586200 59 38 40
-1.673000 3.215000 196.587900 54 40 39
-1.673000 3.215100 196.576600 52 43 33
-1.673000 3.216500 196.515700 61 49 34
-1.672900 3.215000 196.589400 61 33 17
-1.672900 3.215000 196.591000 63 35 22
-1.672900 3.215000 196.592600 49 44 27
-1.672900 3.216400 196.541900 69 56 55
-1.672900 3.216500 196.488200 29 38 15
-1.672800 3.170500 196.469500 27 16 12
-1.672800 3.171500 196.530400 21 11 7
-1.672800 3.172500 196.498700 35 14 22
-1.672800 3.172600 196.480500 45 6 32
-1.672700 3.171500 196.508800 50 15 23
-1.672700 3.171500 196.518000 52 11 28
-1.672700 3.171500 196.522600 54 20 32
-1.672700 3.171700 196.471000 17 19 25
-1.672700 3.171700 196.478400 7 22 10
-1.672700 3.171700 196.484500 17 8 5
-1.672700 3.175700 196.565400 15 18 15
-1.672700 3.215000 196.578100 47 46 23
-1.672700 3.215000 196.594100 28 31 19
-1.672700 3.216400 196.538700 42 43 35
-1.672700 3.216400 196.540300 56 48 70
-1.672600 3.213800 196.626500 30 10 25
-1.672600 3.215000 196.595600 38 40 19
-1.672600 3.216300 196.544900 70 64 54
-1.672500 3.170500 196.467800 38 33 10
-1.672500 3.170500 196.470800 27 22 23
-1.672500 3.170500 196.472300 48 32 30
-1.672500 3.171400 196.531800 34 18 30
-1.672500 3.171500 196.525600 44 25 20
-1.672500 3.171700 196.476900 27 15 15
-1.672500 3.173500 196.537000 26 8 5
-1.672500 3.175700 196.566800 16 14 11
-1.672500 3.213800 196.624800 22 15 34
-1.672500 3.216300 196.548000 56 52 45
-1.672400 3.165400 196.583500 176 155 120
-1.672400 3.167700 196.583500 36 24 23
-1.672400 3.171600 196.493400 22 20 10
-1.672400 3.171700 196.475300 18 15 21
-1.672400 3.171700 196.482900 6 19 16
-1.672400 3.171700 196.485800 26 14 14
-1.672400 3.173500 196.530700 31 21 22
-1.672300 3.171500 196.513200 29 21 16
-1.672300 3.171600 196.499400 36 22 27
-1.672300 3.171700 196.488800 26 22 25
-1.672300 3.173500 196.535300 14 3 5
-1.672300 3.176200 196.470900 15 22 18
-1.672300 3.213700 196.627900 29 22 6
-1.672300 3.216300 196.546300 33 32 27
-1.672200 3.171600 196.491800 33 11 18
-1.672200 3.172600 196.510000 21 27 8
-1.672200 3.172600 196.530000 31 27 15
-1.672200 3.216300 196.549400 77 45 40
-1.672100 3.171600 196.490200 34 28 23
-1.672100 3.175900 196.524500 21 11 9
-1.672100 3.215000 196.596900 47 35 48
-1.672100 3.216300 196.555600 80 44 41
-1.672000 3.170400 196.493100 25 24 18
-1.672000 3.171500 196.523800 27 2 13
-1.672000 3.172600 196.522200 22 7 12
-1.672000 3.172800 196.470700 25 26 17
-1.672000 3.216200 196.557100 77 40 47
-1.672000 3.216300 196.552400 31 49 3
-1.672000 3.216300 196.554000 75 37 38
-1.671900 3.167700 196.581600 62 57 67
-1.671900 3.170400 196.490000 33 18 22
-1.671900 3.171500 196.511400 23 23 22
-1.671900 3.171600 196.497700 23 15 13
-1.671900 3.175100 196.475100 21 11 11
-1.671900 3.216200 196.560200 49 43 37
-1.671900 3.216200 196.561800 51 45 40
-1.671800 3.170400 196.491500 45 26 27
-1.671800 3.172700 196.502200 12 9 13
-1.671800 3.214900 196.598300 52 33 38
-1.671800 3.216200 196.558500 68 43 36
-1.671800 3.216200 196.563300 67 43 39
-1.671800 3.216300 196.550700 35 51 18
-1.671700 3.174700 196.508800 11 15 12
-1.671700 3.174800 196.492100 16 6 11
-1.671700 3.214900 196.599900 47 33 44
-1.671700 3.214900 196.601500 53 37 40
-1.671700 3.216200 196.564800 55 63 54
-1.671600 3.171500 196.503600 22 18 17
-1.671600 3.172500 196.487400 21 15 7
-1.671600 3.173800 196.488500 26 15 10
-1.671600 3.214900 196.603100 41 26 25
-1.671600 3.216200 196.566300 38 21 20
-1.671500 3.171600 196.494400 38 36 32
-1.671500 3.174800 196.485900 16 16 14
-1.671400 3.170500 196.474700 19 7 31
-1.671400 3.171500 196.506500 32 15 28
-1.671400 3.216200 196.567800 59 42 34
-1.671200 3.171500 196.504900 16 10 25
-1.671200 3.172800 196.477600 7 23 8
-1.671200 3.216100 196.577200 17 45 12
-1.671100 3.172800 196.479100 25 20 16
-1.671100 3.214900 196.604300 56 40 37
-1.671100 3.214900 196.607600 43 34 13
-1.671100 3.214900 196.614100 69 30 23
-1.671000 3.170400 196.476000 15 11 23
-1.671000 3.214800 196.615600 46 30 19
-1.671000 3.214900 196.605900 46 42 24
-1.670900 3.171500 196.495500 14 9 4
-1.670900 3.214800 196.617200 41 34 0
-1.670800 3.170300 196.494000 23 25 23
-1.670800 3.179100 196.597900 100 57 58
-1.670800 3.214800 196.612300 26 35 23
-1.670800 3.216100 196.573700 91 43 57
-1.670800 3.216100 196.575300 64 49 47
-1.670700 3.216100 196.570500 59 43 36
-1.670700 3.216100 196.572100 46 40 19
-1.670600 3.183800 196.593000 68 25 25
-1.670600 3.214800 196.608900 73 36 38
-1.670600 3.216100 196.578400 14 49 27
-1.670600 3.216100 196.581600 29 53 35
-1.670500 3.185500 196.595700 58 26 27
-1.670500 3.214800 196.618600 61 20 17
-1.670500 3.217600 196.468800 82 46 69
-1.670500 3.217600 196.470400 56 28 35
-1.670300 3.181000 196.597000 25 38 29
-1.670300 3.216100 196.583000 45 19 25
-1.670300 3.217600 196.467300 66 41 65
-1.670300 3.217600 196.471800 78 43 61
-1.670200 3.179100 196.595800 88 35 32
-1.670200 3.181400 196.597500 19 28 24
-1.670200 3.214800 196.610300 28 37 34
-1.670200 3.216100 196.579700 42 40 31
-1.670200 3.216100 196.586100 55 45 22
-1.670200 3.217600 196.477700 47 53 32
-1.670100 3.214700 196.620000 51 30 22
-1.670100 3.217600 196.473100 50 33 45
-1.670000 3.184900 196.595900 49 27 17
-1.670000 3.216100 196.584400 59 41 41
-1.670000 3.217500 196.476100 83 46 42
-1.669900 3.185500 196.593700 86 62 43
-1.669900 3.214700 196.621500 36 34 27
-1.669900 3.217400 196.512300 54 37 44
-1.669800 3.217300 196.533900 49 55 28
-1.669800 3.217300 196.535500 54 68 32
-1.669800 3.217500 196.474400 60 45 45
-1.669800 3.217500 196.494000 46 43 29
-1.669700 3.180900 196.595100 31 15 19
-1.669700 3.214700 196.623000 18 20 32
-1.669700 3.217400 196.526100 67 53 58
-1.669700 3.217500 196.478900 75 38 52
-1.669700 3.217600 196.465400 69 41 40
-1.669600 3.184900 196.594100 52 31 12
-1.669600 3.214700 196.624500 28 20 18
-1.669600 3.217400 196.513700 75 37 29
-1.669600 3.217500 196.481800 96 57 59
-1.669600 3.217500 196.492400 52 44 18
-1.669500 3.216000 196.588900 71 45 30
-1.669500 3.216000 196.590400 37 40 19
-1.669400 3.183800 196.595500 58 45 44
-1.669400 3.217400 196.515100 98 31 52
-1.669400 3.217500 196.486200 45 47 41
-1.669300 3.180300 196.596900 37 21 30
-1.669300 3.183800 196.593800 69 25 19
-1.669300 3.217300 196.527400 58 58 47
-1.669300 3.217400 196.496700 70 43 36
-1.669200 3.217300 196.524300 75 28 46
-1.669200 3.217300 196.536600 46 53 23
-1.669100 3.217300 196.516500 86 43 45
-1.669100 3.217300 196.519500 43 40 38
-1.669100 3.217300 196.531900 62 60 36
-1.669100 3.217300 196.544300 48 45 52
-1.669100 3.217400 196.498200 67 37 39
-1.669100 3.217400 196.508800 71 61 68
-1.669100 3.217500 196.483100 81 49 45
-1.669100 3.217500 196.484600 66 55 63
-1.669000 3.180300 196.595100 37 21 30
-1.669000 3.214700 196.625800 29 31 8
-1.669000 3.217400 196.504200 44 51 36
-1.668900 3.217300 196.517900 69 52 63
-1.668900 3.217300 196.521000 77 55 49
-1.668900 3.217300 196.522500 87 56 53
-1.668900 3.217300 196.542700 87 47 61
-1.668900 3.217400 196.499600 66 40 58
-1.668900 3.217400 196.507200 45 52 42
-1.668800 3.217400 196.501000 71 43 52
-1.668700 3.217300 196.528600 68 47 37
-1.668700 3.217300 196.541000 83 27 18
-1.668500 3.214600 196.627100 31 34 12
-1.668500 3.217300 196.530000 67 47 32
-1.668400 3.217200 196.551700 71 41 34
-1.668300 3.217200 196.545500 63 43 30
-1.668300 3.217200 196.556400 82 53 51
-1.668300 3.217200 196.558000 57 46 35
-1.668100 3.214600 196.628500 37 27 23
-1.668000 3.217200 196.564100 70 50 44
-1.667900 3.215900 196.592600 54 58 19
-1.667900 3.215900 196.594300 46 32 38
-1.667900 3.217200 196.553000 30 41 13
-1.667800 3.217200 196.549800 74 53 43
-1.667700 3.217100 196.562400 36 56 52
-1.667700 3.217200 196.548200 60 56 58
-1.667500 3.217100 196.565300 67 26 38
-1.667300 3.217100 196.554200 84 45 58
-1.667000 3.215800 196.598500 59 41 28
-1.666800 3.217000 196.566500 58 49 30
-1.666500 3.217000 196.580600 56 41 47
-1.662000 3.215400 196.627700 42 27 27
-1.661700 3.215300 196.629200 45 21 14
-1.655800 3.216100 196.626900 54 33 27
-1.655600 3.216100 196.628400 62 28 25
-1.648200 3.216700 196.628300 56 15 52
-1.642700 3.217500 196.627900 50 38 27
-1.642300 3.217400 196.629200 76 34 45
-1.637100 3.218100 196.625800 70 29 36
-1.636200 3.218100 196.628400 36 25 28
-1.635100 3.220800 196.468200 62 74 56
-1.634300 3.219100 196.609300 74 43 45
-1.634100 3.220700 196.466200 82 85 58
-1.634000 3.220700 196.473500 88 57 35
-1.633900 3.220600 196.479400 95 57 56
-1.633900 3.220700 196.475000 71 92 55
-1.633700 3.220600 196.477800 43 69 50
-1.633700 3.220700 196.470400 95 64 45
-1.633600 3.220600 196.492600 101 47 67
-1.633500 3.220600 196.471800 106 72 48
-1.633500 3.220600 196.476200 97 71 62
-1.633500 3.220600 196.494100 78 68 51
-1.633400 3.220600 196.489500 120 90 32
-1.633400 3.220600 196.491000 109 82 48
-1.633300 3.220600 196.483500 111 28 43
-1.633100 3.220600 196.487800 99 86 57
-1.632900 3.220600 196.480300 106 76 60
-1.632600 3.220500 196.504100 76 66 46
-1.632400 3.220500 196.481500 92 59 63
-1.632400 3.220500 196.486000 83 57 55
-1.632300 3.220400 196.502300 123 65 74
-1.632000 3.220300 196.540300 50 73 51
-1.631900 3.220300 196.538600 75 66 67
-1.631200 3.218900 196.626600 66 50 37
-1.631200 3.220100 196.586600 59 49 41
-1.631100 3.220200 196.566000 98 60 72
-1.631000 3.218800 196.628100 65 37 50
-1.630800 3.220200 196.542600 108 55 62
-1.630500 3.220200 196.543900 81 69 64
-1.630400 3.220100 196.567200 118 87 93
-1.630300 3.218800 196.629300 29 36 25
-1.628500 3.219900 196.603900 80 60 54
-1.627700 3.219800 196.604900 66 55 55
-1.626900 3.219800 196.606000 87 66 73
-1.625700 3.219600 196.614800 72 63 47
-1.625500 3.219600 196.621200 59 33 39
-1.625200 3.221200 196.474400 104 81 61
-1.625200 3.221200 196.501100 130 73 80
-1.625000 3.221200 196.499600 110 69 76
-1.624900 3.221200 196.468300 73 85 62
-1.624900 3.221200 196.469800 90 84 71
-1.624900 3.221200 196.486000 69 65 40
-1.624600 3.221200 196.472500 90 72 53
-1.624500 3.221100 196.493300 113 63 82
-1.623900 3.221000 196.503300 59 67 51
-1.623900 3.221100 196.481000 99 64 64
-1.623900 3.221100 196.482500 103 64 52
-1.623900 3.221100 196.491400 82 72 65
-1.623700 3.219500 196.626400 80 45 32
-1.623700 3.221000 196.497300 101 50 60
-1.623600 3.221000 196.518200 94 68 68
-1.623500 3.221000 196.504600 90 56 60
-1.623500 3.221000 196.515200 101 85 78
-1.623500 3.221000 196.516700 96 61 64
-1.623500 3.221000 196.519700 90 81 38
-1.623400 3.220900 196.534900 57 80 54
-1.623200 3.220900 196.533200 63 70 67
-1.623200 3.221000 196.513500 93 71 74
-1.623100 3.219400 196.627600 87 43 44
-1.623000 3.220900 196.521000 88 78 58
-1.623000 3.220900 196.536100 81 81 54
-1.622900 3.220900 196.542200 100 74 75
-1.622800 3.220900 196.508700 117 68 75
-1.622600 3.220900 196.511600 99 85 88
-1.622500 3.219300 196.628900 88 49 55
-1.622500 3.220700 196.580900 62 49 34
-1.622500 3.220900 196.522100 107 95 74
-1.622400 3.220900 196.509900 102 81 90
-1.622400 3.220900 196.531200 112 81 81
-1.622200 3.220800 196.529500 119 67 74
-1.622200 3.220900 196.523500 45 82 52
-1.622200 3.220900 196.528000 105 71 72
-1.622100 3.220800 196.540200 99 70 58
-1.622100 3.220800 196.549400 77 85 58
-1.622000 3.220700 196.575800 77 70 52
-1.622000 3.220800 196.524800 87 64 64
-1.621800 3.220700 196.546100 88 81 46
-1.621800 3.220700 196.553900 108 77 83
-1.621700 3.220800 196.526200 78 51 70
-1.621600 3.220700 196.555300 109 81 83
-1.621300 3.220700 196.544300 71 93 41
-1.620300 3.220500 196.603200 40 41 19
-1.619600 3.220400 196.617100 78 61 59
-1.617200 3.221800 196.472700 118 100 78
-1.617100 3.221700 196.475600 76 74 53
-1.616900 3.221700 196.471000 81 75 40
-1.616800 3.220100 196.626600 58 57 13
-1.616500 3.221600 196.515500 92 82 61
-1.616400 3.220100 196.627900 61 58 27
-1.615700 3.220100 196.629000 68 53 58
-1.615300 3.221400 196.545200 72 77 54
-1.615200 3.221400 196.542000 101 94 79
-1.615200 3.221400 196.543500 91 100 81
-1.612200 3.220900 196.621800 63 55 42
-1.612000 3.222400 196.468200 67 98 70
-1.611900 3.222400 196.471100 80 69 58
-1.611800 3.222400 196.469600 67 86 45
-1.611700 3.222000 196.599100 68 43 50
-1.611700 3.222400 196.465100 96 65 60
-1.611700 3.222400 196.466600 68 72 74
-1.611700 3.222400 196.491600 110 82 64
-1.611600 3.222400 196.472400 71 81 65
-1.611600 3.222400 196.473900 109 86 80
-1.611600 3.222400 196.478200 91 85 99
-1.611600 3.222400 196.484200 73 66 44
-1.611500 3.222400 196.479600 98 78 78
-1.611400 3.222000 196.600500 52 45 42
-1.611400 3.222300 196.490000 100 84 74
-1.611400 3.222400 196.481100 106 87 111
-1.611400 3.222400 196.482600 109 85 69
-1.611400 3.222400 196.485500 90 82 55
-1.611300 3.222400 196.475100 107 84 94
-1.611200 3.222300 196.492800 92 90 62
-1.611100 3.222400 196.476500 74 71 79
-1.610900 3.220800 196.629000 68 56 32
-1.610800 3.222200 196.521000 121 87 90
-1.610800 3.222300 196.494000 109 72 76
-1.610700 3.222300 196.486600 103 90 61
-1.610600 3.222200 196.519400 115 68 88
-1.610600 3.222300 196.488000 85 59 57
-1.610300 3.222200 196.505700 93 86 79
-1.610200 3.222100 196.522200 108 73 79
-1.610200 3.222200 196.507200 109 92 71
-1.610200 3.222200 196.517600 106 75 85
-1.610100 3.222200 196.502600 83 72 58
-1.610100 3.222200 196.504100 94 75 47
-1.610000 3.222200 196.501000 84 81 64
-1.610000 3.222200 196.510000 119 87 74
-1.609900 3.222200 196.508400 124 68 61
-1.609900 3.222200 196.511400 95 81 79
-1.609800 3.222100 196.512900 97 88 63
-1.609700 3.222100 196.526400 118 92 82
-1.609700 3.222100 196.527900 100 87 51
-1.609700 3.222200 196.499400 107 80 76
-1.609600 3.222100 196.515800 91 70 74
-1.609600 3.222200 196.497800 71 83 75
-1.609500 3.222100 196.514200 99 68 60
-1.609500 3.222100 196.524800 101 74 87
-1.609500 3.222100 196.529300 87 72 44
-1.609400 3.222000 196.539900 75 61 46
-1.609400 3.222000 196.567700 94 78 75
-1.609400 3.222100 196.523200 84 62 71
-1.609400 3.222100 196.530700 117 82 71
-1.609300 3.222000 196.544500 119 69 79
-1.609200 3.222000 196.542900 82 63 46
-1.609200 3.222100 196.532200 94 59 57
-1.609100 3.222000 196.533600 102 76 65
-1.609100 3.222000 196.535200 48 75 54
-1.608900 3.222000 196.536500 105 82 82
-1.608900 3.222000 196.545800 94 58 71
-1.608800 3.222000 196.538000 105 57 58
-1.608500 3.222000 196.547000 118 65 62
-1.608400 3.222000 196.548400 133 69 67
-1.606400 3.221500 196.629100 59 59 25
-1.604100 3.222700 196.555000 118 87 98
-1.600700 3.222300 196.628400 66 58 61
-1.599700 3.222200 196.629300 55 54 29
-1.596100 3.223000 196.628500 70 60 46
-1.591200 3.223700 196.628300 49 50 31
-1.587900 3.224900 196.470200 62 101 84
-1.587800 3.224400 196.627600 62 54 67
-1.587800 3.224900 196.474500 74 84 53
-1.587600 3.224700 196.520200 82 80 66
-1.587600 3.224900 196.475900 77 81 78
-1.587500 3.224700 196.532200 111 57 74
-1.587400 3.224700 196.523100 94 80 75
-1.587400 3.224800 196.478700 115 90 67
-1.587400 3.224900 196.468500 125 82 88
-1.587300 3.224800 196.471300 81 102 94
-1.587200 3.224700 196.521500 91 81 59
-1.587200 3.224800 196.480000 100 85 80
-1.587200 3.224900 196.466900 93 68 66
-1.587000 3.224300 196.628600 60 54 60
-1.586900 3.224800 196.472500 104 75 75
-1.586800 3.224800 196.476900 124 73 66
-1.586700 3.224800 196.465100 87 73 56
-1.586000 3.224500 196.546400 84 81 51
-1.585700 3.225300 196.607000 98 71 61
-1.585700 3.225300 196.608600 111 66 67
-1.585600 3.225400 196.599000 116 77 78
-1.585500 3.225300 196.600500 81 54 42
-1.585300 3.225300 196.609800 80 78 27
-1.585200 3.225300 196.612900 97 60 59
-1.585100 3.225200 196.614500 110 57 59
-1.585100 3.225300 196.611300 85 69 41
-1.585000 3.225300 196.604900 107 68 58
-1.584800 3.225300 196.596900 101 66 46
-1.584800 3.225300 196.601600 82 59 42
-1.584800 3.225300 196.603200 120 72 65
-1.584700 3.225200 196.615800 86 53 46
-1.584600 3.225200 196.619000 86 48 42
-1.584500 3.225200 196.620500 63 66 35
-1.584400 3.225200 196.617200 100 67 56
-1.584300 3.225200 196.595000 66 62 54
-1.584300 3.225300 196.588600 101 82 62
-1.584200 3.225200 196.593300 74 84 63
-1.584100 3.225500 196.494300 121 66 86
-1.583900 3.225200 196.580500 65 67 80
-1.583900 3.225300 196.572800 100 82 54
-1.583900 3.225500 196.492800 117 85 82
-1.583800 3.225200 196.589900 75 82 57
-1.583700 3.225100 196.621500 41 60 51
-1.583700 3.225200 196.586700 63 61 37
-1.583700 3.225200 196.591300 99 57 47
-1.583600 3.225100 196.623100 86 63 65
-1.583600 3.225300 196.561800 102 93 82
-1.583600 3.225500 196.499900 116 91 99
-1.583500 3.225100 196.624600 80 50 53
-1.583500 3.225200 196.571000 98 78 63
-1.583500 3.225200 196.574100 81 77 61
-1.583500 3.225300 196.547900 113 75 72
-1.583500 3.225300 196.560200 101 78 67
-1.583400 3.225300 196.558500 118 83 67
-1.583400 3.225500 196.501300 118 73 94
-1.583300 3.225200 196.575500 77 81 77
-1.583300 3.225200 196.577000 98 66 63
-1.583300 3.225200 196.578600 109 58 99
-1.583300 3.225200 196.581700 91 81 70
-1.583300 3.225300 196.549300 120 68 61
-1.583300 3.225300 196.557000 99 71 59
-1.583300 3.225300 196.563100 76 47 79
-1.583300 3.225500 196.495300 117 94 57
-1.583300 3.225500 196.498200 104 74 66
-1.583300 3.225500 196.502700 99 80 85
-1.583200 3.225200 196.569200 112 72 63
-1.583100 3.225100 196.625900 75 61 63
-1.583100 3.225200 196.564500 90 65 71
-1.583100 3.225200 196.566100 117 77 56
-1.583100 3.225200 196.584700 111 85 68
-1.583100 3.225500 196.490800 124 102 89
-1.583100 3.225500 196.496600 106 85 68
-1.583000 3.225200 196.567600 119 60 58
-1.583000 3.225300 196.546100 110 72 74
-1.582900 3.225100 196.627400 75 73 57
-1.582900 3.225300 196.550600 116 69 62
-1.582900 3.225300 196.555200 116 70 86
-1.582900 3.225400 196.504000 81 65 70
-1.582900 3.225400 196.517300 110 93 89
-1.582900 3.225500 196.489200 74 80 68
-1.582800 3.225200 196.582900 102 64 41
-1.582700 3.225300 196.542800 102 71 84
-1.582700 3.225300 196.544400 95 80 74
-1.582700 3.225500 196.487600 82 69 62
-1.582600 3.225000 196.628800 42 58 34
-1.582600 3.225300 196.527700 120 88 86
-1.582600 3.225300 196.533700 92 100 77
-1.582600 3.225300 196.535200 86 83 62
-1.582600 3.225300 196.541200 117 92 99
-1.582600 3.225400 196.486000 111 76 64
-1.582600 3.225500 196.477300 85 85 78
-1.582500 3.225300 196.523100 91 85 65
-1.582500 3.225300 196.524600 116 85 99
-1.582500 3.225300 196.526100 99 69 55
-1.582500 3.225300 196.532100 102 67 73
-1.582500 3.225300 196.536700 68 68 25
-1.582500 3.225300 196.538200 115 94 64
-1.582500 3.225300 196.539700 100 100 64
-1.582500 3.225400 196.508100 115 76 84
-1.582500 3.225400 196.509600 107 88 73
-1.582500 3.225500 196.478700 74 72 51
-1.582500 3.225500 196.480200 108 70 69
-1.582300 3.225300 196.518500 118 82 82
-1.582300 3.225400 196.481500 99 86 57
-1.582200 3.225200 196.551700 116 92 70
-1.582200 3.225300 196.515400 109 72 72
-1.582200 3.225400 196.484400 105 75 69
-1.582200 3.225400 196.510900 112 85 85
-1.674100 3.211400 196.632300 5 6 2
-1.674000 3.192900 196.634800 33 25 29
-1.673800 3.212600 196.630600 31 8 22
-1.673400 3.212600 196.631900 35 16 23
-1.673200 3.211400 196.633400 23 17 24
-1.672500 3.212500 196.633000 20 7 15
-1.672300 3.213700 196.629600 29 15 2
-1.672200 3.184900 196.634900 6 15 2
-1.672200 3.213700 196.631200 37 17 20
-1.671500 3.212500 196.633900 25 14 16
-1.671500 3.213600 196.632300 24 14 16
-1.670200 3.213600 196.633200 31 16 20
-1.669600 3.212300 196.634300 37 24 16
-1.668600 3.213500 196.633700 32 16 8
-1.668200 3.211000 196.635000 14 12 10
-1.667200 3.214500 196.629500 34 28 25
-1.667000 3.213300 196.634300 14 8 0
-1.666500 3.214500 196.630700 29 16 18
-1.666000 3.214400 196.632000 46 22 15
-1.665200 3.214400 196.633100 43 23 8
-1.664800 3.213200 196.634400 31 12 10
-1.663900 3.214300 196.633900 52 15 15
-1.662200 3.214200 196.634400 32 14 8
-1.660700 3.215300 196.630100 54 31 13
-1.660100 3.215200 196.631300 72 26 27
-1.659500 3.214000 196.634200 46 28 24
-1.659400 3.215200 196.632500 43 19 18
-1.657700 3.215000 196.633000 23 31 16
-1.656000 3.214900 196.633500 42 18 18
-1.655000 3.216000 196.629600 50 30 28
-1.653900 3.214800 196.633700 29 16 20
-1.653900 3.215900 196.630400 28 28 25
-1.653200 3.215900 196.631600 77 12 56
-1.652300 3.215800 196.632700 41 25 31
-1.651800 3.214600 196.633900 34 19 7
-1.650800 3.215700 196.633300 15 27 4
-1.650000 3.214500 196.634300 17 25 12
-1.648400 3.215600 196.633200 27 36 20
-1.647700 3.216700 196.629600 38 28 28
-1.646700 3.216600 196.630500 43 44 36
-1.646200 3.215400 196.633500 28 30 14
-1.645400 3.216500 196.631300 47 42 27
-1.644400 3.216400 196.632200 31 34 15
-1.643700 3.216400 196.633400 38 37 17
-1.642300 3.216300 196.634200 52 35 23
-1.641700 3.217400 196.630500 43 34 27
-1.640700 3.217300 196.631400 43 41 24
-1.640300 3.216100 196.634300 65 21 15
-1.639600 3.217200 196.632300 56 35 23
-1.638200 3.217100 196.633000 62 41 4
-1.638000 3.215900 196.634400 15 29 30
-1.635900 3.216900 196.633000 18 35 7
-1.635900 3.218000 196.629800 58 41 34
-1.634600 3.217900 196.630600 54 40 28
-1.633800 3.216800 196.633200 32 36 11
-1.632900 3.217800 196.631000 28 37 24
-1.632300 3.216700 196.633800 56 30 33
-1.631700 3.217700 196.631900 50 45 39
-1.630600 3.217600 196.632600 53 25 22
-1.630400 3.216600 196.634100 42 30 22
-1.629300 3.218700 196.630200 57 34 28
-1.628100 3.218600 196.631100 72 35 28
-1.627500 3.217400 196.633800 42 28 15
-1.626600 3.218500 196.631600 74 36 27
-1.625900 3.217300 196.634300 44 33 13
-1.625300 3.218400 196.632300 59 35 27
-1.624200 3.218300 196.633200 44 32 42
-1.624000 3.217200 196.634600 48 22 16
-1.622700 3.218200 196.633800 40 36 21
-1.621600 3.219300 196.629900 70 50 57
-1.621200 3.218100 196.634300 43 34 30
-1.620500 3.219200 196.630700 47 42 42
-1.619700 3.219200 196.631800 48 43 28
-1.619200 3.217900 196.634600 41 28 22
-1.619000 3.219100 196.632900 46 35 32
-1.618000 3.219000 196.633900 54 37 42
-1.616200 3.218900 196.634200 36 27 37
-1.614800 3.220000 196.630100 63 48 45
-1.614300 3.220000 196.631300 66 48 48
-1.614000 3.218700 196.634300 41 36 32
-1.614000 3.219900 196.632700 76 42 57
-1.612400 3.219800 196.633200 47 35 29
-1.612100 3.218600 196.634600 23 20 15
-1.610600 3.219600 196.633600 48 44 30
-1.610500 3.220700 196.630300 70 54 33
-1.609400 3.220700 196.631200 60 49 17
-1.609300 3.219600 196.634300 49 46 23
-1.608500 3.220600 196.632200 52 49 34
-1.607600 3.220600 196.633200 60 62 32
-1.607300 3.219400 196.634500 61 46 29
-1.606200 3.220400 196.633800 49 43 21
-1.605300 3.219300 196.634700 44 32 28
-1.605100 3.221500 196.629900 53 51 39
-1.604400 3.220300 196.634200 68 50 45
-1.603800 3.221300 196.630600 67 54 43
-1.603400 3.221300 196.631900 58 61 34
-1.602400 3.220100 196.634300 62 42 27
-1.602000 3.221200 196.632500 81 55 47
-1.600300 3.221100 196.632900 56 35 31
-1.599100 3.221000 196.633700 75 38 35
-1.599000 3.222100 196.630500 85 54 43
-1.597500 3.220900 196.634200 48 33 27
-1.596800 3.222000 196.632200 61 48 44
-1.595500 3.221800 196.632900 68 63 49
-1.595300 3.222900 196.629500 81 58 77
-1.594300 3.221800 196.633600 43 38 37
-1.594200 3.222800 196.630400 82 56 40
-1.593400 3.222700 196.631400 94 66 62
-1.592700 3.222700 196.632600 93 55 69
-1.592400 3.221600 196.633900 60 44 61
-1.591000 3.223700 196.629800 76 50 67
-1.590700 3.222500 196.632800 110 61 83
-1.590100 3.223600 196.630800 72 46 61
-1.588300 3.223400 196.631100 62 43 54
-1.587400 3.223400 196.632000 53 61 53
-1.587300 3.222300 196.633600 77 62 40
-1.586300 3.223300 196.632900 63 58 35
-1.586100 3.224300 196.629600 62 64 67
-1.585300 3.224200 196.630600 45 55 61
-1.585200 3.222100 196.633700 51 59 30
-1.584300 3.214300 196.634200 57 57 44
-1.584300 3.216500 196.634300 41 40 32
-1.584300 3.223100 196.633100 78 70 39
-1.584200 3.215400 196.634200 50 52 43
-1.584100 3.217700 196.634300 50 36 35
-1.583700 3.224100 196.631100 48 45 35
-1.583500 3.218700 196.633900 66 42 48
-1.583300 3.219800 196.633800 58 31 31
-1.583100 3.220900 196.633700 47 49 46
-1.582900 3.207700 196.634500 86 46 34
-1.582800 3.205400 196.634300 93 56 20
-1.582800 3.206500 196.634300 55 44 17
-1.582800 3.208700 196.634400 91 48 51
-1.582700 3.211000 196.634500 74 54 58
-1.582600 3.209900 196.634400 70 50 58
-1.582600 3.213100 196.634500 41 42 21
-1.582500 3.221900 196.633300 28 42 35
-1.582400 3.214200 196.634400 60 52 37
-1.582200 3.187200 196.634000 83 86 99
-1.582200 3.188000 196.634600 112 57 102
-1.582200 3.212000 196.634200 69 66 51
-1.582200 3.216400 196.634400 50 43 40
-1.582200 3.224000 196.631700 81 59 38
-1.582000 3.187000 196.634400 71 94 81
-1.582000 3.189000 196.634500 110 75 99
-1.581900 3.185800 196.634300 68 81 45
-1.581800 3.188200 196.633800 115 67 107
-1.581800 3.189300 196.633900 107 72 83
-1.581800 3.194800 196.634600 119 73 69
-1.581700 3.190000 196.634400 93 73 69
-1.581700 3.191900 196.634400 73 67 56
-1.581600 3.198900 196.634700 82 75 69
-1.581300 3.192700 196.634200 101 75 78
-1.581300 3.197900 196.634400 83 48 47
-1.581200 3.193700 196.634200 115 68 66
-1.581200 3.195700 196.634300 92 63 57
-1.581200 3.196800 196.634300 87 56 58
-1.581100 3.190900 196.634000 85 76 61
-1.581100 3.199900 196.634400 70 41 57
-1.581100 3.202000 196.634500 92 45 62
-1.581000 3.200900 196.634400 90 33 65
-1.580800 3.203100 196.634300 68 49 43
-1.580800 3.204200 196.634400 50 57 28
-1.580800 3.206400 196.634500 40 41 25
-1.580600 3.181500 196.634800 68 81 34
-1.580400 3.181800 196.634200 94 97 48
-1.580300 3.180800 196.634000 107 87 72
-1.580300 3.182800 196.634100 83 82 64
-1.580200 3.182600 196.634600 71 92 50
-1.579100 3.170600 196.635000 126 62 93
-1.579000 3.169300 196.634300 127 103 94
-1.579000 3.171700 196.634900 109 64 89
-1.578900 3.169500 196.634800 130 98 87
-1.578900 3.172800 196.634900 98 72 55
-1.578800 3.165100 196.634000 93 118 111
-1.578800 3.167200 196.634100 108 110 92
-1.578800 3.168500 196.634700 125 108 106
-1.578800 3.174500 196.634300 118 72 68
-1.578700 3.166100 196.634000 93 111 98
-1.578700 3.168300 196.634000 130 117 112
-1.578700 3.171400 196.634200 128 78 107
-1.578700 3.173400 196.634200 103 68 39
-1.578600 3.172400 196.634100 101 74 66
-1.578600 3.173900 196.634700 106 62 48
-1.578600 3.177600 196.634300 96 74 56
-1.578500 3.175600 196.634200 123 69 81
-1.578400 3.176100 196.634600 116 94 100
-1.578200 3.176500 196.633900 126 78 81
-1.578200 3.177100 196.634500 86 66 61
-1.578200 3.178600 196.634100 83 74 64
